ids,ocr_text
image_tamil_0001.jpg,அட பிக்காலிப்பயலுகளா். oo ROFLPHOTOS.COM LOA
image_tamil_0002.jpg,எதா சம்பவம் நடந்திருக்கும்போல்.. ROFLPHOTOS.COM
image_tamil_0003.jpg,இதுவரை நான் யார் வம்பு தும்புக்கும் போனதில்லை.. நான் உண்டு என் வேலையுண்டுன்னு இருக்கேன்.. ROFLPHOTOS.COM
image_tamil_0004.jpg,அடிச்சதே போாலீஸ்தானம் சீத்தப்பு தயிம் EMEES.IN
image_tamil_0005.jpg,Eating mutton! Happy Sunday! ROFLPHOTOS.COM
image_tamil_0006.jpg,Gகாசம் அூககி வாசிஙிக!
image_tamil_0007.jpg,அப்போ. நாங்கலாம் என்ன மானம் கட்டவங்களர -?
image_tamil_0008.jpg,மூக்கு பயrடப்uாr இருந்தா் இப்படி யல்லாம் யேோசீக்க தோுணும். roflphotos.com
image_tamil_0009.jpg,ீல உந்தி பச்சிட்ு சா். bbo 
image_tamil_0010.jpg,இங்கபாரு எல்லை மீறி போய்க்கிட்டு இருக்க.. சொன்னா கேளு இத்தோட நிறுத்திக்கோ. ROFLPHOTOS.COM
image_tamil_0011.jpg,உன்னையல்லைாொம் பிரண்ட்டா வெச்சிருக்கேன் பாரு… C Roflphotos.com
image_tamil_0012.jpg,எல்லாம் உன்னால் வர்றது 50 வயசுக்கு மல உனக்ச FACEBOOK தேவையா்… roflphotos.com
image_tamil_0013.jpg,ஏபுள்ள மாமனுக்கு ஒரு முத்தம் தர்றது. . ROFLPHOTOS.COM என்ன சான்ன. . qq சரியா காதுல் படுகல்
image_tamil_0014.jpg,எத்தனை நடுராத்திரில நான் வீட்டுக்கு போகும்போது கடிக்குறதுக்கு விரட்டியிருப்பீங்க.. A roflphotos.com * Me * Area Dogs இன்னைக்கு இந்த Bற் ah போட்டு உங்களை கொல்றேன் பாரு.
image_tamil_0015.jpg,தேர்தல் ரீசல்ட். எல்லாம் முடிஞ்சீட்டு இன் நம்ம பாழப்பபார்ப்போம் உழைச்சாதான் சாறு C ROFLPHOTOS.COM
image_tamil_0016.jpg,அப்பளம் வித்த்துக்கு பதிலா அப்போலோவுல இட்லி வித்திருந்தா இந்நேோம் நாம அம்பானி ரேஞ்சுக்குபோயிருப்போம்… C ROFLPHOTOS:COM
image_tamil_0017.jpg,ROFLPHOTOS.COM
image_tamil_0018.jpg,இன்னுமாடா இதுயல்லாம் நம்பிக்கிட்டு இருக்கீங்க ROFLPHOTOS.COM
image_tamil_0019.jpg,TAG THAT INNOCENT FRIEND roflphotos.
image_tamil_0020.jpg,இ51 தகந்தrத இஜலமம்..
image_tamil_0021.jpg,இது நமக்குதோணாம போச்சே. roflphotos.cor
image_tamil_0022.jpg,கடந்த 2 மாதங்களாக ஒவ்வொரு நாளும் என்து கன்வில் கருண்ாநிதி வருகிறார் வேகோ பேட்ட் கருணாநிதி வகா roflphotos.com
image_tamil_0023.jpg,என்னடா கேட்ட..??
image_tamil_0024.jpg,ஐயா அம்மாபேயி.. ROFLPHOTOS.COM
image_tamil_0025.jpg,இந்த லொள்ன தொனே பேணாம்ங்குறது roflphotos.com
image_tamil_0026.jpg,தெரியுது நீ மூடு.. ROFLPHOTOS.COM
image_tamil_0027.jpg,டேய் எனக்கு வெறி வர்றதுக்குள்ள இங்கிருந்து போய்டுடோ.. A ROFLPHOTOS.COM
image_tamil_0028.jpg,இப்பல்லாம் நல்லதுக்கே காலமில்ல.. roflphotos.com
image_tamil_0029.jpg,குட் மார்னிங்
image_tamil_0030.jpg,டேய் பெர்பாமேண்ஸ் பண்ண விடுடோ.… OR COTS THE GR SHOW rofiphotos.com
image_tamil_0031.jpg,அவ்வ்ல்ல்வ். ROFLPHOTOS.COM
image_tamil_0032.jpg,மனைச் தேத்திக்கோங்க பாஸ்.. roflphotos.com
image_tamil_0033.jpg,என்கிட்ட சொன்ன அதேபொய்.. ROFLPHOTOS.COM
image_tamil_0034.jpg,உங்களுூக்கெல்லாம்வெட்கமா இல்ல..?? roflphotos.com
image_tamil_0035.jpg,இன்னமும் சம்பளம் போடாமஇருக்காங்களே… C ROFLPHOTOS.COM
image_tamil_0036.jpg,கொய்யாலேநீஎன் கயால் தான்டரமர்டர் ஆகப்போற.. ROFLPHOTOS.COM
image_tamil_0037.jpg,நாரப்பயலுங்களா! நன்னாரிப்பய லுங்களா! ROFLPHOTOS.COM
image_tamil_0038.jpg,என்ன பீலிங்கா?? இல்ல பீலிங்கான்னு கேக்குறேன்…
image_tamil_0039.jpg,இதல்லொம் நாம வசந்த் மாளிகையிலையே பார்த்தாச்சு!
image_tamil_0040.jpg,இன்னைக்கு ஒரே வெட்டு  ரெண்டா பொளந்துடுறேன்.. ROFLPHOTOS.COM
image_tamil_0041.jpg,இன்னிக்கி திங்கட்கிழமையா! இனி ஆறு நாள் வேலைக்கு போகணும்னு நினைச்சாலே மண்டை எல்லாம் பிச்சிக்குதே C ROFLPHOTOS.COM
image_tamil_0042.jpg,பாஸ் 6ந்த் LIT ந1க 2
image_tamil_0043.jpg,கலலை கும்ப்டுரானுங்க மதீயம் தீட்ரானுங்க…. #கரியள் CC
image_tamil_0044.jpg,ஹிவி் நான் நெனச்சேன் நீங்க சொல்ட் ங்க.. roflphotos.com
image_tamil_0045.jpg,கூூலிங் கிளாச பாட்டா உன் மனசுல் பெரிய அஜித்குமொர்னுநெனப்போ கழட்டுடா! EMC BLDn
image_tamil_0046.jpg,வெசம் வெசம் அம்புட்டும்வெசம் பயபுள்ளைக்கு. roflphotos.com
image_tamil_0047.jpg,செல்ப் எருக்கும்போது ஆண்கள்ீன் ரீயாகூஷன் ! :P
image_tamil_0048.jpg,இந்த் யாசனை எனக்கு சோணாம் Cபோச்ச.: ROFLPHOTOS.COM
image_tamil_0049.jpg,இதுவரைக்கும் எல்லாமே நல்லாத்தான் போயிக்கிட்டு இருக்கு. ROFLPHOTOS.COM
image_tamil_0050.jpg,ஆy மraம் Newly married
image_tamil_0051.jpg,இன்னும் தூா ங்காம என்ன பண் ணிகிட்டு இருக்கீங்கறப C ROFLPHOTOS.COM
image_tamil_0052.jpg,இத்த யல் எங்கயா பாத்த மாதீர் இருக்கே.. C
image_tamil_0053.jpg,டேய் டேய் என்கிட்ட சீரியஸா பேசாதிங்கடா அப்புறம் எனக்கே சிரிப்பு வந்துடும்
image_tamil_0054.jpg,New Year Night Celebration What People Think I Do roflphotos com What IActually Do
image_tamil_0055.jpg,தமிழிசை அண்ட் ராஜா போத் பிளைட் பேஸ்கெட் பால் இன் மை லைப்.. ROFLPHOTOS.COM தமிழ்க பாஜக ரகிதாள்
image_tamil_0056.jpg,"நம் அப்படியே களைேம்பிருவோம் அதான் நமக்கு, நல்லது… roflphotos.com"
image_tamil_0057.jpg,கோவப்படாதீங்கண்ண. . . ROFLPHOTOS.COM
image_tamil_0058.jpg,roflphotos.com
image_tamil_0059.jpg,கமிட்டேடா இருக்கிறது தப்பில்லை ஆனா கமிட்டேட் ஆனவங்க சிங்கிள்ஸ்ன்னு சொல்லிக்கிடடு இருக்கிறது தான் தப்பு… L ROFLPHOTOS.COM
image_tamil_0060.jpg,சாம் பளம் வேற இன்னும் போடலைேயே! கி றி ஸ் து ம ஸ்க்கு தோழிக்கு எதாச்சும் கிப்ட்வொங்கி கெ டுக்க்னுமெண A
image_tamil_0061.jpg,வாழ்க்கைன்னா சில அடிகள் விழத்தான்செய்யும்…. ROFLPHOTOS.COM
image_tamil_0062.jpg,நீங்கசொன்னா சரியாதான் இருக்கும்.ஹிஹி.5 ROFLPHOTOS.COM
image_tamil_0063.jpg,ரொம்ப பயங்கரமான பிரபலமா இருப்பாரோ…. roflphotos.com
image_tamil_0064.jpg,போதும் இத்தோட நிப்பாட்டு.. என்னால் முடியல் roflphotos com
image_tamil_0065.jpg,நான் ஏழாவது பாசுங்க! நீங்க SSLCபெயிலுங்க! 26 ROFLPHOTOS.COM
image_tamil_0066.jpg,பூனை இைச்சா எல் லவ்பண்ண கூப்ப்டுமாம்….: . அந்த மாதீர். இருக்கு இது C
image_tamil_0067.jpg,இத்தா உங்கடலையாட் இத்த கடலையைம் பேு 00 CC ROFIPHOTOS.COM
image_tamil_0068.jpg,Drofiphotos.com குழந்தைகள் தினத்தை முன்னிட்டுஅண்ணன் இப்போஎல்லோருக்கும் ரூ 200 கொடுப்பாரு.. roflphotos.com
image_tamil_0069.jpg,படிக்காதவன்பேப்பர்லகைநாட்டு வெக்குறான்.. படிச்சவன்போன்ல் கநாட்டு வெக்குறான். அவ்ளோ தான் வித்தியாசம் ROFLPHOTOS.COM
image_tamil_0070.jpg,டேய்மெல்லமெல்ல..ஏன்னாதீபாவளி முடிய இன்னும் ஒன்றரூை வருசம் இருக்கு பாரு.. Me வேகமா வெடிச்ச் தொலைடா.. பரதேசி்.. கருமம்கருமம் roflphotos.com பட்டாக்
image_tamil_0071.jpg,என்னயாவது உருப்பட விடுங்க டா.… roflphotos.com
image_tamil_0072.jpg,நானும் எவ்வளவு நாளைக்கு தான் குட்மார்னிங் குட்நைட்டுன்னு மெசேஜ் அனுப்பிகிட்டு இருக்குறது… &C
image_tamil_0073.jpg,இதையல்லாம் பாக்கக்கூடாதுன்னு தான் ஆன்லைன் வராம இருந்தேன்.. ROFLPHOTOS.COM
image_tamil_0074.jpg,This is a small status about me..o
image_tamil_0075.jpg,அந்த குரூப் போயிடடாங்களா..?? roflphotos.com
image_tamil_0076.jpg,ரொம்ப வருத்தப்பட வபேண்டிய ர்சயம் தான. roflphotos.com
image_tamil_0077.jpg,இங்கபாருஎல்லாமே தெரியாம் நடுந்திருச்சி சொன்னர் கேளு.. ROFLPHOTOS.COM
image_tamil_0078.jpg,இன்னாரு தடவை இந்த மாதிரி போஸ்ட் போட்ட..
image_tamil_0079.jpg,கமெண்ட் போடலோமா..வேண்டோமா.. ROFLPHOTOS.COM
image_tamil_0080.jpg,ஹிஹிஹி
image_tamil_0081.jpg,பேச்சு பேச்சாத்தான் இருக்கணும்… C ROFLPHOTOS.COM
image_tamil_0082.jpg,ஐயா ராமா என்னை ஏன் இந்தமாதிரி கழிசடை பசங்களோடல்லோம்கூட்டு ேசர வெக்குற..
image_tamil_0083.jpg,தெரியாம் ரெக்வெஸ்ட் கொடுத்துட்டேண்டா விட்ருடா..
image_tamil_0084.jpg,நடிக்காத.  ROFLPHOTOS.COM
image_tamil_0085.jpg,ஏனயா வயப்த்தெரிச்சல் படிச்ச்ி அலயற்ங்க.. ROFLPHOTOS.COM
image_tamil_0086.jpg,இந்த மாதிரி ஏதாவது சொல்லி நாமவே மாட்டிகிறோம்… EC ROFLPHOTOS.COM
image_tamil_0087.jpg,இனிமே பல் வெளக்கொம சுட் மொர்னிங் ஸ்டட்டஸ் போரவி்யா.. ?? rofiphotos.com
image_tamil_0088.jpg,என் கைதயில நான் வில்லன்டா..  ROFLPHOTOS.COM
image_tamil_0089.jpg,உஸ்ஸ்ஸ்ஸ்
image_tamil_0090.jpg,
image_tamil_0091.jpg,விட்ருங்கடாஎன்னய..  #KKR ROFLPHOTOS.COM #CSK #SRH #RCB
image_tamil_0092.jpg,என்னம்மா இப்படிபண்றீங்களேம்மா.. ROFLPHOTOS.COM
image_tamil_0093.jpg,இந்தபொழப்புக்கு… ROFLPHOTOS.COM
image_tamil_0094.jpg,Watching result on online The is -loading server-
image_tamil_0095.jpg,எனனயை கலாய்ச்சிட்டாராமாம்  
image_tamil_0096.jpg,இது என்ன புது வியாதியா இருக்கு நாம சரியா படிக்காம வுந்துட்டமோ.. roflphotos.com
image_tamil_0097.jpg,தினமும் தலைக்கு குளிக்குறர்பேோ கருப்பு முட மடடும் தான் கொட்டுது. இந்த வெளி்ளை முடி அய்படியே இருக்க… யாராவதசெய்வினை செஞ்சுடடொனுங்களைா??? roflphotos.com
image_tamil_0098.jpg,A ROFLPHOTOS.COM
image_tamil_0099.jpg,இது உச்சகட்ட அவமானம்.
image_tamil_0100.jpg,எங்கிருந்து தான் வர்றாங்களேோ. . A
image_tamil_0101.jpg,இதோ! இவன் தான் நான் நாசமா போனதுக்கு காரணம். A ROFLPHOTOS.COM
image_tamil_0102.jpg,Childhood Memories OOO
image_tamil_0103.jpg,பாதும் இத்தோட நிறத்திக்க. .
image_tamil_0104.jpg,roflphotos.com
image_tamil_0105.jpg,போதும்டா  ஒட்டுனது.. ரீல் அந்துப்போச்சி… roflphotos.com
image_tamil_0106.jpg,கருத்து… . அருமையான ROFLPHOTOS.COM
image_tamil_0107.jpg,வீட்டுலே ஒருவேலையும் செய்யறதில்லை! ஃ:.பேஸ்புக்ல வந்து அடுத்தவங்களுக்கு அட்வைஸ் பண்ணவேண்டியது…. CC ROFLPHOTOS.COM
image_tamil_0108.jpg,இதாட நிறுத்திக்க! இதெல்லாம் கவிதைன்னுசொல்லாதிங்க நான் அழுதுருவேன் 2o6 
image_tamil_0109.jpg,ஏங்கதலக்கு எவ்ளோ தில்லைு பாத்தியா..?? கமிம்
image_tamil_0110.jpg, ROFLPHOTOS.COM
image_tamil_0111.jpg,இவனுங்க இம்சை தாங்க முடியல் roflphotos.com
image_tamil_0112.jpg,என்னாச்சி ?
image_tamil_0113.jpg,உஸ்ஸ்ஸ்ஸ் ROFLPHOTOS.COM
image_tamil_0114.jpg,GOOD NIGHT FRIENDS!
image_tamil_0115.jpg,இந்து கொர ம்ய எங்க் uோuி சால்லூை வேன். roflphotos.com
image_tamil_0116.jpg,ஓ@... கரல் வீத்தயா . . Gpp
image_tamil_0117.jpg,"ஆரம்பத்துல இருந்தேராங்கா போயிக்கிட்டு இருக்கு , ரணரணமா ஆயிரும்…"
image_tamil_0118.jpg,நான்தர்யாமதான் கேக்குறேன்.நீ க மண்ட் பண்ணவந்தீயா?இல்ல் கலவரம் பண்ண் வந்தீயா? r
image_tamil_0119.jpg,ஐய்யோ! செம் காமெடி!!! EMEES
image_tamil_0120.jpg,உவங்க என்னதான் சொன்னாலூம் பேரன்ஸ்ச கோலேஜு க்கு கூட்டிகிட்ரு பரவே க்டோதி C BLமி்
image_tamil_0121.jpg,தம்பிக்கு அனுபவம் ஜாஸ்தி போல! oOU roflphotos.com TH
image_tamil_0122.jpg,உங்களைத்தான்இப்பிடிகழுவிகழுவி ஊத்துறாங்க. நீங்க என்னடான்னா கண்டுக்காம போறீங்க… roflphotos.com
image_tamil_0123.jpg,ஆள்மூஞ்சிய பாரு திருவிீழால் காணரம் போன ஆடுமாதிர்..
image_tamil_0124.jpg,என் கைல மட்டும் நீ இப்ப சிக்குன் சின்னாபின்னமாகிடுவ தெரிஞ்சிக்கோ. ROFLPHOTOS.COM
image_tamil_0125.jpg,அவனவன்எடுக்குற முடிவு நமக்கு சாதகமர தான்யர இருக்கு. roflphotos.com
image_tamil_0126.jpg,அங்கு என்ன தெரிகிறது..?? ROFLPHOTOS.COM
image_tamil_0127.jpg,இந்தா எட்டணா வாங்கிட்டு ஒடிபோயிரு… roflphotos.com
image_tamil_0128.jpg,இப்போ பீல் பண்ண் என்ன பீரயாஜணம்
image_tamil_0129.jpg,புள்ள பூச்சிக்கெல்லாம் கொடுக்கு முளைக்கும்ன்ன. நான் என்ன கனவா கண்டேன்…. roflphotos.com
image_tamil_0130.jpg,மணடயபாளந்சருவபன்.
image_tamil_0131.jpg,இதுக்கெல்லாம் யார் கொரணம் தெரியுமா... A ROFLPHOTOS.COM
image_tamil_0132.jpg,roflphotos.com
image_tamil_0133.jpg,எனக்கும் அந்த Postக்கும் எந்த சம்பந்தமும் இல்லைங்கய்யா என்னய விட்ருங்க.
image_tamil_0134.jpg,கூலிங் கிளாஸ் போாட்ட மங்கி மாதிரியே இருக்கு உன் டி.பி
image_tamil_0135.jpg,டேய் அவள நம்பாதடா…  CC ROFLPHOTOS.COM
image_tamil_0136.jpg,இத தான் அந்த போராளியும் சொன்னான்
image_tamil_0137.jpg,சிறந்க டோக்டைரை கதேர்ந்தே டுக்க நீட! சிறந்த ஆரகியல்வாதிகள தேர்ந்தெடுக்க ஏதாச்சும் கொண்டு வாங்க பார்க்கலாம் roflphotos.com
image_tamil_0138.jpg,எடு செருப்ை நாயே…
image_tamil_0139.jpg,கடைசியா சொல்றேன்ஒழுங்கா ஓ19 போயிரு.. ROFLPHOTOS.COM
image_tamil_0140.jpg,எந்த ஓரு விசயத்தையும் பிவான் பண்ணி பண்ணனும். ஒகேய்… roflphotos.com
image_tamil_0141.jpg,இப்படிபோஸ்ட் போட்டோ.. நாங்க பேோக வேண்டியதுதன் ROFLPHOTOS.COM
image_tamil_0142.jpg,குழந்தைகள் தினத்துக்கு நாம குழந்தையா இருக்குறு போட்டோவை DP aவெேக்கலாம்ன்னுூ பாத்தர் roflphotos.com அதுலடிரஸ் போடலையே அவ்வ்வ்
image_tamil_0143.jpg,"நாங்க யாரு தெரியும்ல, ஓடுற ரயிலை ஒத்த கல் ! நிப்பாட்டுனவங்க, அதுவும் லெப்ட்ஹறெண்டுல.. O ROFLPHOTOS.COM"
image_tamil_0144.jpg,மூஞ்சியும் மொகரையும். . roflphotos.com
image_tamil_0145.jpg,அஹறா இவன் வில்லங்கமான் ஆளாச்சே
image_tamil_0146.jpg,ஆகா! நம்ம லிஸ்ட்ல இல்லாதவங்க ஸ்டேட்டஸ் எல்லாம் நம்ம வால்ல காமிக்குதே F
image_tamil_0147.jpg,இம்புட்டுக்காண்டு வயசுலயே என்னர வேலை பாக்குது பாரு. ROFLPHOTOS.COM
image_tamil_0148.jpg,TAG THAT FRIEND roflphotos.com பிகரை பார்த்ததும்  ஒட னே வாய  தொறந்துடுவான்…
image_tamil_0149.jpg,பங்குபங்கு தங்கே பாரு உன் ஆூள் கவிதை பாட்ருக்கு eOe roflphotos.com
image_tamil_0150.jpg,நமக்குதெரியாமலேயே இவென் யாரையா லவ் பண்றான் போலிருக்கே.. roflphotos.com
image_tamil_0151.jpg,"நமக்கதுக்கு வம்பு தூங்குற மரதிறரிய,நடிப்போம் roflphotos.com"
image_tamil_0152.jpg, செய்யிற உதெவிக்குஎன்னகைமாறு பண்ணப்போறேன்னுதேரியல… roflphotos.com
image_tamil_0153.jpg,roflphotos.com
image_tamil_0154.jpg,என் சிங்கம் வந்துுயுச்சீ்டா. .. roflphotos.com
image_tamil_0155.jpg,WHEN I PASSED IN ALL EXAMS C4 ROFLPHOTOS HME #FRIEND எல்னடர் இதெல்லாொ்ம்
image_tamil_0156.jpg,இப்போ என்ன சொல்ல வர.. ROFLPHOTOS.COM
image_tamil_0157.jpg,அுவ்வ்வ்வ்வ்
image_tamil_0158.jpg,கவலைப்படாதீங்க தமிழ்நாட்சு மானத்த நான்தான் காப்பாத்து CபாCறன்...
image_tamil_0159.jpg,அடப்பான் D60T மாகரைய LடசT கூட பாக்கலைய roflphotos.com
image_tamil_0160.jpg,சரபஞப ர EMEES.IN
image_tamil_0161.jpg,ஆய் ப்ரெண்ட். நல்லா இருக்கீங்களரப்ரெண்ட்…?
image_tamil_0162.jpg,கம்பெனிசீக்ரட்டை வெளியசொல்லாதே roflphotos.com
image_tamil_0163.jpg,ராஜதந்திரங்கள் அனைத்தையும் கரைத்து குடித்திருக்கிறீர்கள் போங்கள்.. ROFLPHOTOS.COM
image_tamil_0164.jpg,நான் சின்னப்பையன்தானே ! என்ன மன்னிக்ககவடாதா ?
image_tamil_0165.jpg,profiphotos.com
image_tamil_0166.jpg,நம்புடா அம்பி! உப்புமா போஸ்ட் போட்டதோல் கிடைச்ச லேடஸ் பிரண்ட்ஸுங்கடாஅவங்க. நான் யாருக்கும் ரெக்வெஸ்டி அனுப்பலட. CG
image_tamil_0167.jpg,ரொம்ப சூடா இருப்பீங்க போல. வரங்களேன் ஒரு ஜிகிர்தண்டு சப்பிடலாம்.
image_tamil_0168.jpg,roflphotos.com
image_tamil_0169.jpg,பேசாம போறியா இல்ல மூஞ்சில் பொட்டுவெச்சிவிடவ ROFLPHOTOS.COM AVAN
image_tamil_0170.jpg,roflphotos.com
image_tamil_0171.jpg,WHEN SOMEONE PUTS TOO MANY STATUS FOR VIJAY BIRTHDAY ஹேப்பி பர்த்டே தளபதி.. ஹேப்பி பர்த்டே விஜய் அண்ணோ. ROFLPHOTOS.COM கொப்பன் மவனே.. ஒரு ஸ்டேட்டஸ்போட்டோ ஆகாதா. யார் பாக்குறானு இப்படி இத்தனை ஸ்டேடடஸ் போட்டுக்கிடடு இருக்க.. ROFLPHOTOS.COM
image_tamil_0172.jpg,யயநகரம இருக்கீங்க. uகக roflphotos.com
image_tamil_0173.jpg,ஒன்னுமே புரியல் உலகத்துல்.. ROFLPHOTOS.COM
image_tamil_0174.jpg,நான் மனசுல் நனச்சதை அப்படியே சொால்லிட்டங்க.. ROFLPHOTOS.COM
image_tamil_0175.jpg,கொஞ்சந்ஞ்ச பேச்சா பேசுன.. roflphotos.com
image_tamil_0176.jpg,Give Respect! Take Respect! 2C
image_tamil_0177.jpg,என்னய்யா பேசுறானே தவிரசெயல்ல ஒன்னுத்தையும் காட்ட மாட்டிங்கிறான்..
image_tamil_0178.jpg,இீந்த யாசனை நமக்கு ஏன் தரணல் 999
image_tamil_0179.jpg,ஞாயிற்றுகிழமை ஒரு நாளாவது நிம்மதியா துூங்கலாம்ன்னு பாத்தர அன்னைக்குன்னு பாத்து சீக்கிரமா முழிப்பு வந்துருது.. REAT a ROFLPHOTOS.COM GIC
image_tamil_0180.jpg,என் கோபத்து கிறாசிங்க் அப்புறம் குாங்க மாட்டிஙக. னத் தலை வட்டெ rofIphotos.com
image_tamil_0181.jpg,இந்தா களைம்பிட்டோம்ல் 2க்கு.. roflphotos.com
image_tamil_0182.jpg,உல்ளேோ நாாா் எஙகருரச செல்லம் P .-
image_tamil_0183.jpg,Ithellam oru page ah??
image_tamil_0184.jpg,இனீமேஇந்தமாதிர் போஸ்ட் போரவியா..?? போாரவி்யா..88 ROFLPHOTOS.COM
image_tamil_0185.jpg,இதெல்லாம் நல்லா இல்லை சால்லட்டண் rofiphotos.com
image_tamil_0186.jpg,பாசத்துல் நம்மள் மிஞ்சிடுவான் பேோலிருக்கே.
image_tamil_0187.jpg,கொய்யால்
image_tamil_0188.jpg,ஒேர் கவலை தான்… என்ன் செi்ய?? hnt
image_tamil_0189.jpg,நான்ஒன்னும் பாக்கலைங்க... ROFLPHOTOS.COM
image_tamil_0190.jpg,புது வருசம் பொறந்திடிச்சின்னு ரோம்பசுந்தோசப்படாதே… Me *My Life roflphotos.com அங்க நான் ரொம்ப உக்கிரமா இருப்பேன்
image_tamil_0191.jpg,எந்தப்பக்கம் போனாலும் அணை கட்டுறோங்களே…
image_tamil_0192.jpg,ஓலூா.. அப்படி போகுதா கது. . இருக்கட்ரும்இருக்கட்ரும்..
image_tamil_0193.jpg,என்ன சோனழுத்தா போச்சா..?? ROFLPHOTOS.COM
image_tamil_0194.jpg,கோவம் வர மாதிரி காமெடி பண்ணோதே ••• roflphotos.com
image_tamil_0195.jpg,ரொம்ப கலாய்ப்க்கி றாங்கள. roflphotos.com
image_tamil_0196.jpg,கமெண்ட்ல என்னைய எப்டியெல்லொம் திட்டினாங்க தெரியுமாக்கா.. . நான் ரத்த் ரத்தமா வர்ந்தி எடுத்தேன்க்கோ.. 
image_tamil_0197.jpg,நீங்கல்லாம் திருந்தவே மாடங்களாடா roflphotos.com
image_tamil_0198.jpg,யோவ்..என்னய்யா பேச்க்பேச்ற..?? என்ன பேச்ற.?? roflp
image_tamil_0199.jpg,B எதுக்கு சீரக்க்றன்னுதெர்யும்டா.. இு உன்னை வெச்ச்க்கீறேன் ..
image_tamil_0200.jpg,"இதையெல்லாம் புயல்காத்துல உக்காந்து எவனாவுது, பொறி சாப்பிடுவான் அவன்கிடட பேோயி சோல்லு.. roflphotos.com"
image_tamil_0201.jpg,இது உனக்கு தேவையா..??
image_tamil_0202.jpg,கல்யாணம் பண்ணிக்காதேன்னு ஆம்பளைங்க மட்டுமே சொல்றாங்க.. இந்தபொண்ணுங்க ஏன் அுப்பிடி சொல்ல மாட்டிகிறாங்க???
image_tamil_0203.jpg,பய்புள்ள என்ன சொல்ல  வருது.… roflphotos.com
image_tamil_0204.jpg,ROFLPHOTOS.COM
image_tamil_0205.jpg,AFTER REJECTED ON INTERVIEW C EHR #ME போடுர நீயும் உன் வேலையும்…
image_tamil_0206.jpg,நீ யாருன்னு எனக்குதெரியும். நான் யாருன்னு உனக்கு தெரியும்… நாம ரெண்டு பேரும் யாருங்கிறது இந்த ருக்கே தெரியும்.. ROFLPHOTOS.COM
image_tamil_0207.jpg,அL போயா இருக்குற பிரச்சினைலை இது வேற ROFLPHOTOS.COM
image_tamil_0208.jpg,இதெல்லாம்  ஒவெர்  லொள்ளு.. rofiphotos.com
image_tamil_0209.jpg,அந்த பரதேசி மட்டும் என் கையிலை  கடைச்சான்… hoto 0m1
image_tamil_0210.jpg,rofiphotos.com
image_tamil_0211.jpg,என்ன பாத்து ஏன்டா அந்து கேன்வ் கட்ட?? Google
image_tamil_0212.jpg,என்ன நம்மைபேரை TAட பண்ணிருக்காோங்க.  roflphotos.com
image_tamil_0213.jpg,வற எதாவது கேள்வ் இருக்கா.. ?? ROFLPHOTOS.COM
image_tamil_0214.jpg,ROFLPHOTOS.COM
image_tamil_0215.jpg,டா? அதே தான்! அதான
image_tamil_0216.jpg,என்னாடா மெொரப்பு... roflphotos.com
image_tamil_0217.jpg,96 பரிதாபங்கள் roflphotos.com காமாட்சி..!! என்னங்க.!!! roflphotos.com
image_tamil_0218.jpg,எனகச் D னமேல் தான சந்தேகம்.. ROFLPHOTOS.COM
image_tamil_0219.jpg,எனக்கு அப்படியே ரெண்டு நிமிஷம் தலேய சுத்திரிச்கு… roflphotos.com
image_tamil_0220.jpg,தானம் எவ்வணவு தேரம்தான் வல்ீக்கோத மாதீரீயே நடிப்பேன்…
image_tamil_0221.jpg,ரைட்டு சைத்தான்சைக்கிள்ல  வருது.… க60600 IL'L6 roflphotos.com
image_tamil_0222.jpg,நான்எதுக்குய்யா நைட் 12 மணிக்கு சுடுகாட்டுக்கு பேோகணும்??? L ROFLPHOTOS.COM
image_tamil_0223.jpg,எல்லாம் ஒரு விளம்பuநம்  தான்.   ROFLPHOTOS.COM
image_tamil_0224.jpg,!@#$!@#%((*E*#%@##@!%#$%@#^@$*( roflphotos.com
image_tamil_0225.jpg,rofIphotos.com
image_tamil_0226.jpg,என்ை ஓு வல்லத்தம் கமிம்
image_tamil_0227.jpg,இந்த பட போதுமா..? இன்னும் கொஞ்சம் வேணுமா….3? ROFLPHOTOS.COM
image_tamil_0228.jpg,C ROFLPHOTOS.COM
image_tamil_0229.jpg,உங்களை மாதிரி ஒருபிரெண்ட்கடைக்க நான் ரொம்ப கொடுத்துவெச்சிருக்கணும். roflphotos.com
image_tamil_0230.jpg,இந்தகுரூப்ஸ்ட்ராங்கா இருக்கிறமாதிரி நம்ம உறவும் ஸ்ட்ரரங்கர் இருக்கணும்… L
image_tamil_0231.jpg,றேப்ப் பர்த்டே வேடிவபேலு. . roflphotos.com தேங்க்யூ மாம்… ஹிஹிஹ்… . roflphotos.com
image_tamil_0232.jpg,எனக்கு வர்ற கோவத்துக்கு உங்களை 8 : C
image_tamil_0233.jpg,உஷ்ஷ்ஷ்ஷ்ஷ் . roflphotos.com
image_tamil_0234.jpg,பபுள்ள் நல்லாத்தானே இருந்தான் தலை ட்டி
image_tamil_0235.jpg,நாரப்பய படுத்துறான்யா  என்னைய…. roflphotos.com
image_tamil_0236.jpg,நாம் யாருக்கு என்ன தீங்கு செய்தோம்.. ஏன் நமக்கு மட்டும் இவ்வாறு நடக்கிறது.. ROFLPHOTOS.COM
image_tamil_0237.jpg,தமாசு. தமாசு்.
image_tamil_0238.jpg,இத கிரம்ல் பUs பு்ாகCச
image_tamil_0239.jpg,எங்க இருந்துடா வரீங்க நீங்கல்லாம்.   C
image_tamil_0240.jpg,அப்ப வரட்டுமாப்பா.. அடுத்த பஞ்சாயுத்துல மீட் பண்ணுவோம் ROFLPHOTOS.COM
image_tamil_0241.jpg,ஓடக்கான் மாதிரி மூஞ்சியவெச்சிக்கிட்டு பேகுற பேச்சை பாரு ROFLPHOTOS.COM
image_tamil_0242.jpg,Cபசம் urறீயா இல்ல வாயீலய வெட்டவா?? 
image_tamil_0243.jpg,என்னம்மா இப்ட் பண்றமீபிக C
image_tamil_0244.jpg,கபாலி டசர காலான்னு பேர் மாத்தி போட்டுட்டாோங்களேோ ?
image_tamil_0245.jpg,ஹன் சிகோ போட்டோவை ட.பியாக வுத்திருக்கும் ஆயா இதானாம்..
image_tamil_0246.jpg,போய்பொழப்ப பாருங்கய்யா . . ROFLPHOTOS.COM
image_tamil_0247.jpg,நேர்ல பத்த பழகுற பொண்ணூங்களுயே நம்பமுடியல. இவங்கலாம்எப்படி தான் Facebook லa் பணறாங்கCளா..
image_tamil_0248.jpg,அண்ண அவரசப்படாதீங்க.. எதுவா இருந்தாலும் பேசிதீத்துக்குவோம்..
image_tamil_0249.jpg,உனக்கெல்லாம்மனசாட்சியே இல்லையா.?? roflphotos.com
image_tamil_0250.jpg,சால்லவயல்ல. roflphotos.com
image_tamil_0251.jpg,நான் கோவமா இருக்கேன்! யாரும்ன்கிட்டு பேசாதிங்க்…
image_tamil_0252.jpg,roflphotos.com
image_tamil_0253.jpg,ஏரளவுக்சு தான் பொறுமை காப்ே. 160 roflphotos.come
image_tamil_0254.jpg,எ கொடுமைடா இது.… … . என்ன
image_tamil_0255.jpg,எங்கள் சமாளிக்கவே முடியலல்ல.. ROFLPHOTOS.COM
image_tamil_0256.jpg,ரம்ஜானுக்கு பிரியாண்கேப்பாங்களே !! ! C
image_tamil_0257.jpg,"சம்பளம்எங்கம்மா தர்றாங்க!லீவுபோடாம் வேலைக்கு மட்டும் கரெக்ட்டர வரச்சொல்றாங்க…,"
image_tamil_0258.jpg,என்கிட்டயும்சொன்னானுவள.. roflphotos.com
image_tamil_0259.jpg,எங்க்ூட்ல வீஜய் டிவ் வரரதடா் என்ன வீட்டுருங்கடர.  ROFLPHOTOS.COM
image_tamil_0260.jpg,ஸ்ஸ்ஸ்ஸப்பா முடியல்.. −− ROFLPHOTOS.COM
image_tamil_0261.jpg,இன்னும் எனன செய்ய காத்திரு க்காங்களூா. roflphotos.com
image_tamil_0262.jpg,சாரி தோழி
image_tamil_0263.jpg,ஐ டோன்ட்லைக்! ப்ளடிபூல்ஸ்! நான்சன்ஸ் ROFLPHOTOS.COM
image_tamil_0264.jpg,சார் கொழுப்பை பாத்தீங்களா..??
image_tamil_0265.jpg,roflphotos.come
image_tamil_0266.jpg,
image_tamil_0267.jpg,இதெல்லாம் ஒரு ஜாக்கா.. ?? அப்படிய ஓடி போயபிமு ROFLPHOTOS.COM
image_tamil_0268.jpg,ஸ்ஸ்ஸப்பா ... தாங்க முடியல்… roflphotos.com
image_tamil_0269.jpg,பாவம் அவரே கன்பீஸ் ஆகிட்டாரு
image_tamil_0270.jpg,"பேன்,மக்ச் மேலகய Gபச்ச் மாதா டெட்பாடிநீதன் டா.. roflphotos.com C"
image_tamil_0271.jpg,"உனக்கு மட்டும் என்ன தனியா வெத்தலை, பாக்கு வெச்சா சொல்லுவொங்க..?? போய் பொழப்ப பாரு. rofiphotos.com"
image_tamil_0272.jpg,எனக்கு அப்பவேதெரியும் இப்படியெல்லாம் நடக்கும்ன்னு.. ROFLPHOTOS.COM
image_tamil_0273.jpg,புடிங்க சார் அவனை.. புடிச்சி ஜெயில்லபோடுங்க சார் ROFLPHOTOS.COM
image_tamil_0274.jpg,ஓன்னுமேபுரியலையே BwL்
image_tamil_0275.jpg,ஓருவேளை இவரு செல்.ஃபி பைத்தியமா இருப்பாரோ??
image_tamil_0276.jpg,அதெப்படி மாப்பு கீழ விழுந்தும் மீசைல் மண்ணுஒட்டாத மாதிரியேபேகுற ROFLPHOTOS.COM
image_tamil_0277.jpg,எதா சம்பவம் நடந்திருக்கு. ROFLPHOTOS.COM
image_tamil_0278.jpg,ஹேப்பி . .பேக்  ஐடிகள் தின் வாழ்த்துக்கள்! ROFLPHOTOS.COM
image_tamil_0279.jpg,அந்த பயம் இருக்கட்ரும்.. ROFLPHOTOS.COM
image_tamil_0280.jpg,நாங்க Recharge பண்ணகாசையாவது கொடுடா. வேற Netயor் மாத்திக்கிறோம். AIRCEL CUSTOMERS
image_tamil_0281.jpg,சோறு தானே திங்குற…. roflphotos.com
image_tamil_0282.jpg,நான் இன்னைக்கு நல்ல மூடுல் இருக்குறதால் தப்பிச்ச.. .போட போட 5 NINNN  roflphotos.com
image_tamil_0283.jpg,இப்ப புரியுதாடா ?
image_tamil_0284.jpg, ROFLPHOTOS.COM
image_tamil_0285.jpg,ROFLPHOTOS.COM
image_tamil_0286.jpg,ஏறி மிதிச்சென்னு வை!  ஏரியா வாங்குரதில்லை! மூச்சை விட வாங்க முடியாது.…. ROFLPHOTOS.COM
image_tamil_0287.jpg,ஒருவெவை லவ் ஃபேப்லிபயரா இுக்குமோ… C ROFLPHOTOS.COM
image_tamil_0288.jpg,இப்பவே கண்ணு கட்டுதே. .
image_tamil_0289.jpg,கர்ர்ர்ர்.. கர்ர்ர்ர்ர். ..
image_tamil_0290.jpg,இப்பaே கண்ணை கட்டுேத 5b
image_tamil_0291.jpg,நாட்ருக்கு இப்பா இது ராம்ப முக்கியம். .. roflphotos.com
image_tamil_0292.jpg,இப்போ நீ என்ன தான் சொல்லவர்றி hn
image_tamil_0293.jpg,செம்ம  காண்டுலேஇருக்கேன்.…
image_tamil_0294.jpg,அப்புறம் சகல! சவுத்கியமா???  ROFLPHOTOS.COM
image_tamil_0295.jpg,உங்க ஜட்ஜ்மெண்ட் ரொம்ப தப்பு…  roflphotos.com
image_tamil_0296.jpg,உன மனச் என்ன கல்லா??? 2 ROFLPHOTOS.COM
image_tamil_0297.jpg,இனிமே இப்படிபோஸ்ட் போடுவியா… roflphotos.com
image_tamil_0298.jpg,"TAG THAT FRIEND roflphotos.com எருமமாடு மாதிரி வளர்ந்திருப்பான் ஆனா, இன்னும் பலூன் கூட ஒழுங்கா ஊத தெரியாது.."
image_tamil_0299.jpg,இருப்பா ஒரு பொசிஷன்ல நின்னுக்குறேன். roflphotos.com
image_tamil_0300.jpg,சம்பளம் வர் இன்னும் ஒரு வாரமாகுமே. அதுக்குள்ளே ஏன் கை அரிக்குது??? A ROFLPHOTOS.COM
image_tamil_0301.jpg,rofiphotos.com
image_tamil_0302.jpg,வெளங்கிடும்.. ROFLPHOTOS.COM
image_tamil_0303.jpg,"அருத்த ஜென்மத்துலயாவது, மஉ இயாறஙந்கபர.."
image_tamil_0304.jpg,
image_tamil_0305.jpg,rofiphotos.com roflphotos.com
image_tamil_0306.jpg,இதையல்லாம் பாக்க கூடாதுன்னு தான்யா சிவோஜி சீக்கிரமாவே போய் சேர்ந்துட்டரு. T ROELPHOTOS.COM
image_tamil_0307.jpg,செய்து சரம் தயவு என் சம்பளத்துல் மட்டும் க் வெச்சிீடாதிங்க !!! ROFLPHOTOS.COM
image_tamil_0308.jpg,உவரு கண்ணதாசன் பேரன் கருத்து சொல்லைவபெந்குட் டரர C
image_tamil_0309.jpg,இன்பாகஷ் வராதிங்க.. நான் அப்படிப்பட்ட்வ் இல்ல !
image_tamil_0310.jpg,பொழுதனைக்கும்எதையாவது பஞ்சாயத்தா இழுத்துக்கிட்டு இருக்குறது..
image_tamil_0311.jpg,அசிங்கப் படுத்திட்டாங்களே அண்ண! D]
image_tamil_0312.jpg,இது கொஞ்சம்  ஓவெரா இருக்கே.. ROFLPHOTOS.COM
image_tamil_0313.jpg,2017 இப்படித்தான் போய்க்கிட்ுஇருக்கு ஜனவரி ஜல்லிக்கட்டு பிரச்சனை roflphotos.com ஆஹா் இந்த வருசம் ராம்ப சிறப்பா வெச்சி செஞ்சிடிச்சே.. பிரச்சனை டிசம்பர் மீனவர் பிரச்சனை மீத்தேன் கதிராமங்கலம் பிரச்சனை பிரச்சனை
image_tamil_0314.jpg,ஆண்யே பருங்க வேணம்..
image_tamil_0315.jpg,இதையெல்லாம்பொறந்த அன்னைக்கேகள்ளிப்பால்ஊத்தி கொன்றிருந்தா இப்படிபண்ணுமா.. roflphotos.com
image_tamil_0316.jpg,
image_tamil_0317.jpg,தங்கள் அடுத்த தலைமுறைக்காக போராடும் தன் சொந்தநாட்டு மக்களையேசுட்டுக்கொல்லும் ஆடச தான் மக்களாட்சியா…?? ROFLPHOTOS.COM
image_tamil_0318.jpg,நைட் முழுக்க .:போனுக்கு சார்ஜ் போட்டும் 1% கூடி ஏறலையேன்னு பார்த்தர சுவிட்ச் போடாம விட்ருக்கேனே… CC Roflphotos.com
image_tamil_0319.jpg,"கடவுள், பகவான்னு சொல்லிட்டு இப்படி அரந்த சிலையவே திருடுறீங்களே வெேக்கமர இல்ல.. ROFLPHOTOS.COM"
image_tamil_0320.jpg,இதெல்லாம் எங்கபோயி முடியப்போகுத. ROFLPHOTOS.COM
image_tamil_0321.jpg,பைத்தீயம் புடிச்சீ்டும் பேோல்ீருக்கே..
image_tamil_0322.jpg,ஐயம் ஸ்பீக்கிங் நோ  கிராஸ் ஸ்பீக்கிங்!!
image_tamil_0323.jpg,While Seeing 2k Kids ommitted and Getting Married ROFLPHOTOS.COM 90's kids
image_tamil_0324.jpg,உன்போஸ்ட்க்கு நான் போடுறேன்..என் போஸ்ட்க்கு நீயும் போடு. சரியா.  roflphotos.com
image_tamil_0325.jpg,வெர்  வெர் நைெஸ்ே!!! A ROFLPHOTOS.COM
image_tamil_0326.jpg,உன்னைஇப்படியெல்லாம்பேசச்சொல்லி யாரு சொல்லிக்கொடுக்குறா..?? ROFLPHOTOS.COM
image_tamil_0327.jpg,பிராந்தி…. 2 E6 ROFLPHOTOS.COM
image_tamil_0328.jpg,இதெல்லாம் வேற லெவெல்… AC OFLPHOTOS.COM
image_tamil_0329.jpg,தேங்க் ub hb!
image_tamil_0330.jpg,இது நல்லா இருக்கே.. ஹிுஹி ROFLPHOTOS.COM
image_tamil_0331.jpg,ஆமா இவரு பெரிய கப்பல் வியாபாரி போட…. ROFLPHOTOS.COM
image_tamil_0332.jpg, ROFLPHOTOS.COM
image_tamil_0333.jpg,D சர வொங்குசுறசுக்சுன்ன இருக்கானுங்கை roflphotos.com
image_tamil_0334.jpg,ROFLPHOTOSOCOM
image_tamil_0335.jpg,கிீஸ் டப்பாவை எப்பிடி ஓதைச்சே. . . roflphotos.com
image_tamil_0336.jpg,போடா என் வென்று
image_tamil_0337.jpg,பார்த்து பல நட்கள் ஆய்ருச்ச்.. நல்லா இருக்க்யா தேழீ் ?
image_tamil_0338.jpg,நமக்குரக்சாபந்தனுக்குகயிறு கட்டக்கூட ஓருபாண்ணு  இல்லையே.
image_tamil_0339.jpg,அன்னைக்கேசோன்னேன் எவனாவுது கேட்டிங்களா.. ROFLPHOTOS.COM
image_tamil_0340.jpg,நாம வயே திறக்கக்கூடோது… L ROFLPHOTOS.COM
image_tamil_0341.jpg,வாய் பிளக்க வைத்த பதிவு. . roflphotos.com
image_tamil_0342.jpg,நம்மளையே ஓவர்டேக் பண்ண்குவார் Cபuால்... C
image_tamil_0343.jpg,roflphotos.com நீ பற்ற வுத்தநெருப்பு ஒன்று பற்றி எரிய உன்னைக் கேட்கும். நீவிதைத்தவினையைல்லாம் உன்னை அறுக்க காத்திருக்கும்
image_tamil_0344.jpg,இனமே இப்படி போஸ்ட் Cபேோடவியா..88 roflphotos.com
image_tamil_0345.jpg,மனகல காதல் மன்னன்ன நனப்ு… 26
image_tamil_0346.jpg,"டேய்.. வர வர உங்க Wordஎல்லாம் ரொம்பBad ah இருக்குடா., roflphotos.com"
image_tamil_0347.jpg,அவனவன் நிலால் மனிதர்கள் தங்க முடியுமான்னு ஆராய்ச்சி பண்ணிக்கிட்டு இருக்காங்க.. roflphotos.com இவனுங்கஎன்னடான்னா நிலால  சாய்பாபா முகம் தெரியுதுன்னு கும்பிட்டுக்கிட்டு இருக்கானுங்க. .
image_tamil_0348.jpg,6160எ0 2 கCமை் ஆஅமுைதயா இழுக்சு கலை வட்ட
image_tamil_0349.jpg,இவென்தொல்லை தாங்க முடியலடா சாமி.. roflphotos.com
image_tamil_0350.jpg,நாம வொய தாறந்தர வெம்பு வருமே.. roflphotos.com
image_tamil_0351.jpg,உனக்கு Like உம்கீடையாது ஓன்றும் கீடையாது உதைப்பதற்குள் ஓடி வீடு….
image_tamil_0352.jpg,அடாடடடா! இவ்வளவு நாளா எங்கடா இருந்தீங்க…. CC
image_tamil_0353.jpg,இந்த அப்ரெளச் எனக்கு ரொம்ப புடிச்சிருக்கு ஹி ஹி. ROFLPHOTOS.COM
image_tamil_0354.jpg,யப்பா மகராசா Corey Anderson நீ நல்லா இருக்கணும்ய்யா. *Kohli CSK* Corey Anderson ROFLPHOTOS.COM
image_tamil_0355.jpg,ஆமா இப்ப இங்க என்ன நடந்துச்சி.
image_tamil_0356.jpg,அடங்கப்போ எல்வவு கூட்டம்.. உன்னக்சு லைக்ஸ்எகிறிரம்.. ROFLPHOTOS.COM
image_tamil_0357.jpg,ஏன்யா இன்னக்குன்னு இப்uடி உயீ்ரை வாங்குற.. . roflphotos.com
image_tamil_0358.jpg,LIKE வாங்குறதுக்கு நான்என்னன்ன அவுதாரம் எடுக்க வேண்டியதா இருக்கு… roflphotos.com முடியலட சாமி..
image_tamil_0359.jpg,உன்னையல்லாம்இரக்கப்பட்டு விட்டுக்கிட்டுஇருக்கேன்ட rofl GANDHI'S காந்தீ 6
image_tamil_0360.jpg,பில்டப் பண்றோமோ பீலோ விடுறோமோ நாம சொல்றதைூநாலு பேர் நம்புனா சரி.. ROFLPHOTOS.COM
image_tamil_0361.jpg,நமக்கெதுக்கு இந்தவெட்டி பந்தா.. ROFLPHOTOS.COM
image_tamil_0362.jpg,
image_tamil_0363.jpg,போர். ஆமாம் போர்.. ROFLPHOTOS.COM
image_tamil_0364.jpg,அந்து பானயை கொு .. இன்னக்கசு இவைன் மண்டய போவரைந்துடுறேன்.. மகா உற்சவத்தை முன்னிட் rofiphotos.com பக்தி பற
image_tamil_0365.jpg,போஸ்ட் போடுவியா? இல்லைங்க! யாருக்காச்சும் லைக்  கமென்ட்? இல்லைங்க! A பொண்ணுங்கஇன்பாக்ஸ் பக்கம்? அந்த வாடையே ஆகாதுங்க! பின்ன என்ன மயித்துக்கு நீ பேஸ்புகல் இருக்கணும்???
image_tamil_0366.jpg,குருநாதா…!! C
image_tamil_0367.jpg,என்ன கருமாந்திர ஆப்டர் இத் 2 5D1
image_tamil_0368.jpg,மோசம் போய்ட்டோம்யா மோசம் போய்ட்டோம் ROFLPHOTOS.COM
image_tamil_0369.jpg,எங்க இங்கிருந்த 2017 யே காணோம்…. roflphotos.com
image_tamil_0370.jpg,ஒரு நொளக்கு எத்துன செல்ஃபடா எருத்து டபட் பண்ணுவ?? roflphotos.com #Me #MyPhone
image_tamil_0371.jpg,எதா கஜோ புயல் வருதுன்னுசொல்றாங்க.  ம்ம்ம்.. நம்ம ஊருக்கு என்னைக்கு புயல் C வந்திருக்கு. நாம் தூங்குவேம் roflphotos.com
image_tamil_0372.jpg,என்ன கேப்பு.! ஒஹோ இந்த கேப்பு தான் எனக்கு வெக்கப்போற ஆப்பா..?? roflphotos.com
image_tamil_0373.jpg,TAG A FRIEND WITH GREAT SMILE roflphotos.com
image_tamil_0374.jpg,இவன் பாடிய துதியை கவனித்தீரா..?? ROFLPHOTOS.COM
image_tamil_0375.jpg,ஏன்டா எந்த DP வெச்சாலும் HaHa போட்ரு கருப்பேத்துறிங்க roflphotos.com
image_tamil_0376.jpg,அதுக்கு என்னா இப்ப. .
image_tamil_0377.jpg,2 .ங1க அற்வை நச்சா் எணக்கு அனந்தக்கண்ண்ராவரு்து. .
image_tamil_0378.jpg,இப்ப மட்ரும் கத்துுதா அந்து பல்ைச்..!! amL
image_tamil_0379.jpg,ஓ இதான் விஷடயமா
image_tamil_0380.jpg,ஐயா பயந்து வருதுங்க i்ேரr
image_tamil_0381.jpg,என்னயே சிந்திக்க வெச்சீட்டர்னே.  ROFLPHOTOS.COM
image_tamil_0382.jpg,என்னைய tagபண்ணிீட்டுநீங்களே பேசிக்கிட்டுஇருக்கீங்களேடா..
image_tamil_0383.jpg,இந்த பொழப்புக்கு நாண்டுகிட்டு சாகலாம்
image_tamil_0384.jpg,எல்டு எஃ...
image_tamil_0385.jpg,ப்போ பெருசு. . இதெல்லொம் நான் வசந்த மாளிகலையை பார்த்துட்டேன்..
image_tamil_0386.jpg,நாம இன்னும் கிளம்பவே இல்லை அதுக்குள்ளெே ரெேட்அலெர்டடா??? புயல CC ROFLPHOTOS.COM
image_tamil_0387.jpg,1000 ரூவோவாங்கினதுக்கேஇந்த சீன் போடுறோங்களே… இன்னும் மோடியோட 15 லட்சம் வாங்கிட்டாங்கன்னா இவெங்கள கலை புடிக்க முடியாது போலேயே… AC ROFLPHOTOS.COM
image_tamil_0388.jpg,எப்ப பாழு தமாசு். ROFLPHOTOS.COM
image_tamil_0389.jpg,ஐேuாWantedah வந்து நானே சிக்கிட்டனே.. roflphotos.com
image_tamil_0390.jpg,ஆதன்ன? உப்புமான்னர்உங்களுக்கு அல்வளவுஇளக்காரமர் போச்சா…. . . C
image_tamil_0391.jpg,தம்பி.. ஒரு மனிசன்  போய் பேசலாம் ஆனா ஏக்கர்கணக்குலயல்லாம் பேசக்கடோது.. roflphotos.com
image_tamil_0392.jpg,ாராபச] Cக்வ் ேகட்டா நாம் சாங்கற மாகர் 54் னம்
image_tamil_0393.jpg,என்ன இது வினோதமான் உயிரினமா இருக்கே.. ROFLPHOTOS.COM
image_tamil_0394.jpg,ங்ககுுக்கு O என்னசான் பரச்சின.
image_tamil_0395.jpg,உனக்கெல்லாம் என்னடா மரியாதை.. போடோ செொன்னப்பயலே.. roflphotos.com
image_tamil_0396.jpg,அடேங்கப்பா. C ROFLPHOTOS.COM
image_tamil_0397.jpg,இதேவேலையா தான் அலையிறானா.?? ROFLPHOTOS.COM
image_tamil_0398.jpg,உன்னய நெனக்கும்போது என் நென்செல்லாம் அடைக்குது.. ROFLPHOTOS.COM
image_tamil_0399.jpg,என்றைக்கு என் சீனத்தீற்கு சீன்னப்ன்னம் ஆவீர்கள் என்று தெர்யவ்ல்லை.ை L
image_tamil_0400.jpg,ஜாங்கு ஜக்கு ஜஜக்கு ஜக்கு… ஜூங்கு ஜக்கு ஜா!
image_tamil_0401.jpg,என்ன ஒரு வில்லத்தனம்.. roflphotos.com
image_tamil_0402.jpg,நீ ஒரமா நின்னு .ஃபைட்டை வேடிக்கப்பாருடா… 26 ROFLPHOTOS.COM
image_tamil_0403.jpg,டேய்எனக்குமர்டர் பண்றதெல்லாம் பவுடர்அடிக்கற மாதிரி.
image_tamil_0404.jpg,ஆமா இவெரு பெரிய ஜில்லா கலெக்டரு.. எங்கை சொல்லை வுந்துட்டாரு… roflphotos.com
image_tamil_0405.jpg,டேய்! அந்த அருவாள எரு!
image_tamil_0406.jpg,என்னந்கடர்! கருப்ல ஆடடம் ஜாஸ்தியா இுக்க??? CC ROFLPHOTOS.COM
image_tamil_0407.jpg,roflphotos.com
image_tamil_0408.jpg,roflphotos.come roflphotos.com
image_tamil_0409.jpg,பதிவு அழுத்தமான்
image_tamil_0410.jpg,அய்யய்யா ROFLPHOTOS.COM
image_tamil_0411.jpg,நம்மளை இல்லை! வேறை யாரையோ சொல்றாங்க… C ROFLPHOTOS.COM
image_tamil_0412.jpg,இவனுங்கஎன்ன இங்கயே படடரைய போட்டுட்டனுங்க.. ROFLPHOTOS.COM
image_tamil_0413.jpg,மன்ிசனாட் நீங்கல்லாம்.
image_tamil_0414.jpg,uriT யாரோ நண்பன் என்று ஏமாந்த நெஞ்சம் உண்டு. .
image_tamil_0415.jpg,இன்பாக்கக்கு விர்றது பரவும் ஆம்பவைங்கவாவே இருக்குது… சகை… C ROFLPHOTOS.COM
image_tamil_0416.jpg,இனிமேஇப்படிபோஸ்ட் Cuோட்ட. கொண்டை இருக்கும் மண்டை இருக்காது roflphotos.com
image_tamil_0417.jpg,WHILE LONG JOURNEY BY BUS C *POWERBANK ME USER 20% INTEX
image_tamil_0418.jpg,உன் பணத்துக்கும் என் பணத்துக்கும் Cஜோடி போட்டுக்குவோமாஜேடி.. roflphotos.com
image_tamil_0419.jpg,யாருடி இந்த ஹீரோ??? 5 C6
image_tamil_0420.jpg,அட்ட்டT்… பிண்றிே IIT
image_tamil_0421.jpg,roflphotos.com
image_tamil_0422.jpg,ROFLPHOTOS.COM
image_tamil_0423.jpg,அடப்பாவிங்களா.. நான்என்னடா பாவம் பண்ணன் உங்களுக்கு roflphotos.com
image_tamil_0424.jpg,பொய் சொல்றீங்க. . IU  ROFLPHOTOS.COM
image_tamil_0425.jpg,ROFLPHOTOS.COM
image_tamil_0426.jpg,என்னடாமைண்ட் இது.. மானங்கெடட மைண்ட்…. ROFLPHOTOS.COM
image_tamil_0427.jpg,சணடமுூன்னபன்ன இருந்தாலும் சவுண்டுஜாஸ்தியா இருக்கும்டா..
image_tamil_0428.jpg,ரோட்டுலே சண்டைக்கி போறப்போ தான் பிகருங்கி கிராஸ் பண்ணி நம்மள திசை திருப்பும்…. LC
image_tamil_0429.jpg,ஒகேய் ஒகேய் கூல் டவுன்.. ROFLPHOTOS.COM
image_tamil_0430.jpg,பார்த்து பல நாட்கள் ஆயீருச்ச். நல்லா இருக்கீயாக்கா ?
image_tamil_0431.jpg,மறுபடியும் வெள்ளம் வந்தா நிவொரணப்பொருட்கள் தரப்பு மோடிஸ்டிக்கர் ஒட்டுவாங்களா? இல்ல எடப்பாடிஸ்டிக்கர் ஒட்டுவாங்களர? ஓரே குழப்பமர இருக்க்… roflphotos.com
image_tamil_0432.jpg,அதையெல்லாம்வெளிய நடமாட விட்டா பூமி தாங்காதேன்னு உள்ள ஒரு ஓரமா படுக்க போட்டிருக்கோம்.. roflphotos.com
image_tamil_0433.jpg,என்னவா இருக்கும். . ?? roflphotos.com
image_tamil_0434.jpg,இந்தா கெளம்பிட்டேரம்லை…
image_tamil_0435.jpg,லைசன்ஸ் ஜெராக்ஸ் இங்க இருக்கு… ஒரிஜினல் எங்கே??? roflphotos.com அதர தாஃீக் இது
image_tamil_0436.jpg,காலம் பன காலத்தல் இந்த வீளம்பரம் உ .னக்கு தேவையா? 
image_tamil_0437.jpg,செ்யுறதையும் செஞ்சிட்டு முழ்க்கிறத்தை பாரு..
image_tamil_0438.jpg,டேப்! ஃ.பேஸ்புக் மீட்டிங்க்கு உவங்கள ஏண்டா கூட்டிகீட்டு வந்தீங்க BLT
image_tamil_0439.jpg,நாங்க் ராம்ப கேபலமாை a OUTLOC MONE
image_tamil_0440.jpg,நான் அப்படியே ஷோக் ஆயிட்டேன்.. roflphotos.com
image_tamil_0441.jpg,நம்பிக்கொடுத்த பணம். D61 o61 உ61961
image_tamil_0442.jpg,இப்ப என்னதான்யா சொல்லவர..
image_tamil_0443.jpg,ஏன்யா இந்த கொலைவெறி.. ROFLPHOTOS.COM
image_tamil_0444.jpg,என்னது! பி.ஜெ.பி க்குகெட்டவுட்டா!!! அப்போ! காங்கிரகுக்கு கட்டவுட்டா!!! 
image_tamil_0445.jpg,தம்பி.. நீ அடிக்கடி நம்ம ரூட்லயே கிராஸ் பண்ற இது நல்லதுக்கு இல்ல.. roflphotos.com
image_tamil_0446.jpg,அதுக்கு இப்போ என்னாங்குற….?? ROFLPHOTOS.COM
image_tamil_0447.jpg,அந்த பயம் இருக்கடடும்… 
image_tamil_0448.jpg,இதுவரைக்கும் பண்ண அக்கப்போரு புத்தூதுன்னு இப்பஇது வேறய்யா.. ROFLPHOTOS.COM
image_tamil_0449.jpg,வெட்டியா இருக்கிறதுல நான் தான் PH.D பொங்கியிருக்கேன்.… எனக்கே போட்டியா.… . ? roflphotos.com
image_tamil_0450.jpg,ஸ்டேட்டஸ் போட்லோம்னா ஆன்லன்லை ஓருத்தர்கூடே காணோமே! ச அுவ்வ்வ்வ் n0 MAGIC SII D
image_tamil_0451.jpg,இதுல ஏேத் தீல்லாலங்கடி வேலை இருக்கும் பல தேணுதே. . !!
image_tamil_0452.jpg,இன்பாக்ஸ்க்கு வந்த. . A
image_tamil_0453.jpg,என்னடா நடக்குது இங்க. . ?? 
image_tamil_0454.jpg,இவங்களோட Gபெரிய ரோதனையா் போச்ச roflphotos.com
image_tamil_0455.jpg,26 எம்ணட ாய்ள் எனக்கசு கேக்கசுது.. roflphotos.com
image_tamil_0456.jpg,roflphotos.com rofiphotos.come
image_tamil_0457.jpg,மண்டைக்கு மேல் கொண்டை இருந்தால் மட்டும் போதாது. . மதி வேண்டும் மதி.. ROFLPHOTOS.COM
image_tamil_0458.jpg,நிம்மதியா வாழ தான்விட மாட்டிங்கிறீங்கன்னு பாத்தா ஒரு ஸ்டேட்டஸ் கூட்வக்க வி VA மாட்டிங்கிறிங்க்வளே roflphotos .com
image_tamil_0459.jpg,ஆூா.. ஒரு முடேபோட தன்யா இருக்காங்க. roflphotos.com
image_tamil_0460.jpg,மச்சா சாய்ச்சிபுடடா மச்சா. roflphotos.com
image_tamil_0461.jpg,கொஞ்சம்  ஓவேரா தான் போறோமோ.?? போவோம் என்னர பண்ணிடுவோங்க.. ROFLPHOTOS.COM
image_tamil_0462.jpg,ஒன்லி பாடிலேங்குவேஜ் தான்ப்பா உள்ளை ஓன்னும் கடையாதுப்பா roflphotos.com
image_tamil_0463.jpg,ஏய். . மரியாதை.. மரியாதை… . ROFLPHOTOS.COM
image_tamil_0464.jpg,இதெல்லாம் ஒருபொழப்பா.. ROFLPHOTOS.COM
image_tamil_0465.jpg,CNப்படqனனரTCartoonNetwork இலலடா ComputerNetwork SSC
image_tamil_0466.jpg,சேதமேல் சாதை. . . uாதமடா சாம்
image_tamil_0467.jpg,இந்த நாள் உன்னோட கேலன்டர்ல் குறிச்சி வெச்சுக்கோ… CC
image_tamil_0468.jpg,உனக்கு லைக்  போடுறதே பெருசு இதுல கமெண்ட் வெறபண்ண்னுமா
image_tamil_0469.jpg,இன்னா மாப்ளே! உன் போஸ்ட்ட பாத்தா மூக்குல் எல்லாம் ரத்தம் வருது…  A ROFLPHOTOS.COM
image_tamil_0470.jpg,ஏன்னும் சொல்க்கிறதுக்கில்ல. . AO APLHIE ROFLPHOTOS.COM
image_tamil_0471.jpg,அழாதிங்க பாஸ். நாங்க இருக்கோம். ROFLPHOTOS.COM *Airce Customers Airtel* Customers Customers
image_tamil_0472.jpg,போதும் இதோட நிறுத்திக்க.. ROFLPHOTOS.COM
image_tamil_0473.jpg,நீங்கஎவ்வளவு நல்லவரு .  C
image_tamil_0474.jpg,ROFLPHOTOS.COM
image_tamil_0475.jpg,ஐCயா.- இதுஎங்க Cuாuு முடியப்போகுதோ தெரியலயே. ROFLPHOTOS.COM
image_tamil_0476.jpg,முக்கோணங்கள் படித்தேன் உன் மூக்கின் மேலே..
image_tamil_0477.jpg,சங்கத்துக்கு இனிய இரவு வணக்கம்! ஜெய்ஹிந்த்! A ROFLPHOTOS.COM
image_tamil_0478.jpg,உங்க சோகம் என் நுரையீரல் பெசெயுது தோழி…. fh
image_tamil_0479.jpg,"நாம் யாரு வம்புக்கும் போறதில்ல, யாரு தும்புக்கும் பேோறதில்ல…. நாம உண்டு நம்ம சோலி உண்டுன்னு போயிடுறது.. ROFLPHOTOS.COM"
image_tamil_0480.jpg,CSK daaa. JEANS A ROFLPHOTOS.COM
image_tamil_0481.jpg,இPபரயாண்Caப்ப..
image_tamil_0482.jpg,சும்மா இருக்குறது கூட ஒரு வேலையா இருக்கே ROFLPHOTOS.COM
image_tamil_0483.jpg,இங்கபாரு.. இதெல்லாம் ரரமப வபரு பாத்துக்க். ROFLPHOTOS.COM
image_tamil_0484.jpg,ப்ரபல் போட்டவுக்கு ஒரு ஹா ஹ கூட இல்லை… நீயல்லாம் ஒரு பி்ரபலமா… ROFLPHOTOS.COM
image_tamil_0485.jpg,தினம் கத்தி மேல நடக்குற மாதிர்யே இருக்கே என் பொழப்பு... 2 ROFLPHOTOS
image_tamil_0486.jpg,இனீமே நான் பேச மளேட்டேன் இதரன் பேசம். . .
image_tamil_0487.jpg,ஏன்டா இப்படி படுத்துறீங்க..
image_tamil_0488.jpg,இருக்குற பிரச்சனைக்கு நடுவுல் இவனுங்க வேற. ROFLPHOTOS.COM
image_tamil_0489.jpg,ஆஹஹா்.. ஓன்னு கூடிட்டளங்கய்யா ஓன்னு கூடிட்டாங்கய்யா
image_tamil_0490.jpg,மரணம் என்னும் தூது வந்தது அது Exa என்ற வடிவிீல் வந்த்து. AC ROFLPHOTOS.COM
image_tamil_0491.jpg,இந்த பேோட்டேோவுல் ரெரம்ப வயசரன் மாதிர் தெரியுதே?3? 6 ROFLPHOTOS.COM
image_tamil_0492.jpg,என்னாது நம்மபெரியவா புட்டுக்கிட்டாரா.?? ROFLPHOTOS.COM
image_tamil_0493.jpg,அழக்கூடாது நான் இருக்கிறேன்.. என் இனமடநநீ. ROFLPHOTOS.COM
image_tamil_0494.jpg,இதேவேலையா தான் அலையுானா… C ROFLPHOTOS.COM
image_tamil_0495.jpg,Vignesh ShivN @VigneshShivN · 5h V Happy Birthday to a woman I really look upto Stay Boldstay beautiful jus keep creating that stunning story of what is #Nayanthara Proud of u as always!! Loads of Love & respect to u my Thangameyy Bai Cam GiwanAgniouLnijzajUargninLn. roflphotos.com NAYANTAHRA FANS
image_tamil_0496.jpg,லீவ் நாள்ல மல்லாக்க படுத்து கொறட்டை விடடு தூங்குறதுல என்ன ஒரு சுகம் roflphotos.com
image_tamil_0497.jpg,என்னாங்கடா முடி இது..?? நாய் நக்குன மாதிரி… roflphotos.com
image_tamil_0498.jpg,அந்த GகாG ட்ய என பெயல் எப்படி சல்லரூவேன். . . roflphotos.com
image_tamil_0499.jpg,உன்னைய நினைக்கும்போது என்னால் முடியல்… ROFLPHOTOS.COM
image_tamil_0500.jpg,யூ ஆட் லை! EC
image_tamil_0501.jpg,பெண் மனதைபுரிந்துகொள்ள முயன்ற போது BLDL
image_tamil_0502.jpg,PLEASE DO NOT TRY THIS AT HOME 5 mins later ...Me and my brother 90s
image_tamil_0503.jpg,'அதிமுக-புதிய தமிழகம் கூட்டணி! Giookms அதிமுக கூட்டணியில் இணைந்தார் புதிய தமிழகம் கட்சித் தலைவர் டாக்டர் கிருஷ்ணசாமி; புதிய தமிழகம் கட்சிக்கு ஒரு தொாகுதி ஒதுக்கீடு! அப்பாடா… நாம ஏதிர்பா்தத கட்ச் ஏல்லாட் ஒன்னா சந்துடாங்க.. இன் சீறப்பா  கவன்ச்சிட் வண்டிய தான்.!
image_tamil_0504.jpg,ஒரு எலுமிச்சம்பழம் கேட்டா விலை 5  ருவா சொல்றாங்க..  பிடித்ததை பகிர்வோம் Gp Perumal 100 எலுமிச்சை பவர் உள்ள் விம்  பார் 10 ருவாயாம் .. POWER OF LEMONS
image_tamil_0505.jpg,Appa ethu 3rd std science lesson pa
image_tamil_0506.jpg,எங்கடா இருக்க…? நடுத்தெருவுல நிக்கறென் வந்து கூட்டிட்டு பா…  நடுத் தெரு Nadu Street யாரோ f/alwzsmle
image_tamil_0507.jpg,கடவுளிடம் ு'ஒம்' சொல்வதை விட f/alwzsmle -யாரோ ஆ மனவியிடம்ஆம்' செொல்லிப் பாருங்க… லைஃப் ரொாம்ப நல்லாக் இருக்கும். 
image_tamil_0508.jpg,ENGINEERING FACTB AND COMEDY DALOGUES IN MOVIES EFACDIM *DHANUSH *AUDIENCE YEPPAIYAVATHU KICKVITTASERI! YEPPOME KICK VITTAYEPPUDI!
image_tamil_0509.jpg,When anyone replied 'No problem' when we said 'Thanks BUELMEMES Yen da thanks sonna welcome thana da solvanga.. O.T MEMES Adhan boss corporate culture
image_tamil_0510.png,Madras meme market Ithuku modhallaye Andha katta vandiya idichu thallitu poirkalamea
image_tamil_0511.jpg,R REREM SINCE 1928 the original hairdressing LIGHT GLOSSY HOLD Oefacdim *90's KIDS 8.25 EFACDIM Brylcreem potu mudi ellam kotti vazhukka vilundhu oreyasingama pochu kumaru!!!
image_tamil_0512.jpg,"ஒரு முதல்வர் பிரச்சாரம் பண்ண வர்றாரு! மதிக்கிறானா பாருங்க அவன்! Kakakapo! ""நமக்கு வலிமையான பிரதமர் வேண்டும் "" Dud Goig"
image_tamil_0513.jpg,# KOLLYWOoolNOLYMPICS IND PARAVAI MUNIAMMA WEIGHT LIFTING OO INDHA KARUMATHA IVALD PERIYA STAGE AH? WWW.FULLYFILMY.IN
image_tamil_0514.jpg,MY MOM'S REACTION WHEN THERE IS NO ONE IN THE ROOM BUT STILL LIGHTS AND FANS ARE ON f/laughingcolours
image_tamil_0515.jpg,"@/@trollpistha7 TROLL-PISTHA Bhavana குளிச்சிட்டு இருந்தனா.. மேட்ச்'க்கு, டைம் ஆகிடுச்சினு அவசரத்துல பாவாடை'யோட ஸ்டுடியோ வந்துட்டேன்."
image_tamil_0516.jpg,Rhevanth Charan @rhevanth95 Court declares that #ENPT will not release tomorrow ! 10:42 AM · 05 Sep 19 · Twitter for Android ~ IN2055∼ FOLLOW IG SEMMABOSSS CEMNABOSSS *D FANS *ENPT CREW BOSS IDHU 100TH COUNTING LA GUN 'UU POSTPONE MARI IRRUKINGALE DA
image_tamil_0517.jpg,8 semester pass panadhan #ramnprasadh enaku Engineering degree kidaikum 040 You and 639 others 640 103 Novin Raja aana atha vachi oru bannu kuda vaanga mudiyathu
image_tamil_0518.png,பொண் ணுங்க குழந்தையா இருக்கற வரைக்கும் tys-அ தேடுவோங்க குமரி ஆன தும் boys-அ தேடுவாங்க. .அவங்க வாழ்க்கல் விளையாட
image_tamil_0519.jpg,எச்சரீக்கை மகுபான்க்கடைபகுதி வாகனங்கள் மெதுவாக்செல்லவும் பழையங்குடி உராட்சி து.கலைவைர் கலவர் அழுதா  ரணீயன் எளஸ்பாண்டியன்
image_tamil_0520.jpg,லட்டு உடைஞ்சிருச்சென்னு Feel பணணாம்.. WாCI!Y பூந்தி கிடைச்சுருக்கேன்னு சந்தாசப்படுங்க…life நல்லாருக்கும்..
image_tamil_0521.jpg,A4 மூந பாலாஜி மிபன் செனண்டர் & பாஸ்ட் புட் லெமன் சாதம் LEMONRICE தக்காளி சாதம் TOMATO RICE சாம்பார் சாதம் SAMBAR RICE வெிடெபிள் பிரிஞ்சி VEGETABLE BRINJI மல்லி சாதம் MALEHRICE புளி சாதம் TIGER RICE தயிர் சாகப் CURD RICE
image_tamil_0522.jpg,GROSS SALARY NET SALARY nagappan narayanan
image_tamil_0523.jpg,Sagala!! oruthan nadu rathri 1 maniku sudukaadu ku poe anga ulla kenathula thanni eduthu kulikuran na enna artham?? f@/belikesagala Yen na avankita Hamam soap iruku!! Hamam iruka bayam yen!!
image_tamil_0524.jpg,x jeeva
image_tamil_0525.jpg,#mark mama You and him are celebrating one year of friendship #me Enaku avan yarune theriadhu
image_tamil_0526.jpg,கணவன்- ஐ லவ் யு ! மனைவி: நானும்தான். உங்களுக்காக இந்த உலகத்தய எதிர்த்து சண்டை போடுவேன் கணவன்ே- ஆனால் நீ எப்ப பாத்தாலும் என் கூடைத்தானே சண்டை போடுறே? மனவி:- நீங்கதானே என் உலகம் ! /செந்தில்நாதன்.V
image_tamil_0527.jpg,∼In VRV Trailer *Simbu Ne vesham podura Raja Na Poranthula Irrunthu Raja Dhan...! *Villan EFACDIM Athu Eppadi Irruka Mudium..? Na Porantha Udaney En Peru Raja Nu Vechitanga
image_tamil_0528.png,~Anitha taking flight ticket from Michae *Michael
image_tamil_0529.jpg,நீ படிச்ச இஸ்கூல்ல நான் ஹெட்மாஸ்டர்.டி.
image_tamil_0530.jpg,When i tell a Mokka Joke *my Frnd* *me EFACDIM Nan Sonna Joke vida ! un sirippu dhan Comedy ya irukku da
image_tamil_0531.jpg,விரைவில் கட்சியில் இணைவேன்..இடைத்தேர்தலில் நிற்பேன் கஸ்தூரி Rkc மொதல்ல மெயின்ரோாட்ல நில்லும்மா இந்தா வர்றேன்….
image_tamil_0532.jpg,ப.சிதம்பரம் காங்கிரஸ் கட்சியின் இன்றையநிலையை யோசித்துப் பார்க்க ஹெச்.ராஜா வேண்டும் NEWS தீல்லல் அம்படிய சாரணர் தர்தல்ல 52ஓடடு ாங்குனதையும்.. ஆர்க நகர்ல நோட்டாவ முந்து முடியாததையும் நீங்க யாச்த்து பார்க்க வண்டும்.!
image_tamil_0533.jpg,seomfd umறet mioiooiegi LOTMCT *SK Padathula nadika sonna serial la nadikiran pa ivan
image_tamil_0534.jpg,Yov ! Inga ena soluthu Jessy Jessy soluthaa?
image_tamil_0535.png,MAMLCOUMTEMESCME CenC CIS  THE MAN WHO INTRODUCED STHE MAN WHO INTRODUCED-SALT& PEPPER RED CHILLY& PEPPER HAIRSTYLE FOR KOLLYWOOD HAIRSTYLE FORTHE WHOLE WORLD THALA- -GAPTAINVUAYKANTH-
image_tamil_0536.jpg,Chennai Pattinam எதற்கர்க இந்ந் மாறுவேடம் ? குழப்பத்தில் ரசிகர்கள்! இயக்குனர் கார்த்திக் சுப்புராஜ் மாறுவேடத்தில் UPDATEZ அலைய காரணம் என்ன ? ? ? Cine Updatez · 650M views · 1 day ago YouTube Atrocities!!! Karthi Enathu Maaru vesam ah ??
image_tamil_0537.jpg,MAGGI TO BE BANNED IN INDIA #Top Ramen #Yipee #Nestle VASANTH COOL Iru pa...kadaisiya oru vaati Maggi saptu vandhuren...
image_tamil_0538.png,This is how my college appears from outside But this is how it appears inside
image_tamil_0539.jpg,Evlo Prachana Irundhalum.. Nalla Mooku mutta Saptom na Prachana Theerudho illayo.. Naama Prachanaya Marandhruvom !!
image_tamil_0540.jpg,ambani THANK YOU TO HE LARGEST &  NTHE @innikukulikala largest family in the world fans ithu yallam nambura mari ah ga irruku
image_tamil_0541.jpg,"Hansika @ihansika · 34m Phone n Twitter hacked please don't respond any random messages . My back end team is working on getting things in control. 86 120 1,171 2 ENGINEERING FACTB AND COUEDY DULOOUES IN NOVIE OEFACDIM *WE EFACDIM HACKED PAE!"
image_tamil_0542.jpg,& A
image_tamil_0543.jpg,C *Priya NAAMEME-PODA VARALA Ungala Nambi Post Poten la ...En Buthiya Serupala Adikanum
image_tamil_0544.jpg,Sister madhiri irukura ponnunga la.. eppudi than marriage panna manasu varuthoo.
image_tamil_0545.jpg,MALAR - WHO PROVED THAT MAKEUP IS Trmller TROLLERBOSSTEL IIA4 NOT ALWAYS NECESSARY FOR A HEROINE
image_tamil_0546.jpg,WHEN SOMEONE TRIES TO LEAVE FROM A WHATSAPP GROUP FODA Left Addedyouback UZNA
image_tamil_0547.jpg,When mom don't have clothes for cleaning kitchen *Mom *me Nizar four old clothes
image_tamil_0548.jpg,South Indian Girls Want This look like this LOKESHMAC DOeG@s Date This Marry This
image_tamil_0549.jpg,VaalkaiThathuvam joke வாழ்க்கையில நாமதப்பு பண்ணிட்டா பத்து நிமிசம் கண்ண மூடி பாறுமையா யாசிக்கணும்…? f/alwzsmle -யாரோ பழிய யார் மேலை போடலாழுன்னு. .....
image_tamil_0550.jpg,7 years old 24 years old Hi uncle.. 21 years old 38 years old 83 Sayeesha Arya VRR2.0 @EIPM.MEME *90s kids Nammala ipo uncle nu koopiduradhu 2k kids dhan.. Apo..
image_tamil_0551.jpg,Interval La Kaasu illatha Time..
image_tamil_0552.jpg,மூன்றாம் எட்டில் முடியாதது திருமணம் அல்ல 90's kids 4வது எட்டு முடிய போகுது  இன்னும் பொண்ணு கிடைச்சு பாடில்லை @@eee
image_tamil_0553.jpg,pfung uraiaasui Requet இig Smauua? aa Guஇறay தaa் Quruoa ? எraan psara பuakregeb prakis? றpeம்.- தெிuாng பெa்ga்iaூம்து Yququa ?? elevan BAN prok caqaagy- BaN ussisesldGan. craisiட'ட Fake Profile ரு
image_tamil_0554.jpg,உங்கள் காதலிக்கு இப்படி 1.1 ஒரு அண்்ணன் இருந்தால் என்ன் பண்ணுவீங்க Kettavan Psüpthé Surya Innoru anna na. Naanum iruppen.. on Thu Haha Reply 3
image_tamil_0555.jpg,"இது PடUTO வில் இருந்து எடுக்கப்பட்டது. இதில் பூமியின் மிகப்பெரிய நிலப்பரப்பு, அப்படின்னு சொன்னாலும் நீங்க நம்பத்தான் போறீங்க…! ஆனாலும் நா உண்மைய சொல்லுறேன்… இது """"வடை சட்டியின் அடிப்பாகம்"
image_tamil_0556.jpg,PLAY SCHOOL ஆயா வேலைக்கு ஆட்கள் தேவை P 083 70 Chennai Pattinam *Little Princesse mom *Brother Unnadhandi Soldranga...Aiyyoo..Aiyyoo.
image_tamil_0557.jpg,"When my Frnd asks niranJan OvvoruFigurum Ti Machan ""Macha unga Dept la edhachu nalla figure iruka da??"""
image_tamil_0558.jpg,PUBG players Ayutha Pooja MADURAI PASANGA Andava Oru nalaiki 1o kills 1 chicken dinner etha matum usar panupa.. ne thn pa arul puriyanum
image_tamil_0559.jpg,தேர்தலில்  நோட்டா ஆப்சன் என்பது தேவையில்லாத ஒன்று! - தமிழிசை MEOW! லூசு மாதிரிபேசாத… அப்றம் தேர்தல்ல யாருகூட போட்டிபோடுவே.… ©
image_tamil_0560.jpg,ந இருக்தும்ோொதுெரியவி்லை.! நபி்துசெண்பன்ு தூன் தெிந்து.!. உன்பிரிவின்விகளும்என் காதவின் அழும்.
image_tamil_0561.jpg,நான் என் மனவி கிட்ட பேசி ஆறு மாசமாச்சு… ஏன்.. என்ன ஆச்சு? ஒருவர் பேசிக்கிட்டிருக்கும் போது நடுவில நாம குறுக்க பேசுறது நாகரிகமல்ல புறா.
image_tamil_0562.jpg,10 YEARS CHANGE BE LIKE www.chennaimemes. in f/MemesChennai /ChennaiMemes - /ChennaiMemesChanne 90'S KIDS UNAKU IPP0 10 VAYASU KORAITHU APPO YENNA PANITU IRUNTHA
image_tamil_0563.png,Dye அடித்த மண்டையும் Friends போட்ட சண்டையும் ரொம்ப நாள் நிலைத்தாக சரித்திரமேஇல்ல்ை… ~நண்பேண்டோ~
image_tamil_0564.jpg,"இஞ்சினியர் படிச்சிங்கலே சார், உங்க சம்பளம் சுமாரா எவ்வளவு வருது ! சம்பளமே சுமாராத்தாங்க வருது !"
image_tamil_0565.jpg,உலகிலேய அதிக பொய்களை கொண்ட இரண்டு லட்டர்கள் … LOVE LETTER LEAVE LETTER
image_tamil_0566.jpg,90ml Movie Review LLIDIT இது?
image_tamil_0567.jpg,S.. பிரியாணி es வேணும்னாகூடி உடனே சமைக்கலாம் ஆனால் பழைய சோறு வேணும்னா ஒரு நாள் வெயிட் பண்ணிதான் ஆகணும் இது தான் வாழ்க்கை… ... ijay Jangiri...
image_tamil_0568.jpg,Indha helmet ah crease ku velia potanna keeping panna porenu artham flo.com/rahim.kather.3 Indha helmet ah crease ku ulla potanna batting panna porenu artham Indha helmet ah apdi eduthu vachanna pattaya kelapa porenu artham
image_tamil_0569.jpg,முதுகு கூனினாலும்! மனம் கூனர பாரட்டிய போற்றிடுவுோம்
image_tamil_0570.jpg,"R FTV சாதி, மதத்துக்கு அப்பாற்பட்ட கட்சி""ஆமை மூக்கா "" Makkal முடியலடா டேய்… விட்ரு டா"
image_tamil_0571.jpg,Thalaivar's Reaction Inimel 'My Reaction' post engiyaavadhu paathen badavaa sori naaya vittu kadikka vechuruven..
image_tamil_0572.jpg,Join the pictures clue and Guess the area names in coimbatore.. 1. 7. 2. 8. 3. 5. By Vignesh humax.
image_tamil_0573.jpg,Sundar C gets ready for Aranmanai 3 CHELLAMATHATTA
image_tamil_0574.png,Deei Exam epdi panna? Question paper easy aah? Tuff aah ? Soniya Pomusary #LECTURER Exam avlo nalla panna'nu solla mudiyadhu avlo nallaa pannala'nu solla mudiyadhu #STUDENT Question paper Avlo Tuff nu solla mudiyadhu Avlo easv'nu solla mudivadhu sir
image_tamil_0575.jpg,வாழ்க்கையில் பேஸ்ட்டுக்கு அப்புறம் தான் காபி…! ஆனால் கம்ப்யூட்டரில் .. காபிக்கு அப்புறம் தான் பேஸ்ட்… kgs இந்த அரிய தத்துவத்தை உங்களுடன் பகிர்ந்து கொள்வதில் பெரு மகிழ்ச்சி அடைகிறேன்…!!! காலைவணக்கமுங்க..
image_tamil_0576.jpg,Mrவோக்கல் namma focus fulla sk kaila irukka tea mela dhan annach
image_tamil_0577.jpg,10 YEARS CHALLENGE 2008 VADAVTROLIS 2018
image_tamil_0578.png,VADIVEL IS THE ONLY PERSON WHO TOOK TROLL CINEMA;-) VAENEER BUCKET CHALLENGE
image_tamil_0579.png,WHATSAPP GROUP CONVERSATIONS AFTER CREATING THE WHATSAPP GROUP TROLLYWOOD;) AFTER FEW DAYS TROLLYWOOD ;-) FB/'TROLEYWOODSTAMIL HELLO YAARNA IRUKINGALA? AMAIDHIYA IRUKU...ROMBA AMAIDHIYA.IRUKU
image_tamil_0580.jpg,Yesterday we learnt Addition : 18.1.19 Today we learn Multiplication 19.1.19 Tomorrow we shall Learn Subtraction : 20.1.19 DC Enfa Ma Anga Satham me நீ Topper னு தெரியும் ஆனா இப்டி maths பைத்தியமா இருப்ப னுஇப்ப தான் தெரிது.
image_tamil_0581.jpg,Petta Movie Simran & Trisha Role!!!! Chennai Pattinam En machan ne avangala pathiya machan ?? llaye Machan
image_tamil_0582.png,I HAVE A DOUBT OVER YEARS 22 TROLLYWOOD:-) WHY THEY NEED TO WALK WHEN THEY HAVE CYCLE
image_tamil_0583.jpg,"""ஆதார் கொர்டு கொண்டுவர் பையன் வீட்டுக்கு போயிருக்கான். அந்த கேப்ல் ஒரு டீ சாப்டுக்கலாம்""இ @ f/alwzsmle Crn"
image_tamil_0584.jpg,#10yearsChallenge be like Indha photo ipo pudichadhu g Andha photo 10 varusham munna pudichadhu
image_tamil_0585.jpg,WHATS YOUR AMBITION IT DEPENDS ON THE LAST MOVIE 90's KIDS FUN POP TAMIZHA THAT I WATCHED
image_tamil_0586.jpg,Morning wake up scenario Mani 6 dhan agudha InnumKonja thunguvom After 5 mins sleep
image_tamil_0587.jpg,Girls while stopping their Scooty #Front Brake Back# Brake
image_tamil_0588.jpg,TOe
image_tamil_0589.png,Ice Bucket Challenge Is Temporary TROLL CINEMA :) HARPIC Harpic ChallenGe Is P ERMANENT
image_tamil_0590.jpg,MATHS SIR : INTHA SUM AH YE OANAKU PODA THERILA NELAM FIRST NIGHT LA POI ENAPANA PORA...! JESSINTH  IG:SOLLUGA_NA_ENNAPANUM LOOSU KO MARIE PESADHA DHANASEKARA...!
image_tamil_0591.jpg,"Cinema paridhabangal பாவம்.. வயசுபொண்ண வெயில்ல கட்டிபொடுறீங்களே *Kaipulla அதென்ன… வயசுபொண்ணுனா மட்டும், தூக்கிட்டு ஓடிவர்ற.. @"
image_tamil_0592.jpg,"'மாணவிகளிடம் எதிர்மறை அரசியலை பரப்புகிறரர் ராகுல்' பிரதமர் மோடி பற்றி கல்லூரி மாணவிகளிட்ம் ரா்குல்காந்தி தவறாக சித்தரிக்கிறார்; கல்லூரிைய எதிர்களமாக மாற்றாதீர்கள் ந்தாராஜள் -mm. *பரட்ட அப்ப ரங்கராஜ் பாண்டே ூடைதான் இருக்கும வேலைய விடறடமு தம்ழ்நாட்டுல உள்ள  இவ்வாரு காலேஜா போய் மாணவர்கள் மத்தயல மொடிய பத்தயும், பா.ஜ.க பத்தயும், இந்தத்வா கொள்கையை பத்தயும்  நல்லவ்தமா பரசங்கம் பண்ணி அல்லலாோயாகரூப்மாதர் Brainயash பண்றாரு! அதுசரியா?் தமழ்நாடே கார்  துப்பும ருத்தர நல்லன்தமா கொநக்க மொர்கடடிங் பண்றது தப்பல்ல.இா,மொடியி பத்தயஎல்லாருக்கும் தெர்ஞ்சஉண்மையசொல்ல் பீரச்சாரம் செய்புறது தப்பா?"
image_tamil_0593.jpg,"Chinmayi Sripaada @Chinmayi I have been awarded an interim stay order by the Honble Court regarding my ban from the Tamilnadu Dubbing Union. It is a long legal battle ahead. Hope justice will prevail Thank you.  4,969 7:48 PM - Mar 15, 2019 DMK RADHA RAVI MELA CASE PODA COURT OPEN LA IRUKAAM Chinmayi DMK VAIBAMUTHU MELA CASE PODRATHUKU MATTUM COURT LEAVE AAM"
image_tamil_0594.jpg,MASTER COPY ஆண்டவண் ஆeu அட்லி * கீல்பாத்தி படத்தாட ஒரிஜினல் கதையஎடுத்தவன் கூட இவ்ளோபூஜேபண்ணிருக்க மர்ட்டான்டா…
image_tamil_0595.png,SUBASNARAN New Hampy DARBAR
image_tamil_0596.jpg,USAIN B0LT IN 100 METER FINALS FLRST 50 METERS Madras Memoirs LAST 5O METERS
image_tamil_0597.jpg,Balaji mohan Seri vidu maari 3 la pathuklam *Mari Rest ishistory
image_tamil_0598.jpg,சின்ன வீடு ஹறோட்டல் ச.LIIS வீட்ல எங்க சாப்பிட்டிங்கன்னு கேட்டா என்ன்டா சொல்றது.…
image_tamil_0599.jpg,சாப்பிட தேவையான் பாருட்கள்… f/alwzsmle -யாரோ தட்டு…டம்ளர்..கரண்டி.. இவேற்றோடு.டி.வி. ரிமோட்… CP
image_tamil_0600.png,DAILY FACEBOOK USE PANNINAA ROMBA NALLADHAAM TROLLYWOOD;) FBTROLLYWOOD.TAMIL YAARUKU? MARK ZUCKERBERG
image_tamil_0601.jpg,@VijayShiva #Sayyesha sArya Uncle !! Enna ma ? Chocolate vaangikonga.. Happy Chocolate Day !!
image_tamil_0602.jpg,Dhanush  ©dhanushkraja Guess what I got :) final draft of Mari 3 script from @directormbalaji!! #hewillbeback #donudonudonu #senjiruven MAARI Ennathu Maari 3'ku Script Aaiducha Chennai Pattinan
image_tamil_0603.jpg,"HOW I FEEL THESE DAYS 1.MRP 195- 600MB- 21 Days 2.MRP-265-1GB-3G-28days 3.MRP-359-1.5GB-3G-28days 4.MRP-459-2GB-3G-28days For details,press answer,type number & press call button Facebook.com/Kaatupoochi007 AFTER DOING 3G RECHARGE"
image_tamil_0604.jpg,கோத்தா என்ன பிரச்சினை டா உனக்கு mind your words yash mc.. what the fuck is with you much better wrong
image_tamil_0605.jpg,#பொங்கல் #விடுமுறையை ஒட்டி 4 நாட்களில் #ரூ.50 கோடிக்கு #மது விற்பன http://www.dinakaran.com/ Home Tamil News Petta Box Office Collections: Enters The 100-Crore Club & Rajinikanth Viswasam rakes in Rs 100 CR gross worldwide JOJO MEMES Anna University revaluation collection
image_tamil_0606.jpg,figrgg *90'kid's Ithala Unmainu Ninacha Paaru Yenna Seruppala adikanum.!
image_tamil_0607.jpg,@EIPM.MEME @vjhari இப்பா உனக்கு கல்யாணமே ஆகலனா வச்சிக்கோ நேராவிஜெய் டிவி போய்டு நல்ல பாண்ணா பாத்து அவனுங்களே கல்யாணம் பண்ணி வச்சுடுவானுங்க
image_tamil_0608.jpg,arya to marry sayyesha (17 years age gap) Omokkabosss MOKKABOSSS #me namma aal enga dora bujipakuraloo!
image_tamil_0609.jpg,Mamiyar* Unga veetla yaarum unaku samaika solli tharalaya ??? Marumagal* zomato la order panna solli kuduthu irukanga aunty
image_tamil_0610.png,
image_tamil_0611.jpg,ஆபிஸ்ல சந்தோசமா இருந்தா பொண்டாட்டி பான் பண்றா.. வீட்ல சந்தாசமா இருந்தா மேனேஜர் போன் பண்றான்..
image_tamil_0612.jpg,*2K KIDS வெடி வெடிக்காம இப்டி வீட்டுக்குள்ள உட்கொந்து ஸ்வீட் சாப்புடுறீங்களே… வெடினோ அவ்ளோ பயமா *9Os KIDS f Karthick Uengatesh
image_tamil_0613.jpg,"20199 தூத்துக்குடியில் செளகிதார் தமிழிசை செழ்தரராஜன் பட்டி! ""பாஜக், பாசிச பாஜக அல்ல; பாசமான் பாஜக! சூப்பருக்கர.. ஏதுகை ூனைல ககிப்பரரசு ஏஆர் ரஹ்மானய நஞ்சிடிங்க.!"
image_tamil_0614.jpg,JIMIKKI KAMMAL LYRICS BE LIKE: enga appa eduthu You see bruce potuka kerala la my family Romba decent enga amma en appa brandyah.kudika se ana family Enga amma oda Nanum en thambi mark jimmiki kammal ah um adha paathu rasika
image_tamil_0615.jpg,EM MAGAN MODI VERSION 0
image_tamil_0616.jpg,*Krish
image_tamil_0617.jpg,"எப்டி நம்பி போரது.. கட பேரே இப்டி இருக்கு.. © @  1242 17 Vantha Vettuvom NTHA TUVON -Gents Beauty Salon No.1,Rajaj3Stree, Pushpa Nagar, Nungambakkam, Chennai- f/alwzsmle"
image_tamil_0618.jpg,"Yogi Babu : Sir, ellathaiyum marandhutenu sollunga avan aluvaiya niruthiruvan. Thambi Ramaiah : Thambi Naan ellathaiyum marandhuten pa.. SK : Unga peru enna sir. Thambi Ramaiah : Lakshmanan.. SK : Paathiya avaru innum edhum marakala.. 0FAMILY MEMBERS : ME"
image_tamil_0619.jpg,"Kuruvi, Sura, Villu, Aambala - All In One TROLYWOOD;) ATROLLYWOOD.TAMIL"
image_tamil_0620.jpg,Will you marry me Vimal *Arya Sayyesha Yov namakku yaerkanave kalyanam mudinjiruchu
image_tamil_0621.png,Remember you did this as a child?
image_tamil_0622.jpg,SUN MUSIC JOHNNY SIN ATROCITY TTT MEMES *CALLER TRIPHICANE FB/oTriplicane Memes CALLER MY ROLE MODEL JOHNY SIN Camera *Show Man Anchor Director *Viewers *Kalanithi Maran
image_tamil_0623.jpg,LYCA பிப்ரவரி கபொஷ்கரலன் சுந்தர்.Cuி் வெளியீடு Qi்தா NESAMANI Inangnond OCOlT
image_tamil_0624.jpg,"Salyanagar TOPPERS என்னது ""Lkg' "" Ukg"" டாப்பர்ஸா?"
image_tamil_0625.jpg,DURING EXTRA INNINGS LANGUAGE AH MUKKIYAM ENNADA PULLA ARCHANA AND HINDI LA SHIBANIYA PARU PESURANGA. DA.. FB.COMIMADRASMEMOIRS
image_tamil_0626.jpg,90's kids உதைக e ்LIE குன்னு துbat வாங்குனதும் அது உடையாம இருக்க நூல் சுத்துறதுக்கு நாங்க பட்ட பாடு இருக்கே
image_tamil_0627.jpg,"* FREND ME MACHA NAAN LOVE YENDA SINGLE'AH IRKA PANLAMNU IRKEN DA KASHTAMA IRKA? ILADA ""JIO FREE CALL"" EVLO ADICHALUM DAILY WASTE AAGUDHU! THIRUNDHA MATIYA!"
image_tamil_0628.jpg,கை நாட்டுனு இளக்காரமா பாக்காதீங்கப்பா.. f/alwzsmle -Wாேரா இப்பல்லாம் மாபைல்ல கை நாட்டு வச்சுதான் பாதுகாக்குராங்க.
image_tamil_0629.jpg,INSTA BIO'S BE LIKE k/jokrmemes.com 'Wish me on June 5th Ennada cable connection maari ketu vaanguraan.
image_tamil_0630.jpg,Macha Naan Enna Business Seiren Kellah. Enna Business Da Seire TAMIZH PASANCA *Mokke Joke Natpu MEMES None Of Your Business Da #Me Phone'eh Vei Da Panja Paradesi
image_tamil_0631.jpg,MON - SAT 10:00 PM பேயாடு முதலிரவு….. See More VelaDa Paatha Ithu Raja007 Me Sunty Peyi pombala udambukulla pugunthutu epd'da oru ponnukooda muthaliravu panna mudiyum
image_tamil_0632.jpg,kevalam sunday la vekura kari konzhambu kaga lam intha soona paana 6 naal wait panna vendiyadha iruke!!
image_tamil_0633.jpg,Boneless Chicken RS 8/= மூக்கு பாடைப்பா இருந்தா இப்படி தான் யோசிக்க தோனும்..
image_tamil_0634.jpg,WORLD FAMOUS LOVER CLIMAX BE LIKE MOKKABRO
image_tamil_0635.jpg,எங்க ஏட்டைய்யா  திருடுறது.. .? ! முன்னெல்லாம்9மணிக்கெல்லாம் எல்லோரும்தூங்கிடுவாங்க…. வீட்டுக்குள்ள பூந்து திருடிட்டு வந்துடுவேன்… #AK இப்போ வீட்டுக்கு ஒருத்தன் மொட்டை மாடில உக்காந்து விடிய விடிய போன்ல கடலை போட்டுக்கிட்டு  இருக்கான். . பொழப்பே போச்சு.  !
image_tamil_0636.jpg,Catherine Tresa in New Ad.!! Chennai Pattinam Apo intha Samayal elam Nenga than panenga apdi thane.!!
image_tamil_0637.jpg,இங்கு  சிசிடி கேம்ரா உள்ளது. இங்கு சிறுநீர்  கழித்தால் புகைப்படம்  எடுத்து மறுநாள் நியூஸ் பேப்பரில் போடப்படும். பொது கழிப்பிடம் பக்கத்து கட்டித்தில் உள்ளது
image_tamil_0638.jpg,YENNODA ANUBAVATHULA SOLDREN IVANUGA REVALUATION'NU ONNU VACHADHEY KAASU PUDUNGA THAAN BA.!! :(
image_tamil_0639.jpg,"Appa : Ena da ithu Xnxx nu search pani vechrka Me: Athuvaa paa, Athu Algebra Sum pa Assume, Y= Xnxx = Y/n = xxx Multiplying N on both sides pa, Answer: Y= xnxx Appa: Seri pa. Appa Me"
image_tamil_0640.png,அவள் கோவிலை சுற்றினால் பக்தியோடு…. நான் அவளைே சுற்றினேன் காதலோடு…. அவள் அப்பன் என்னை சுற்றினான் அரிவோளோடு…. ஒடு! ஒடு! ஒடு!!
image_tamil_0641.png,"ENGINEERING DHAANVENUMA? TROLLPETTAI INTHA ARTS,BUSSINESS ADMINISTRATION ELLAM PADIKA KUDATHA?"
image_tamil_0642.jpg,this is how girls sight the boys when boys noticed VR memes
image_tamil_0643.jpg,"Like pannala'na kooda,tag panni Like vaangreengalla da /MarrySitta.Poter313 Ungala thiruthavey mudiyadhu da"
image_tamil_0644.jpg,In Principal Room 1st Bench Student last Bench Student
image_tamil_0645.jpg,#1OYEARS CHALLENGE PIC ILLADHAVARGAL @MPPoren m pp 10 YEARS MUNNADI MAANGAVA KALLALA ADICHUM CRICKET VELAYADIYUM IRUNDHA NAAMA ORU PIC KUDA EDUTHU VEKKALAIYE
image_tamil_0646.jpg,Our expection When add our profile But reality shows Marketerz
image_tamil_0647.jpg,என்னணை அவனை போட்டு அடிக்கிறீங்க.? சக்கரை வாங்கிட்டு வீட்டுக்கு வந்து பாத்தா 100கிராம் குறைவா இருக்கே ஏன்டான்னு கேட்டா… www.alwzsmle.com fb.com/alwzsmle நடந்தா சுகர் குறையும்னு சால்றான்
image_tamil_0648.jpg,MY REACTION fb.com\ivsk18 When my relative childrens are loaged in my PC and nondifving
image_tamil_0649.jpg,"#ELECTION2019 ""நியூட்ரினோ திட்டமோ என்ன திட்டமொோ தெரியல… மக்களுக்கு நன்மை பயக்கும் திட்டங்களை கொண்டுவேருவேன்"" Paatha KIRU Ravindhran Kadal neerai aavi akuven malaigalai tharamattam akuven"
image_tamil_0650.jpg,Government Naanga Kastapattu Websites la Ban Pannuvom ah Ivanuga Nogama VPN pottu Pappanugalam
image_tamil_0651.jpg,vijaytelevision Deineeipadikandraviyanashowva pannunathakoodamannichuruvanda oVijay #Me tv AanaBlackwidowkubathila oruthiyanikaavechurukapaaru atha mattummannikaveimattenda
image_tamil_0652.jpg,IF CAMERA LENSES ARE ROUND WHY ARE THE PICTURES SQUARE?
image_tamil_0653.jpg,"ஒரு ஆங்கில தாதல் கதை.…படித்து கண்கலங்கினால் கம்பெனி பொறுப்பல்ல One day a காகம் and கொக்கு fly in the Vaanam, At that நரம் கொக்கு fell down in கடல். After that the காகம் give his க & touch the கொக்கின் கை. Suddenly ெகொக்கு sang tha song ""கருப்பான கையால் கைய புடிச்சா""… and காதல் starts between them. But காகத்தின் family rejected கொக்கு, because of its வெள்ளை colour. So, ெகாக்கு always stand in one leg in hot ெவெயிlல to become கறுப்பு. What a fantastic love story"
image_tamil_0654.png,#Indian2 Ani : Sir Intha Edathula Annamalai Bqm ah Ulta Panni Vitruvoma Shankar : Deii Fool Ithu Kamal Movie da.
image_tamil_0655.jpg,SKY 8e BJLeading
image_tamil_0656.jpg,"Valak காஞ்சான அக்கா Nee Yelam Yenaபேய் Shmi memes Climax la ஆடுவன் பாரு ஆட்டம் சூற காத்த பால வராடா, உன்ன பிரிச்சு மேய் எழுந்து வராடா டே டே டேய்"
image_tamil_0657.jpg,NOPPPPPPPP நான் இதை சொன்னால்.. பணத்திமிர்ல பேசறேன்னு சொல்லுவாங்க.!! இருந்தாலும் சொல்றேன்.. இன்றைக்கு எங்கள் வீட்டில்.. *தக்காளி சட்னி.!!*ஒ POPPPPPPPPO
image_tamil_0658.jpg,"Sarath kumar is feeling blessedwith his second pondatti Radhika oda first purushan ponnu oda ""paiyan"""
image_tamil_0659.jpg,மெஸ்ஸியும் ரானால்டோவும் தங்கள் நாட்டிற்கு செல்லும் வழியில்.. ME5S1 RONALDO 1 f/alwzsmle
image_tamil_0660.jpg,THIS IS HOW I LOOK WHEN THE TRAIN TURNS FOR LONG PVR_MEME ஹய்ய்யா…எப்புடி வளையுது பாரேன்…!!
image_tamil_0661.png,google translate english to tamil o Q ALL NEWS BOOKS SHOPPING IMAGES VIDE English  Tamil Copy x D 2 அட்லி Atli -D H0O *Google Atlee என்னா திமிரு இருக்கனும் ஒனக்கு
image_tamil_0662.jpg,மருத்துவ மானவர் ச கோர்ட்டு உத்தரவால்ப Gody தாத்துக்குப yeரaaர andiy நெல்லை 2-வது மாழிில uguy வாலிபருக்கு ஆயுள் தள்டகள குதித்கு வியாபாரி சாு மைர் சேசரி தாயும் தற்கொலை வடுகளுக்கு 3 மாதம் கெடு தூத்துக்குபு வாவிபரை கொள்று Ingdgormad melar cage மிரைவருக்கு ஆயுள் தண்டளை YCAD CUT COeNy க்கடும் தக08ள sudigo pouf 1 gnafad தின்கூன் OWig யதந்த் 20-8-201
image_tamil_0663.jpg,தோசையின் எணணிக்கயை f/alwzsmle -யாரோ சட்டினியின் தரமே தீர்மானிக்கிறது B
image_tamil_0664.jpg,Enga Vote ah Eppo sir Ennuvinga Seeman Kamal
image_tamil_0665.jpg,naduvula irukkura kambiya marathutene
image_tamil_0666.jpg,"எல்லா பஸ்'லயும் ""திருடர்கள் ஜாக்கிரதை""னு போட்ருகோங்களே ?? நியாயமா, ""பயணிகள் ஜாக்கிரதை""ு தோன போடனும் ??!!"
image_tamil_0667.jpg,என்ன தான் கலர் கலரா நாம் சோப் வாங்கிபாட்டோலும். f/alwzsmle LUX OWEA CINTHOL ECOMAIX CINTHOL வெள்ளை கலர்ல தான் நுரை வரும்… அறியதகவல்.
image_tamil_0668.png,கண்அடித்த)பார்த்தன் அவள்மயங்கவீ் கடடையால் அடித்து் பார்ததன் உடேன மயங்கவீடடாள்
image_tamil_0669.jpg,-In Maruvarthai Pesathe Song- *Dhanush Fb/ Priyan D *Megha Akash
image_tamil_0670.jpg,ச்சீ கைய எடு After-கத்தியால கிழிச்சிங்க் வசி நீங்களாகு *Audience SuRa MeMe கத்திலகிழிச்சதுக்கு பதிலா கொஞ்சம் எச்சியதுப்பி காமிச்சிருக்கலாம் ஐடியா இல்லாத வசீகரன்
image_tamil_0671.jpg,கடவுளே என்னக்கு சாப்பிட பிடிக்கல  தூங்க பிடிக்கல என்னக்கு காதல் வந்துருச்சோ… www.alwzsmle.com fb.com/alwzsmle சனியனே உன்னக்கு செமஸ்டர் வந்துருச்சு பாய் படி CO
image_tamil_0672.jpg,NGK 1st part illayam LKG 2nd partam
image_tamil_0673.jpg,* Some girls in insta bio * ∼ Stylish thamizlachi ∼ My life my rules Salemmemz ~ Haters fuckoff * But the reality is *
image_tamil_0674.jpg,RAMANAN School Students COLLEGESTUDENTS
image_tamil_0675.jpg,Common Logics of Indian Serials Chennai Pattinam Nalla Irukra Oru Kudumbatha Naalu Per Senthu Epdi Kedukranga.. Athae tha
image_tamil_0676.jpg,"& *Malik *Singaaram *Petta Velan Thangachi paasathula Malik , nallavanaa iru nammalaye minjiruvaan polaye . Romba nallavanaa irukaadha *bomb blast*"
image_tamil_0677.jpg,Dei Badavas.. Mama vithai erakifying in 4th dimention dal!! INREBSTELLAR #fyamma :- you see..thats the reason..->-> CSK vs DD final ball!!
image_tamil_0678.jpg,இங்க எத்தனை பேர் கவினுக்கு சப்போட் பன்னுரீங்க கவின் ரசிகர்கள் அத்தனை பேரும் மனநலம் பாதிக்க பட்டவங்க
image_tamil_0679.jpg,@adangoppa_mavanae SPIDER MAN.?!? AIIYOO ADHU NAMMA PURATCHI THALAPATHY DA AMBI ..!!
image_tamil_0680.jpg,at ur birthday night *friends ENGINEERI EFACDIM macha enaku accident aaidichi sekram vaada *we surprise panriya da bodysoda
image_tamil_0681.jpg,"MADRAS MEMOIRS IF UR A COLLECTOR,U SHOULD WEAR A SODAPUTTI"
image_tamil_0682.jpg,C *FANS Hey ! kai la mic Eduthutu Interview eduka varanunga .. endhirichi ulla po ..ulla po ya *Str
image_tamil_0683.jpg,சர்வதேச யாகா தினம் ஏழகம் தலைம் கழகம்
image_tamil_0684.jpg,"LOGGING OUT OF FACEBOOK,BECAUSE IT'S BORING FB ME MADRAS MEMOIRS LOGGING IN AGAIN BECAUSE IT'S BORING"
image_tamil_0685.jpg,hotstar Cinema paridhabangal hotstar இவங்க எல்லாரும் மனநல காப்பகத்துல இருக்க வேண்டியவங்க.
image_tamil_0686.jpg,ஹ்ம்ம்..நல்லாவே நடிக்கற. அடே.. அகண்ட வாயா. அவ நல்லா தாண்டா நடிக்கிறா… நீ எதாச்சம் உருப்படியா நடிக்கிறியா?
image_tamil_0687.jpg,aanda yeduthutu poran paaru Di Evan kandipa STR fana dha Di erupan nanea aadagu vaika maaruvadi kadaya thedikittu eruka evalunga vera
image_tamil_0688.jpg,*Yesterday* Vanitha : I am giving the heart to Cheran bcoz he reminds of me my brother *Today* Vanitha : I am nominating Cheran for elimination *Audience *Vanitha Kudichu erukiya. Yen epudi maathi maathi pesura..
image_tamil_0689.jpg,அடுத்து 2020 ஆண்டில் -raja
image_tamil_0690.jpg,using mobile at night time NDY Notification* ஏன் கத்துர நீயே காட்டிக்கொடுத்துடவ பொல்
image_tamil_0691.jpg,This may happen in your future Unga pazhaya Facebook post ellam padichen !neenga nallavara kettavara FB.com/HarrySitta.Poter313 Theriyalaye paaa! FB.com/HarrySitta.Poter313 #Be carefull :p Photos
image_tamil_0692.jpg,GOOD KNIGHT AD மன்த கீள் மன்த கீள் sோeயம் ோளயம் 10 KOSU IRUNTHA NORMAL MODE மனீ்த கீள்  மன்த கீள் snatu ோளw BOY BAMBHOLE GIRL 50 KOSU IRUNTHA ACTIVE MODE மன்து கீள் மன்த கீள் sgோau 30 KOSU IRUNTHA THOONGU DI SONNA PAYALE. SONNA PAYALE OVERA PESATHA
image_tamil_0693.jpg,mokkabosss BOS hi im dhanush's wife #shakshi #aiswarya dhoni irundhutu po!
image_tamil_0694.jpg,Tol ONLY PERSON WHO CAN STOP VIRAT KOHLI IN IPL 2016
image_tamil_0695.jpg,"பொண்டாட்டி கிட்ட ""என்ன பிரச்சன""' ன்னு கேட்டா ""'ஒன்னும் இல்ல""ங்கறா ஆனா நாள் புல்லா இப்படி மொறச்சிகிட்டு இருக்கா!"
image_tamil_0696.jpg,https://www.facebook.com/PNKVA KOLAKOLA'YA MUNDHIRIKA POWERSTAR ADICHA AVARAKA BERIKA KATHIRIKA PODALAGNKA
image_tamil_0697.jpg,*Atlee @Ragavan MC எல்லோ ஹீரோ'ங்களையும் வச்சி சுயம்வரம் பார்ட்-2 எடுக்கலாம்னு இருக்கன் *EndGame Director
image_tamil_0698.jpg,Apidi Sirikaatha Aatha Bayama Irukku
image_tamil_0699.jpg,"Trisha Krishnan @trishtrashers To my fans n friends from d media,I will be getting engaged to Varun on the 23 of Jan in a very private ceremony between our families 3:18 pm- 07 Jan 15 Fans Reaction Poda poda.. Facebook.com/Kaatupoochi007 Trisha Illana Divya!!!!"
image_tamil_0700.jpg,பிரதமர் பற்றி ஆய்வு மெற்கொண்டு பிஎச்டி முடித்த சூரத் மாணவர் #urat #NarendraModi #MehulChoksi KIRU தமிழன் ஆய்வு நடத்தற mogaraiya பாரு நம்ம் ஊர்ல சின்ன் kolandhaiyaகேட்டா kuda solidum கஜா புயலுக்கு ettipakadha ஒரே alu yarunu இவருக்கு ஆய்வாம்
image_tamil_0701.jpg,Comi ஹந்தா் கிாதல் C. லத்த்யம்….. ஹந்தா பைத்தயம C
image_tamil_0702.jpg,JSK FILM CORPORATION LEO VISION J.SATISH KUMAR YS.RA.MUT வேனு பாப்பா pshel aandals eslocactidon adugndh nngmenb AP சAிற்பு பேன்ஸ் என்க்குஉன்மேலதோன்சந்தேகம்.
image_tamil_0703.jpg,உடல் எடையை குறைத்த நித்யா மேனன்… #NithyaMenen டல் எடய குறத்த நூிதயா மேனள் ABD ஆகா…. - இதுவல்லவோா நாட்டிற்கு தேவையான செய்தி
image_tamil_0704.jpg,அடய் ரசத்துக்கு புளியை ஊற வைக்கச்சொன்னா… தப்பா புரிஞ்சுகிட்டிங்கிலேடோ.  f/alwzsmle
image_tamil_0705.jpg,10YEARS CHALLENGE 2009 2019
image_tamil_0706.jpg,
image_tamil_0707.jpg,me Crush typing... Crush typing... Crush Hmm ok goppan mavalay
image_tamil_0708.jpg,"NXT 'Kavin 'Losliya Cinema paridhabangal NXT Admin fvnxt.net எதுக்கு Biggboss shoயை க்கு வந்தொாம்னு தெரியாம் , வாரம் ஒரு பொண்ணு மனச கெடுக்குற அவன் ஒரு ஆம்பள் ஐட்டம்.. அந்த ஆம்பள ஐட்டத்த நம்பி , மூணாவதா வலையில விழுந்த , இது ஒரு மிக்சரு.. wildcard வந்ததும், இவன் அதுபின்னாடி போயிடுவான். இவ காவிய காதல் மாறி சீன போடுவா இ"
image_tamil_0709.jpg,SAusO - Dhilluku Dhuddu2 Heroine Padam nallaa iruku.. iva mattum.
image_tamil_0710.jpg,HEY KHALEESI INGA VAA DII ENNANGA DA? TROLL HOLLYWOOD NEE DHAAN EDHO MOTHER OF DRAGONS AAM LA DRACARYS SOLLI INDHA VAIKOL A KOLU
image_tamil_0711.jpg,பியூட்டி பார்லர் வாசலில் ஒரு வாசகம். எங்கள் கடையிலிருந்து வெளியே வரும் அழகியே பெண்ணப் பார்த்து கண்ணடிக்காதீர்கள். ஒரு வேளை அது உங்கள் பாட்டியாகக்கூட் இருக்கலாம்.
image_tamil_0712.jpg,"நாடும் நமதே, நாற்பதும் நமேத – ஸ்டாலின் கூடவே, அரசாங்க பணமும் நமதே, மக்களோட நிலமும் நம்தே, பாய் கடை பிரியாணியும் நம்தேன்னு சேர்த்து சொல்ல வேண்டியது தானே!"
image_tamil_0713.jpg,WHEN YOUR WHATSAPP GROUP ADMIN. MADE YOU AS ADMIN Facebook.com/Kaatupoochi007 AND LEFT THE GROUP
image_tamil_0714.jpg,ORJUNMEMES HEYYY EZHUMALA NAAN EZHUMALA ILLA MARUDHAMALA SODRIA NAAN MARUDHAMALA DEII MARUDHAMALA ILLA EZHUMALA IPPD NE EZHUMALAYA RENDUM ILLA NAAN ILLA MARUDHAMALAYAZ? THIRUVANNAMALA
image_tamil_0715.jpg,LOCI MEMES
image_tamil_0716.jpg,RAKSHA BANDHAN EXPECTATION fb.com/madrasmemoirs REALITY NAMAKU RAKSHA BANDHANANNIKU RAKHI KATTA KOODA ORU PONNU ILLIYE
image_tamil_0717.jpg,dt SIPL 1
image_tamil_0718.jpg,WHEN EVERYONE TROLLS SEEMARAJA BADLY BUT YOU ARE A SK FAN HDs
image_tamil_0719.jpg,"தேடலில் மிகவும் கொடுமையானது.. TE  OOTN ""செல்லோடேப்பின்"" நுனியை தேடுவது.…   "
image_tamil_0720.jpg,
image_tamil_0721.jpg,ABIRAMI 1st Week 2nd week 3rd week REWLITE WISORY Abirami BiggBoss housein Unmayana Pachondhi
image_tamil_0722.jpg,When my Friend Keep Status for Jokers Birthday.!!! Enga avar real name net la pakama solunga papom.. Chennai Pattinam Athu vanthu.
image_tamil_0723.jpg,
image_tamil_0724.jpg,nen Adryog whod
image_tamil_0725.jpg,©VishnuAV
image_tamil_0726.jpg,WHEN OPENING A LAYS PACKET consumers MARIMEMES VERUM KAATHU DHAANGA VARUDHU
image_tamil_0727.jpg,கோட்சே..முதல் இந்து தீவிரவாதி கமல் CE ஓட்டாண்டn தமிழக மக்கள் வாயில நல்லா வருது…தேர்தல் முடிவு பார்த்திட்டு இன்னமுமா உயிரோட இருக்கே
image_tamil_0728.jpg,"*Me Hey, priyanka chopra mandaya paru da @©"
image_tamil_0729.jpg,"புயல் நிவாரண நிதி , மழை நிவாரண நிதி ன்னு சொல்றானுங்க… f/alwzsmle அதே மாதிரி வெயிலுக்கும் நிவாரண நிதி ஒதுக்கடு செஞ்சா ராம்ப நல்லா இருக்கும்.. வெயிலு தாங்க முடியல… eee"
image_tamil_0730.jpg,"Maapla,ungalukuseethanam'a enna venum? Unga padam title ellamvenum El hn"
image_tamil_0731.jpg,Our Reaction When our Arrear mate says மச்சி இந்தஎக்ஸாம் க்கு நான் பாஸ் ஆகிடுவேன் டா
image_tamil_0732.jpg,RS
image_tamil_0733.jpg,"I#ELECTIONBREAKING 2019ITHE POLITICAL WAR BEGINSU PAS m.தuா அறிவிப்பு! ""நாடாளுமன்ற மற்றும் இடைத்தேர்தல்களில் எம்.ஜி.ஆர் அம்மா தீபா பேரவ சார்பில் போட்டியிட விருப்பமுள்ளவர்கள், வருகிற 16, 17 தேதிகளில் விருப்பமனுக்களை பெற்று, பூர்த்தி செய்து அனுப்பலாம்! UN MEMES"
image_tamil_0734.jpg,"Like வந்த உடன, நீங்க Like பாட்டவங்கள் மறந்துடலாம் ஆனா Likeபோட்டவங்க நீங்க திரும்ப Like பாடுற வரைக்கும் உங்களமறக்கமாட்டாங்க"
image_tamil_0735.jpg,"That Awkward Moment of Engineers RELATIVES: ENNA UNGA PAIYAN ENGINEERING MUDICHITAANA? #MYPARENTS #ME #RELATIVES ENGINEERING MUDICHITAAN, AANA ARREAR'AH PATHI NA PESA MAATAEN"
image_tamil_0736.jpg,THAT MOMENT WHEN'YOU'GO TO HOT MOTTAMAADIAT AFTERNOON'WITHOUT WEARING'SLIPPERS
image_tamil_0737.jpg,That Gethu Walk Coming Out First From Exam hall Without
image_tamil_0738.jpg,After marriage Me Enna maa nan maplai veetuku poranu nenachu kavalai padriya.. *Mom En kavalayae en maplai nenachu thaan d unkita matitu enna kastam pada porano!
image_tamil_0739.jpg,"வேலெவட்டி இல்லாதவன்தான் எந்த நரழும் Whatsap'ல் Facebookல இருப்பானாம்.. f/alwzsmle அப்பா Whatsapp, Fb பக்கமே வராதவனல்லாம் ஜனாதிபதியாவா இருக்கானுங்க… 9"
image_tamil_0740.jpg,"எங்க ஏரியால ""'ஐஸ்வரியா""வ சுருக்கமா எல்லாரும் ''ஐஸ் கூப்படுறங்க… f/alwzsmle -யாரோ நான் கொஞ்சம் வித்தியாசமா கூப்படலமேனு ""'வரியா""ன்னு கூப்படேன் அதுக்கு பாய் உேர்"
image_tamil_0741.jpg,STACKTOI Style Name: Lagori 399 *90's kid *Amazon YARUKUM ANJOM க என்னடா இது பித்தலாட்டாமா இருக்கு ! கீழ கிடந்து ஏழு கல்லு ஒரு ரப்பர் பாலுனு 30 ரூபா பட்ஜேெட்ல் முடிய வேண்டியத் 399 ரூவா போட்ருக்க
image_tamil_0742.jpg,CLOSE ENOUGH
image_tamil_0743.jpg,"Trallyunnd AFTER KILLING BAAHUBALI, KATTAPPA SAID EN CHARACTERAYE PURINJIKKA MAATENDREENGALE"""
image_tamil_0744.jpg,அதுஎன்ன டா. .மக்களோடு மக்களோய். சேலத்தில் வரிசையில் நின்று வாக்களித்தர்ர் முதல்வர் பழனிசாமி! சென்னையில் வரிசையில நின்று மக்களாடு மக்களோய் வாக்களித்தார் நடிகர் விஜெய்! SS Bharath சென்னயில் மக்களோடு மக்களாய் வரிசையில் கார்த்தி மக்கள் என்ன தீண்டதகாதவர்களா.. இல்ல நுடகர்கள் என்ன கடவளா. .?
image_tamil_0745.jpg,assim.
image_tamil_0746.jpg,10 Years Challenge 2009 2019
image_tamil_0747.jpg,"second pondatti Radhika oda first purushan ponnu oda""paiyan"" vjmemes ithu enna aptitude question aa"
image_tamil_0748.jpg,Fahad & Nazriya (2002) Fahad & Nazriya (2014)
image_tamil_0749.jpg,V_Ni Short girls Short girls are damn cute... **** Kullama Irukuradhuku Ipidi Oru Bit Ah
image_tamil_0750.jpg,WHEN SOMEONE PUTS MOKKA.. Enreaction ahpathuma dapurila...
image_tamil_0751.jpg,மெதுவா பொற வாத்துக்கு எவன்டா 'டக்கு' னு பேர் வச்சது?
image_tamil_0752.jpg,MORRA POSTU me maniima fan 2 fan 1 VIAY MC DOCO•O paarupa namma manjima vaa namba manjima vaa ithu @e
image_tamil_0753.jpg,In Nanban Movie Intha Pen ey Vachi Space la Kuda Elluthallam SRK *Students Nanga Yen da Space ku Pooga Porom
image_tamil_0754.jpg,ABU FAIZAL WATERMARK THIRUDAN This is shakshi agarwal SHAL MAR CNEMA 58 22 scThis is her voice tone
image_tamil_0755.jpg,தம்பி டயர் கியரு வெடிச்சிடபொகுது கொஞ்சம் பாத்து காத்து அடைங்க… lalwzsmle
image_tamil_0756.jpg,After NGK's trailer NEK Ayutha Ezhuthu @kgf_memes *me
image_tamil_0757.png,உலகைத்தில உண்மையான LOVERS யாரு தெரியுமா? JiljiC RJSRUTHI நம்ம உ செருப்பும் தானல் 1 பிரிந்தால் இன்னொன்று தனியா வாழாது… WWW.JILJiLRADiO.COMA
image_tamil_0758.jpg,ONE OF THE BOLD TOP ACTRESS IN KOLLYWOOD WHO HAVE GUTS TO ACT MOVIE LIKE 9OML SMUGGLER VOLC BADWORDS PESI AVUTHU KATRADHULAM BOLD ATTEMPT AYDUCHILA
image_tamil_0759.jpg,WORLD FAMOUS K.A. VALLABHA K. KRANTHI MADHAY @abistu_2.0 Arjun Reddy padathula start pannavan.. Innum Athe Thaadi Cigerrate oda irukan
image_tamil_0760.png,DD'S MINDVOICE AFTER RECEIVING AWARD FROM VJAY TY AM ENNAYUM ORU AALU NU MADICHI AWARD KUDUKIRANGA VUJAY TV ROMBA NALAVANGA PA
image_tamil_0761.jpg,ஆன்லைனில் விண்ணப்பிக்க முடியாதவர்கள் பொறியியல் படிக்க தகுதியில்லாதவர்கள் உயர்கல்வித்துறை செயலர் சுனில் பாலிவால் f Thairu vadai உழவு தொழில் செய்ய தெரியாதவர்கள் உணவு உண்ண தகுதியற்றவர்கள்.
image_tamil_0762.jpg,என்னாது ஒரு வழியா மீம்ஸ் போடறீது எப்படின் கண்டுபிடிச்சு கத்துக்கிட்டு மீம்ஸ்வரர்த்துக்கு ஜன்க்னமன்வா?
image_tamil_0763.jpg,
image_tamil_0764.jpg,இரண்டு சீப்பு வாழப்பழம் வாங்கிட்டு வர சொன்னாங்க வாங்கி கொடுத்தா கழுவி கழுவி ஊத்துராங்க நீங்களே சொல்லுங்க செஞ்சது சரியா தப்பா ??????? T
image_tamil_0765.jpg,"AGILA ULAGA MEMES #eps Na yedhuku sirichen nu ennaku theriyum, ana avan yedhuku sirichan dhan theriyala"
image_tamil_0766.jpg,காதல் வலிதான் பெரியவலினு சொல்லிட்டு இருகிறவங்க… f/alwzsmle Wாரர கதவுக்கு இடையிலை கையவிட்டு பாருங்க அப்பா தெரியும் எந்தவலி பெரியவலினு.. 
image_tamil_0767.jpg,"Dinamalar@dinamalarweb·5h DINAMALAR அ.தி.மு.க.,வுடன் தீபா பேரவை இணைந்ததாக அறிவிப்பு #அண்ணன்மகள் #A.D.M.K #ADMK 11125 எதக்கு…! @_T R_Memes Me"
image_tamil_0768.jpg,~_In _Vijay_TV_Advertisment ஜனவரி 1லி இருந்து விஜய் டிவிக்கு 25 ரூபா கட்டணும் அத பத்தி எதுவும் சொன்னியா?? fEConeAE ocobee ம்ம்ம்–சொன்னேன். இர்ருபதஞ்சு ரூபா வேணாம் ஏழுபத்தஞ்சு ரூபா போட்டுக்க சொன்னேன்.
image_tamil_0769.png,anathaigrps Ayyappañ Yaara Ivalugalam..Anbu dhan anadhai nu sonniye da
image_tamil_0770.jpg,"இதையும் படிச்சி மருந்து குடுத்தான் பாருங்க, அந்த மெடிக்கல் காொரனும் ஒரு டாக்டரே.. @@  காலை 9.00 மணிமுதல் இரவு 10.00 மணிவரை நோயாளியின் பெயர் umgla toa enxm'Ghe மஞுந்து விபாம் No. C 6 K"
image_tamil_0771.jpg,உணவக் கண்டவுடன் உலகைய வென்றது பால் மகிழும் இந்தச் சிறுவனின் புன்னகை சொல்கிறது வறுமையின் வலியை…!! -யாரா f/alwzsmle
image_tamil_0772.jpg,~ 10 years challenge be like @AJ MEMES # IN2009 #IN2019
image_tamil_0773.jpg,இலைய வெட்டி ஆட்டுக்கு பாடுவாங்க.. fb.com/alwzsmle அப்புறம் ஆட்ட வெட்டி இலையில போடுவாங்க… இவ்வளவுதான் வாழ்க்கை…!
image_tamil_0774.jpg,பசுவுக்கும் கொசுவுக்கும் என்ன வித்தியாசம் தெரியுமா..? பசு தன் ரத்தத்தை #பாலா கொடுக்குது கொசு நம்ம் ர்த்தத்தை #பாலா குடிக்கிது .. #கல்ல கீழே போடுங்க பேசி தீர்த்துக்கலாம்
image_tamil_0775.jpg,"தேர்த்ல் போர் சன்னை தொகுதி வட்பாளர் ெயவர்த தெனி தொகுதி வட்பாளர் ரவிந்திர்நாத்குமார் மதுரை தொகுதி ேட்பாளர் ராத்சத்யன் திருநெல்வெலி தொகுத் வேட்பாளர் மனோஜ்பாண்டிய Vikatan EMagazine Yesterday at 10:07 PM · 20 தொகுதிகளில் 7 வாரிசுகள்… - கருணாநிதி பாணியில் வேட்பாளர்களைத் தேர்வு செய்த ஸ்டாலின்! #DMk் #MKStalin 6mm தனக்கு  அப்புறம் தன்ுனோட  வாரிசு, தன்னோடதொழிலுக்குகொண்டுவராம், வேறதொழிலுக்குபோவுசொல்று அப்பன் இருக்குற விவசொாயத்தொழில் இல்ல அரெசியல். சகல சைதியும், அதிகாரமும், நிறைய பணமும் கிடைக்குற துறைன்றதாலதான் வாரிசு அரெசியல்செய்புறானுங்க."
image_tamil_0776.jpg,At least let me know the reason I have been summoned here என்ன Arrest பண்ணதுக்கு reason சொல்லுங்க sir.
image_tamil_0777.jpg,1+1=2MAMA APO PURIYALA KILINJASATTAI IPO PURIYUTHU
image_tamil_0778.jpg,"பெண்: '' தாசை மாவு வாோங்கப் போன என் கணவரை ஓரு வாரமா காணலை டமேடம் ... போலீஸ்: ''ஒரு வாரமா என்னம்மா செஞ்சே?.. பெண்;உப்புமா, பூரின்னு சாப்பிட்டு சமாளிக்கிறேன் மேடம்''!.."
image_tamil_0779.jpg,12YRS 18YRS 17YRS palvadi school cg0s singles
image_tamil_0780.png,Yean ma enna Engineering padikka vacha ?? Fb.com/IVSK18 Fb.com/IVSK18 VisCom padikka vacha yaarum
image_tamil_0781.jpg,அன்பு ஒன்றுதான் அனாதை சார்
image_tamil_0782.jpg,Achachoo perumale.. Enaku kalyanam agi kuzhanthai ye iruke.. ASHLIN Aana enga akkavuku inum kalyanam agalaye..!
image_tamil_0783.jpg,READING PARENTS MEETING MESSAGE FROM SCHOOL ME* UNGAL PILLAI NALLA PAATHUKONGAADIKATHINGA NALLA SORU PODUNGA EDAD APDIYA POTUIRUKU
image_tamil_0784.jpg,~Songs App frnd* Iptiye Paatu Ketutu iruntha Depression Koranchuruma SAMPATH SAM Iptiye Kettutu iruntha Data tha Koraiyum Download panni Kelupo
image_tamil_0785.jpg,உங்கள் மாபைல் உங்கள் கைரேகைய நிராகரித்த போது… ஏய் முத்து நான் தான் அண்ணன்… அண்ணன்…
image_tamil_0786.jpg,Wooooow My Favourite SollaveIlla Saptura Item Poooramae En Favourite Thaan
image_tamil_0787.jpg,KOKKI KUMARU KING OF OPENING
image_tamil_0788.jpg,"என்னதான் யமஹா, என்பீல்டு,பல்சர்னு பறந்தாலும்,""ஸ்கூட்டிய ஓவர் டேக் பண்ண முடியல் பின்னோலயே தான் போக தோணுது! டிசைன் அப்படி!"
image_tamil_0789.jpg,Next superstar En thambi Simbu dhan Nizar
image_tamil_0790.jpg,FUTURE WIFE OF CUDDALORE AREA PASANGA Thiruppapuliyur Nellikuppam U  Manjakuppam O.T Devanampattinam Pudhupalayam
image_tamil_0791.jpg,CA 13 Years Difference 17 Years Difference My Future Wife Will Be Like
image_tamil_0792.jpg,ஓரிஜினல் எலுமிச்சையை காரில் நசுக்கிவிட்டு. கெமிக்கல் எலுமிச்சையை குடித்து களிக்கிறோம்!
image_tamil_0793.jpg,Namma Padatha Torrent'la kooda download panna maaten'granga
image_tamil_0794.jpg,மாட்டுக்கறியை விட மலம் சுவையானது… நாம் அர்ஜை் சம்புத் அர்ஜூன் சார் கை குடுங்க மலத்தை 5எப்ப சாப்டிங்க
image_tamil_0795.jpg,Appa!! Enaku oru puthu mobile vaangi kudunga!! Mothala irukra mobile odaiyatum athuka apram vaangalam!! f@/belikesagala Ithu epo odanju nan puthu mobile vangrathu!!
image_tamil_0796.jpg,"SOME MEME PAGES' BIO BE LIKE @vr memes Inga Na Pesamaten En Memes Dhaan Pesum VR MEMES ME  A 2 Meme Speak,Speak Dei She's Not Speaking Da"
image_tamil_0797.jpg,CONVOCATiON DAY Criplicane Prabhu Expectation Prab Reaity
image_tamil_0798.jpg,"College ku பாக 2.50,வர 2.50 STRANGEMC மதியம் சாப்பிட் தயிர் சாதம் college போக வேற என்ன சாோர் வேணும்"
image_tamil_0799.jpg,"ஏன்டா முட்டாப்பயலே அதுக்கு உன்கிட்ட, இருக்கற mobilela கொடுத்து இருந்த அந்த குழந்தைங்க இன்னும் சந்தோசமா camera எடுத்துருக்குமோ டா..!!"
image_tamil_0800.jpg,dindiguljunetion Intha stunt ah enkayo paathurukane @dindigulLjunction indiqul_unction- Oruvela namma Vishal anna va irukuma !! PhotoGrid
image_tamil_0801.jpg,Chennai Pattinam En da ithuvum ithuvum Ungaluku e Ore mathiri ah iruku !!!!
image_tamil_0802.jpg,be like Tamila #syed . எப்படி நம்ம கூட்டணி சின்னம்…!
image_tamil_0803.jpg,*AK Adhu onumila thambi Ennaya panitruka nanban orthan 10 bullet mudugula sututan adha eduthu pottu nalvela work out * work out panitrukan panadhala pozhachan
image_tamil_0804.jpg,"facebook.com/Kaatupoochi007 Son: Appa, Porambokku paakanum paa. 100rs kudunga!! facebook.com/Kaatupoochi007 Dad: Kannaadi la poi paaru"
image_tamil_0805.jpg,X விஜய் தமிழ் #Me Neenga Rendu Perum Irukura Varaikum 2 விஜய் தமிழ் Enga Amma Enaku Soaru Potta Mari Than
image_tamil_0806.jpg,the conjuring muni insidious Kanchana 2 the nun Kanchana 3 deiii Kanchana 4 uh
image_tamil_0807.jpg,*KKR CSK Chonnai Pattinam wow mema 't fre erfwre if THANK YOU TO THE LARGEST FAMILY IN THE WORLD
image_tamil_0808.jpg,"இந்து மக்கள் கட்சி தலவர் அர்ஜுன் சம்பத் விமர்சனம்! ""திமுக வெளியிட்டுள்ள தேெர்தல் அறிக்கை வெறுப்பை ஏற்படுத்தக் கூடிய வகையில் உள்ளது; தேர்தல் அறிக்ககளை நம்பி தமிழக மக்கள் இனியும் ஏமாறமாட்டார்கள்!' #BIGNEWS பரவால்ல..""நீங்கவெறுப்பானிங்கல்ல அதுவே போதும். !"
image_tamil_0809.jpg,@TopMemesTamil Vignesh# #Nayan fans TheShivn Intha Tha***li Vera
image_tamil_0810.jpg,96 TAMIL MEMES CLUB 96 Kannada Remake
image_tamil_0811.jpg,WE ALL KNOW THAT ONE GUY WHO WEARS SPECS AND LOOKS LIKE A GOOD BOY OME MACHI BUT DOES ALL KINDS OF KASA MUSA ACTIVITIES
image_tamil_0812.jpg,ஏன்யா பணத்த மட்டும் கரெக்டா பேங்கிலே போடுறீங்களே!! அதுமாதிரி குப்பையையும் குப்பத்தாட்டில போட்டா என்ன?
image_tamil_0813.jpg,இந்த ஜிம்முக்குப் பாற பசங்கள பாத்த உடேன கண்டுபிடிச்சிடலாம். f/alwzsmle -wாேரா இரண்டு கையிலயும் சாம்பார் வாளிய துாக்கிட்டு நடக்கிற மாதிரிய நடப்பாங்க €
image_tamil_0814.jpg,Forward Psycho's Inaiku Night 11.59 Ku bathroom Pogadhinga Poninga....! Apram Adutha Varusham Tha veliya Vaaaruuuuveeengoooo!
image_tamil_0815.jpg,பாட்டு பாடுறவன் பேரு பாடகன் na !!! Arrear வைய்க்குறவன் பேரு அறிஞர் டா!
image_tamil_0816.jpg,"நாம மேல ஏற ஏற கீழ இருப்பவர்கள் சிறிதாய் தெரிய ஆரம்பித்தரல், 'தன்னட்க்கம்' என்னும் கண்ணாடி அணிந்து கொள்வது அவசியம். உணர்ந்தவன் உயர்வரான்!!"
image_tamil_0817.jpg,*fan1 *fan2 மாப்ள தலைவர் சிம்பு அண்டா அண்டாவா பால் அட என்ன மாமா நீங்க? உத்தசொல்றாரு சல்னாம்பு தண்ணிலை க்கி விகப சயT வ்தieம உததி வ02ககி வி0
image_tamil_0818.jpg,"Amold at the I music album release. 6 hours ago Like - Comment Kollywood likes this. Shankar It's not just an album. It's part of a movie 6 hours ago Like Arnold what..?... You mean, songs in a movie. 6 hours ago Like 6 hours ago Like Shankar Yes, total 7 of them. Indigenous songs with imported visuals Amnold I see 6 hours ago Like Shankar No no.. You don't see I yet. You only hear I today. 6 hours ago Like 6 hours ago Like Arnold oh..ok... what is the first song? Shankar Mersalaayitten 6 hours ago Like Arnold o. Mars-al-item?.. i it about  aliens? 6 hours ago Like 6 hours ago Like Shankar No.. nothing about mars or aliens. It is Mersalaaayitten.. its meaning? 6 hours ago Like Shankar See me now.. I am now Mersalaayiten,.teaching you Mersalaayitte.... 6 hours ago Like Amold I see 6 hours ago Like Shankar No.. not again .. You don't see I today, - None sees I till I release it. You only hear I today. 6 hours ago Like Armold summa kalaichen.. Mersalaagatha machi::) 6 hours ago Lke"
image_tamil_0819.jpg,Mr Local : Paridhabangal Ithula ithula nalla director kitta kadhaya kelunga thambi nu mimicry vera #Sk
image_tamil_0820.jpg,LYCX CERTIEIED CC 33 வlந்தா SOrCOlOT FEB 1ST WORLDWIDE Enna da ipdi aairuchu Seri vaa kelambuvom
image_tamil_0821.jpg,விளக்குமாத்துல வெச்சு அடிச்சு கொடுத்தாலும். f/alwzsmle -யாரா வெட்கம் இல்லாமல் திங்கரது ஹோட்டல் தோசையைத்தான்…@@
image_tamil_0822.jpg,Namaku pudicha Mari namba life eeingume oru nal marum #Me Kathirundu Kathirundu kalangal pooguthadii
image_tamil_0823.jpg,After watching ispade rajavum idhaya raniyum KIRU Ithu Enaku ne venum da gowtham pls da ena vitu poidadha da gowtham Boys Director Yenda kadhai nalum oru gnyayam venam endha oorla da ponunga ipdi payana pudichu kenjralunga yenamo ponga da
image_tamil_0824.jpg,"*Dad *90's kid Tv remote la irundha ""battery"" enga ..?"
image_tamil_0825.jpg,Government School-ல படிச்சா கேவலம்… Government hosptal-கு போனா கேவலம்… Government Bus-ல போனா கேவலம்… ஆனா மாப்பிள்ளை மட்டும் Government மாப்பிள்ளை தான் வேண்டுமா??? என்ன பொண்ணுங்கடா? !!!
image_tamil_0826.jpg,"புருஷன் என்பது காங்கிரீட் சிமெ்ண்ட் மாதிரி… கட்டுனே உடனேயே அடிக்கவோ, குத்தவோ, மிதிக்கவா கூடோது. நல்லா 'செட்டாக' விட்டுட்டு அப்பறமா என்ன வேணுமானாலும் பண்ணலாம்.. ஒன்னும் ஆகாது…! பொண்டாட்டிங்க மண் பாண்டம் மாதிரி ஆர்ம்பத்துலையே நமக்கு வேணுூங்கரமாதிரி மாத்திடனும், இல்லாட்டி செட் ஆயிடிச்சின்ணா அப்பறம் ஒன்னும் பண்ண முடியாது…! 4:11 P"
image_tamil_0827.jpg,NEVER LEAVE YOUR CREASE WITH ASHWIN BEHIND THE STUMPS STRIKER KU ORU MS DHONI NONSTRIKER KU... NAAN
image_tamil_0828.jpg,Intha da lemon tea naane prepare pannen Bestie Athuvum Vim bar pottu seinji iruken athula thaan 100 Lemon -oda shakti irukku
image_tamil_0829.jpg,Unga tooth paste la uppu irukka ? Enga college saapadulaye uppu illa Unaku toothpaste la uppu kekudha?
image_tamil_0830.jpg,"எந்த ""புக்க பாத்தாலும் தூக்கம் தூக்கமா வருது… இந்த "" பேஸ்புக்'க பாத்தா மட்டும் கருமம் தூக்கமே வர மாட்டேங்குது"
image_tamil_0831.jpg,காதல் என்பது Sixpack மாதிரி Maintain பண்ணலைனா போயிடும் EnnaDa OttavaAi NarayaNa th/eoundamania fb/goundamania Friendshipஎன்பது தொப்பை மாதிரி வந்துட்டா போகவே போகாது
image_tamil_0832.jpg,Vijay Television ... 1hr. செம்ம! @ சின்ன தம்பி - திங்கள் முதல் வெள்ளி இரவு 9:30 மணிக்கு உங்கள் விஜயில்.. #ChinnaThambi BTM Break Time Memes ENNADA VJAY TV MAMA VELAILAM PAKURINGA!
image_tamil_0833.jpg,ச்சீமான் சிம்பு CCIP ISUN  பேன்'ஸ் IGS SUNG isuper_star_title
image_tamil_0834.jpg,"2 5:/2 PM Dear Vodafone Customer, DON'T MISS the LOWEST EVER DATA OFFER 4 U! RE- CHARGE with Rs. 49 & get 3 GB data, valid 28 Days! Click http://bit.ly/TnVfMVALocal ME* 1GB KU 399RS SONNA NAAI NEE IPPO YARU TOP-UP PANRATHU ILLA NU OFFER THARIYA"
image_tamil_0835.jpg,"THE MOMENT OF THE MATCH..3 fb.com/madrasmemoirs MEDIA CHANNELS NOW BE LIKE KOHLI 50 ADICHATHUKU FYLING KISS THARALAYAM,ANUSHKA KU FLYING KISS THARA THAAN 50 ADICHARAM"
image_tamil_0836.jpg,AUSTRALA MATHS IN CRICKET CHEMISTRY IN CRICKET 120 KM/H RBSX PHYSICS IN CRICKET ENGLISH IN CRICKET AND STILLPARENTS THINK CRICKET IS WASTE OF TIME
image_tamil_0837.jpg,"FACEBOOK UM, FRIDGE UM ALMOST ONNU THAN PUDICHA MADHIRI ONNUM ILLANALUM ADIKADI THORANDHU PAAKA THONUM"
image_tamil_0838.png,Everyday My Reaction after lunch time fh/nanbaendaas Thoongatha Thoongatha!
image_tamil_0839.jpg,~In Star Sports Tamil Commentary ! *K.Srikanth Defacdin EFACD Dei Inga indha Uthappa enna Aadindu erukan !! Enna eraki vitta naaney olunga adipen !!
image_tamil_0840.jpg,am FK *90's GIRLS ETHUKU INTHA KUPAIYA PORUKI VACHURUKA KUPPAI ILLA MEMORIES-U
image_tamil_0841.jpg,"""ஒரு மாதத்தில் அல்ல, ஒரு நொடியில் கூடஆட்சியைக் கலைக்க முடியும்!'' 90 kids இன்னுமா இந்த உளறுவாய இத சொல்லிட்டுஇருக்கான் நாம் கிழவனாவே ஆயிருவோம் போல் இருக்கு"
image_tamil_0842.jpg,SEEMAN AND SIMBU COMBO THREE FILMS #SIMBU #SUPERSTAR FANS SIMBU #SEEMAN MOVIE BEFORE RELEASE TTT MEMES FB/oTriplicane Memes #SEEMAN CONDITION C3 MOVIE AFTER RELEASE
image_tamil_0843.png,"FACEBOOK UM, FRIDGE UM ALMOST ONNU THAN MADRAS MEMOIRS FB.COM/MADRASMEMOIRS PUDICHA MADHIRI ONNUM ILLANALUM ADIKADI THORANDHU PAAKA THONUM"
image_tamil_0844.jpg,vote potu 2 minutes kuda aagala! athukula fb la finger photo va potuta?! Break Time Memes :-) 2 seconds laye poturupan! ink kayanumey nu wait panunan!
image_tamil_0845.jpg,in 3-movie song. *Dhanus DIRAY kc Shruti தனியாக தவிக்கின்றேன் சரி நா வேனும்னா வரட்டுமா துணைவேண்டாம் என்னடா முட்டாத் தனமா அன்பே போ… பாடிகிட்டு இருக்க முட்டா பயலே
image_tamil_0846.jpg,TOMORROW IN SUN TV MANKATHA AT 3 PM. TIRUPPACHIAT 6.30 PM Madras Memoirs IRUKU NAALAIKU SOCIAL MEDIA'LA FULL ENTERTAINMENT IRUKU !!!
image_tamil_0847.jpg,ALL INDIA ANNA DRAVIDA MUNNETRA KAZUACAM ALL INDIA ANNA DNAVIDA MANNLTIA MALHAGAM LOK SABHA ELECTION 2019 ELECTION MANIFESTO Pease Prosperity Progress ithuvea thappa...
image_tamil_0848.jpg,Chennai Pattinam Legends Handling Muthupandiladifi.
image_tamil_0849.jpg,உங்கள் பழைய வாழ்க்கை மீட்டுத் தரப்படும் கட்டணம்: ரூ.5 மட்டுமே!!
image_tamil_0850.jpg,IPL na ena ? VISHWA Namba Indian Playersa Kalaichi Nambalea santhosam padrathu tan Ipl
image_tamil_0851.jpg,ON Auinchs WHEN ACCIDENTALLY OPEN MOBILE CAMERA
image_tamil_0852.png,Vignesh shivan in his new pic
image_tamil_0853.jpg,
image_tamil_0854.png,FLIPKART Ivanungalae Big Billion day nu onna aaramipaangalam sindhanazeem on Adhula Out of stock products ah Just oru rooba ku Sold out nu potu Pileem kaatuvangalaam
image_tamil_0855.jpg,Whenever vanitha opens her mouth aar Ithu KIRU We Chai sariyana lambadi pomblaiya irupa pola ivala pethaingla ila..
image_tamil_0856.jpg,Karthick G
image_tamil_0857.jpg,இதில் எத்தனை உள்ளது 3 அல்லது 4 ??? No Three Four என்னடா இது…எனக்கு தெரிஞ்ச கொஞ்சி நஞ்ச கணக்குகூட மறந்துடும் போல…என்னங்க பதில்
image_tamil_0858.jpg,
image_tamil_0859.jpg,"HOW VIJAY TV CELEBRATE BOGI PALAYA PATIENT KUMKI,RAJA RANI, SAATAI ,BAAHUBALI 2 AH DISCHARGE PANUNGA Pattinam Chennai PUDHU PATIENT PARIYERUM PERUMAL,VADA CHENNAI ,SAAMY 2,CCV AH ADMIT PANUNGA"
image_tamil_0860.png,CUSTOMERS FLIPKART ANDHA 1 Re PENDRIVE IRUKAA ENNA PENDRIVE IRUKAA TROLLWOOD;) ANDHA 900 RS LUMIA IRUKAA ENNA LUMIA IRUKAA SERI VIDUPA. ANDHA 1300 RS SAMSUNG TAB AACHUM IRUKAA ENNA TAB AACHUM IRUKAA
image_tamil_0861.jpg,WHAT YOU ORDERED BTM Break Time Memes WHAT THEY DELIVERED.
image_tamil_0862.jpg,awrad dufi
image_tamil_0863.png,WORLD FAMOUS NAAMEMECODLVARALA *Aishwarya Rajesh Unayum Vitu Vaikalaya antha Vjd 
image_tamil_0864.jpg,in boys movie துணிய தூக்கிக்கோடி நெனஞ்சிட போகுது அப்போ நீ தூக்கலனா துணி நெனஞ்சிருக்கும் அப்டிதான்
image_tamil_0865.jpg,That NALLAVAN Moment While Watching a Movie with Family and when a KISSING Scene Comes
image_tamil_0866.jpg,நான் எப்பொழுதும் தமி! மொழியின் ரசிகன்; ஆனால் தமிழ் மொழி பேசெத்தெரியாத துரதிர்ஷ்டசாலியாக இருக்கிறேன் OVLC Vera Level Comment *Modi Ji People
image_tamil_0867.jpg,I used to study I used to study under a candle under street light - Graham Alexander Bell -William Shakespeare ME ITHUKU KALAILA PADICHI IRUKALAM IDEA ILLATHA PASANGA !!
image_tamil_0868.jpg,#VJ பொண்ணுக்கு 100 கிலோ பெரிய வெங்காயமழும் .50 கிலோ சின்ன வெங்கொயமும் குடுத்துடுங்க கல்யாணம் பேசி முடிச்சுடலாம்..
image_tamil_0869.jpg,purattasi Effect Faro Enga thala zebra ku evlo Dhillu paathiyaa..?!
image_tamil_0870.png,THAT AWESOME MOMENT WHEN U FIND MONEY FROM UR OLD DRESS AT MONTH END
image_tamil_0871.jpg,IN GIRLS VERSION IN BOYS VERSION
image_tamil_0872.jpg,பெரும்பேட்டில் பரபரப்பு. வாலிபர்கைது….! து செய்யும் நாள்:23.02.2015 5ஆe? A.ராஜேஷ் C.சர்மினா் தற்றம்: பெண்ணின்  மனதை திருடவிட்டார் தீர்ப்பு மூன்று முடிச்க பேடு் Gு.செல்வம் Nayg Cegniதndr nற்t பெரும்பேடு கரோம நண்பர்கள் Ser avnge Gfel eat culeu Gre Sintger-eagr edet www.facebook.Com/timepassonline
image_tamil_0873.jpg,AJMEMES My Bra2000 rupees branded ME THAT GIRL ETHU ANTHA ROATTU KADAILA EDUTHA ATHUVA.
image_tamil_0874.png,INDIAN CRICKET TEAM In Sub Continents In OVERSEAS @Kannan
image_tamil_0875.jpg,Railv nnecti eswa
image_tamil_0876.png,GETS A 1300 GRE SC0RE RETAKES IT
image_tamil_0877.jpg,அம்மா யாரோ ஒருத்தரு..பாட்டு பாடுறாருமா…. அம்மா நடக்கிறாருமா…கோட்டுத் தனமா DANCEலாம் ஆடறாரு இவர் தான் STRஆ LI? இல்லமா… அது அவங்க Ouiun...TR
image_tamil_0878.jpg,Rajinikanth @rajinikanth Respected dear @narendramodi ji hearty congratulations ... You made it !l! God bless. 2:08 PM - 23 Mav 19 - Twitter for iPhone TNODI MEMLS BLADE Rajini
image_tamil_0879.jpg,*Sayyesha ENGINEERING EFACDIM Engu iruntha nan mannil piranthidum bothu *Arya Vera enga irunthan andrea va love panitu irunthan
image_tamil_0880.jpg,When STR fan hears about milk.. REIPM.MEN Str fan Paal ice.. Cup ice.. Yen da.. Unakku Paal ice.. vera paatu edhuvum kadaikalaya? Enapa.. Patta balama Murugar kovil nu iruku.. Balamurugan sollalam la.. Yen da kovil ka? balamurugan solura? VRR 2.0 Adhuku pandhu nu Ball kadakudhu sollalam la.. Yen ball nu paathu va pa.. Baal solra.. Sodikaadhinga da ball.. ennaya..
image_tamil_0881.jpg,இத வெறம் றா அக். ado0d FROOTI BI6E BO5S E Y நிங்கள் – நாமிறு Snd 23 மதள் pooda yen suppppp.... uhh.
image_tamil_0882.jpg,நேற்று இந்து உதமிம் திைச் பாகிஸ்தானில் தமிழக விமானி சிறைபிடிப்பு இன்று இந்து ூதமிம் திைச் இந்திய விமானி இன்று விடுதலை
image_tamil_0883.jpg,"அட்ரா அட்ரா… கோழிக்குஞ்சு : ஏம்மா மனிதர்கள் குழந்தை பிறந்ததும் அழகான பெயர்களைச் சூட்டி அழைக்கிறார்களை.? நமக்கு ஏன் அப்படி பெயர் வைப்பதில்லை. பொதுவாக ""கொழி' என்றுதானே அழைக்கப்படுகிறோம். தாய்க் கோழி : அதுவா செல்லம்…. நாம் இறந்த பிறகு அழகிய பெயரால்.. சிக்கன்65, சிக்கன் மஞ்குரியன், சிக்கன் ஃப்ரை சிக்கன் குருமா, சிக்கன் கறி, சில்லி சிக்கன், பெப்பர் சிக்கன், ஜிஞ்சர் சிக்கன், கடாய் சிக்கன், லாலி பாப் இப்படி பல பெயரிட்டு நம்மை அழைப்பார்கள்….. ! ஆனால் மனிதர்கள் இறந்தால் அனைவரையும் ஒரே பெயரில்தான் அழைப்பார்கள். பிணம்! ராஜு, கோவை."
image_tamil_0884.jpg,WHEN BIRTHDAY BOY PUT WISHES SCREENSHOTS ON STATUS GHELIAMATHATLA CBIRTHDAY WE: EVLO FRIENDS IRUKANGA NU KAAMKIRANAM
image_tamil_0885.jpg,"Gps ayiAdis . 1.220 Gang uidyph M43 ghat Bwkasth ay &idiia 1200 வருஷத்துக்கு முன்னாடி வாழ்ந்த ராஜ ராஜ சோழன் எங்க நிலத்த புடுங்கிட்டாருனு சொல்ற நீங்க… 10 வருஷத்துக்கு முன்னாடி நிலத்த புடுங்குன் திழுகவோட, ஏன்  உங்க குருமா  கூட்டணி வச்சாரு…"
image_tamil_0886.jpg,10 Years Challenges.. பிடித்ததை பகிர்வோம் #Gp For Girls. வேோம் பிடித்ததை பகிர்வோம் பிடித்ததை பகிர்வோம் 0 For Boys...
image_tamil_0887.jpg,"ஸ்டெம்பர் பால கண்டுபிடிச்சது வேணா வெள்ளக்காரனா இருக்கலாம், ஆனா அதுல் ஓட்டபோட்டாதான் உடையாம இருக்கும்ன்னு கண்டுபிடிச்சது தமிழன்டா அதுவும் 90's கிட்ஸ்டாணை"
image_tamil_0888.jpg,"TiK ToK COACHING CENTRE Let Your Dreams Come True 1G0- Classes 1st to 12th All Subject NO NEED OF GUIDES T ONLY NCERT DOOKS Mob. :9718077007, 9582812211 எதுக்கு அவுத்து போட்டு ஆடுரதுக்கா?"
image_tamil_0889.jpg,மாடு உன் கடவுள் என்றால் நான் உன் கடவுளையே திண்பேன் - பா.ரஞ்சித் RB மக்கள்: சாணிய கூடதான் பிள்ளையார பிடிச்சு வைக்கிறாம் சாணிய திம்பியா…???
image_tamil_0890.png,IF YOU SEND ONE MORE GANDY GRUSH REQUEST cHennai meme I'WILLGRUSH YOUR GANDIES !!
image_tamil_0891.jpg,Today Evening EOF Adutha PM Yaru? SEEMAN ANNA.. Modi ah.? Pappu ah..?
image_tamil_0892.jpg,"< Viswasam Pongal Ajith,Siva,Nayan,Sathya jothi Sathya Jothi Thanks all for the Blockbuster Film 10:37 AM Ajith Happy For this sir.You have won 10:38 AM You made it siva.. Congrats 1o:39 AM Nayan Happy for all 10:40 AM Siva Thank you all We made it 10:40 AM Thala appo apdiye adutha padam? 10:41 AM Ajith Removed Siva பழக்க வழக்கத்தெல்லாம் இதாட நிப்பாட்டிக்கனும் அடுத்த படம்லா கேக்க கூடாது"
image_tamil_0893.jpg,HAPPY BIRTHDAY HIP HOP AADHI.. PVP *Hip Pop *MC'S MEMES Ennoda Music ah Ama Apdi tha Pudikkalanu Troll Pannuvom..!! Panringalla..??? *TuckeruTuckeru Ippo pannunga Paakkalaam..!!
image_tamil_0894.jpg,ஏன்னே காலலயே அவன் போட்டு இந்த அடி அடிக்கிறீங்க? lalwzsmle -யாரோ பின்ன மொபைல பிளைட் மோட்ல வச்சு கீழபாட்டா பறக்குமான்னு கேக்குறான் நாயி.
image_tamil_0895.jpg,~Visvasam marriage vignesh shivan reaction TXTRMEAE MEMES Naa iruka vendiya idam.....
image_tamil_0896.jpg,Google google who is ur lover? x Q Web More Search tools Your search - - did not match any documents Suggestions: Kaála rraa Kdumà . Try different keywords *GOOGLE *SINGLES YAPPA.. GOOGLE UM NAMMALA MADHIRI SINGLE DHAAN PAA
image_tamil_0897.jpg,"2K kids Hello , i would like to order 2 cheese Pizza's , 2 chicken pizza's ,and 2 cups of noodles with chop sticks. and all of them big size... 90's kids Amma kinathula konchondu Horlicks pottu thaama, blssmaaaa....."
image_tamil_0898.jpg,90%of the boys like senba apdina. செரு்ப்பு பிஞ்சிரும்
image_tamil_0899.jpg,மனைவி Coன ஆ இருந்தா சாப்பாடு Hot ஆ கிடைக்கும்.. மனவி ஈot ஆ இருந்தா சாப்பாடு  ஆ கிடைக்கும்… f/alwzsmle -யாரோ அம்புட்டு தானுங்க நம்ம் வாழ்க்கை … 8 e
image_tamil_0900.jpg,Annapurna Restaurent 61T23 fuaIs 314 பிரேக்வேகமாக * 0திய* இரவு  UJoU 2230 Jod 2 பிரேக்பாஸ்ட்ட தான் அப்படி எழுதி இருக்கானா.…?
image_tamil_0901.jpg,ACTORS - SCHOOL STUDENTS SERIES MEME
image_tamil_0902.jpg,"கழுவிஊளைத்திட்டு காபி குடுத்தாஅது்ட்ட கடை கரபி குடுத்துட்டு கழுவி ஊத்துனா அது""கம்ப்னி மீட்டிங்"
image_tamil_0903.jpg,Bilerd ஒட்ட்கம் கூட Bisleri தண்ணிதான் குடக்கும்னு சொல்லி.. eri வியா்பாரம் பண்ற உவருயா இது…
image_tamil_0904.jpg,"டெய் தம்பிபோய் gat்e_அ.…மூடுறா…! rm ீம்ஸ் இவரு திறந்து போட்டு வருவாராம்… நாங்க போய் அடைக்கனுமாம், நீயேை அடைச்சிடு வந்து சண்டை போடுயா.!"
image_tamil_0905.jpg,"""நியூட்ரினோவால் பாதிப்பு இல்லை"" ""தேனியில் அமையவுள்ள நியூட்ரினோ திட்டத்தால் பொதுமக்களுக்கோ, வன விலங்குகளுக்கோ பாதிப்பு ஏற்படாது துளா முதல்வர் இ.பி.0ஸ் KANALI MEMEZ nee vangura 5 pathu pichaiku ithu thevathanaa"
image_tamil_0906.jpg,Valakam pola peai bangala kulla poga vendiyathu Apram jinthako jinthako nu mattikitu mulika vendiyathu
image_tamil_0907.jpg,
image_tamil_0908.jpg,TWO TYPES OF BIKE LOVERS SAAVI KUDU PHOTO EDU OTTI PAKKANUM DP MAATHANUM
image_tamil_0909.png,THAT ROMANTIC LOOK Treasure WHEN I SEE A SUPER FIGURE SLEEPING IN OPPOSITE BERTH
image_tamil_0910.png,Glen Maxwell 3 fifty's in a row.. this time from 21 balls with 6 sixes யார்சாமி இவன்? B.com/HarrySitta.Poter313 எங்கிருந்து வந்திருக்கான் ?
image_tamil_0911.jpg,VRV movie releasing on Feb 1st.!!!! Chennal Pattinam Aanda la paal varum ah ppp
image_tamil_0912.jpg,"மாதா Google பிதா தெய்வம் Google ஆ.! ஏன்டா 'குரு ல வரும். me எதுதெரில்னாலும் ge கிட்ட தான் கேக்குறோம், எல்லாமே சொல்லி தரது அது தான்.… gle தான் குரு."
image_tamil_0913.jpg,Me Pei iruka illaya..?? Pei na epdi irukum..?? Yaaro Pakavae bayagrama irukum Bestie Yasar En Bestie dha adhu... Apo pei iruku
image_tamil_0914.jpg,Fahad and Nazriya (12 years age gap) Arya and Sayesha (17 years age gap) memes 90's Kids Mmm.. Kaathirupom
image_tamil_0915.jpg,Mobile'ல Guசாதே Facebook'ஜ uார்க்காதே 0o0 அப்படின்னு சொல்லும் பெற்றோர் சொல் கேட்காதே (இப்படித்தாங்க போவுது உலகம்)
image_tamil_0916.jpg,Naanga Match Yenga Thothom theriyuma..? Aah. Ground la dhane..!! @EIPM.MEME Dinesh DtR
image_tamil_0917.jpg,Namma single ah irukuradhu karunam yarukum pudikala nu illa Playboy_ summa irukuradhu illa arutham Playboy loves more *Single Single still single
image_tamil_0918.jpg,Teacher: We cant control Global Warming! BackBenchers: pagudu popeye
image_tamil_0919.jpg,4O2 NiRmal Memez @EIPM.MEME Kangal rendum neerilae...
image_tamil_0920.jpg,#MagnificentMarina : என்ன பாண டா இவ #JallikattuProtest #YouthPower #Marinaprotest Busr guliy zriyd dippeadana தuிeaதம் தாட்ூறதம Qluதe Viay tamilargal nangal eppaium sapport +Me While reading old comments
image_tamil_0921.jpg,THAT HAPPIEST MOMENT IN KALYANA PANDHI WHEN KESARI WAS SERVED TO YOUR PAKKATHU LEAF cebook.com/vadai.poche AND YOU ARE THE NEXT !!!
image_tamil_0922.jpg,THAT AWKWARD MOMENT Fb.com/Parotta CNepleKSFb.com/Parotta When U tell the funniest thing happend in ur college to ur parents and it turns into serious advice
image_tamil_0923.jpg,Lead: Naan yaaru. Manager : OP adikkiravan Lead : General ah kekkala team la naan yaaru Manager : Lead ndra perla vela edhuvum seiyama Juniors ah meratti team la MEMES #RAVENSA Edhukku irukirom theriyama irukira oru aal
image_tamil_0924.jpg,Die hard Troller fan Unga profile report adika poren Edhuku da Wolvy Ungaluku En fav actor ah decency pathala troll panringa
image_tamil_0925.jpg,Girls Scientific calculator'a veetlaiye vitu vandhutane.. Boys  ennadhu Inaiku Exam'ku Scientific Calculator thevaiya
image_tamil_0926.png,Our Reaction when Teacher Standing behind Us  During Exams .com/kappalviyapan Evalo neram da Apa.- Yosikiramathiriye Nadikirathu Poita
image_tamil_0927.jpg,oFrnd 1 .Frnd 2 oMe Ivaru THEATRE PRINT la lam padam paaka maataram XTYESH BOYMEGA HD PRINT la thaan paaparaam
image_tamil_0928.jpg,PRAKASH MEMES rOe6@e நடிகர் ஆர்யா சாய்ஷா திருமண அறிவிப்பு வெளியிட்பட்டது SAYISHA FANS REACTION
image_tamil_0929.jpg,MSD* *koli world cup 2019
image_tamil_0930.png,எல்லா பெண்களையும் விசிலடித்து திரும்பி பார்க்க வைெத்தாலும் செருப்படி வாங்காத ஒரே ஜீவன் குக்கர் தான்!!!
image_tamil_0931.png,FO BOX OFFICE ரேப் ஸீனா இருந்தாலும் ஒரு நியாயம் வேணாமா. எந்த உருல டா ஆம்பள லிப் ஸ்டிக் போடுறான்
image_tamil_0932.jpg,"உBear தா்றணா,என்ன பண்ுவை. ! *Atulya aதுaமb பாab என்னபண்ும்"
image_tamil_0933.jpg,மனவிகேட்பதை எல்லாம் வாங்கிகொடுத்து சமாளிப்பவன் புத்திசாலி… f/alwzsmle Wார வாங்கிகொடுக்கிறன்னு சொல்லிய சமாோளிப்பவன் தான் திறமைசாலி…@
image_tamil_0934.jpg,யார் முதல்ல விட்டுக்கு டல் போறது எண்டு பார்ப்பமா? அடங்கொக்காமக்கா!
image_tamil_0935.jpg,Our Reaction on seeing IPL anchor Shibani Yen pa Chandru..kaathu vaanga ipdi kuda oru technique iruku pola
image_tamil_0936.jpg,Endhiran endhira.. endhira.. endhira. Tamil Meme
image_tamil_0937.jpg,வ்
image_tamil_0938.jpg,How padayappa killed her before itself
image_tamil_0939.png,THAT KADUPU MOMENT WHEN WE SWITCH THE CHANNEL TO JAYA TV AFTER LONG TIME TO SEE AIAUDIO LAUNCH ToOCM  AND THIS APPEARS IPPO NAMBU PAYASAM EPPADI PANURUDHU'NU PAPOOM
image_tamil_0940.jpg,"கொத்தனார் இந்த செங்கல பிடிடா போடுங்க சாமி *Civil Engineer பிடிங்க இஞ்சினியர் SAIFUL DEEN என்னைய்யா ஒரு சித்தாள் எவ்ளோ கேட்ச் பன்றான், நீ அப்டி இதெல்லாமா சொல்லி படிச்ச? இத கூட பிடிக்க தெரியல? தாராய்ங்க?"
image_tamil_0941.jpg,Close Enough LOKI
image_tamil_0942.jpg,Why can't this happen when i watch Emma Watson or Megan Fox Movies
image_tamil_0943.png,KAILAASA REVIVING THE ENLIGHTENED CIVILIZATION INMDRE ABOUT THE ONLY HINDU NATION : KAILAASA ORG கைலாசாவில் குடியுரிமைக் கேட்டு 40 லட்ச விண்ணப்பங்கள் - நித்யானந்தா NATIZMAHI MAKE FUH Nithfo Singles.
image_tamil_0944.jpg,THAT SIBLING POTTU KUDUKRA MOMENT *SIBLING APPA AVANUKU RANK CARD KUDUTHURUKANGA PA AVARUKU PAKKA TAERIYUM NEE MOODU
image_tamil_0945.jpg,AFTER MARRIAGE PANGU MEMES 'RANDOM GUY ROMBANAALKALICHU UNGAANNA KUDA VELIYAVARINGA POLA ARYA SAYISHA ILA..AVAR EN HUSBAND
image_tamil_0946.jpg,NiCe JoKe. SiripeY Varla VASI Str Fan * Aili Amala Paul indha Pillaya ivankitta irundhu Kappathi Ulla Kootipongada
image_tamil_0947.jpg,Not only boys even girls also troll boys !!! IP Pattinam Chennai When they form a Gang
image_tamil_0948.jpg,
image_tamil_0949.jpg,Du n LபேO் gdih யனுமாள் DLIOHD EIN 2nmcaoit விஜய் mplicsr dnak hotstar அனவரி 15 -16 *viewers Ella pudhu padathayum orey naal la potu.. Mattha naal elam raja rani
image_tamil_0950.jpg,ஒரு நல்ல மனைவியால் மட்டுமே… Venkatesan Jayaraman உங்கள் வாழ்க்கையில் சமநிலையை கொண்டு வர முடியும்!!!
image_tamil_0951.jpg,GAYLESTORM KU VAAIPU IRUKA INAIKU? புயல் வலுவிழந்து PAVILION KU THIRUMBIYATHU
image_tamil_0952.jpg,Ranjithnath SK *Dhanush Kai Kai Kai Kai Kai Kaiii
image_tamil_0953.jpg,மன அமைதிக்கு யாகா தான் செய்ய வெண்டும் என அவசியமில்லை… மனைவியை ஒரு வாரம் அம்மா வீட்டுக்கு அனுப்பியும் பயன் பெறலாம்…
image_tamil_0954.jpg,
image_tamil_0955.jpg,2 3 4 5 6 7 8 9 10 *MOBILE அதுல இருக்குற எல்லாத்தையும் பாத்துட்ட இனிமேல் புதுகு வேணும்னோ நீயே நடிச்கு அப்லோட் பன்ணோ தான் உன்டு
image_tamil_0956.jpg,"21 years before, Nagma had Imagino Romanso Philia Karthik memes"
image_tamil_0957.jpg,"JOTHIKA ADVICE TO TRAIN ( ENGINE ) DRIVER Ongala Nambi Enthana Family Travel Pandranga , Avangala Ninachi Happy Ah Irunga lejen_memes_2.0 Antha driver , Goods Train Driver Ah cake Iruntha Enna Pannuvinga"
image_tamil_0958.png,MAKES HAIRSTLYES facebook.com/indian.parents WITH PARACHUTE COCONUT OIL
image_tamil_0959.jpg,"Going to Write NEET Exam from Home Chennai Pattinam aud ail Alugrd On Before Entering to Exam Hall, Invigilators Be Like NESS"
image_tamil_0960.jpg,VIJAY TV SOMBU AWARDS ATROCITIES DAX Raatha VelaDa lthu Indhanga sir ungluku ana award DAX KIRU Yov na anchor pana vandhavan ya
image_tamil_0961.jpg,SIMBU *TR Yenna da vekkama ?? munadi vaa daw London poi weight loss bathila gain panitaapla athu naala avanuku vekkam vitu pogala
image_tamil_0962.jpg,kids ஆண்டவா.எனக்கு கல்யாணம் நடந்தா என் ஆளுக்கூட நடக்கனும் men'so ஆண்டவா.…எனக்குக கல்யாணம் முன்னாடி சொந்தமா ஓரு வீடு வாங்கனும் legends ஆண்டவா.…எனக்கு கல்யாணம் முன்னாடி முடி கொட்டிடாம பாத்துக்கனும்
image_tamil_0963.jpg,I hate my life @GODSON_MEMES ME GODSON MEMES Apro Neeyalam Ena P*t* da Uyiroda iruka...
image_tamil_0964.jpg,@trolling_sirr *SK_fans one year of seemaraja
image_tamil_0965.jpg,Now day's Marriage Function Mappillai Ponnu Catering services boy's
image_tamil_0966.jpg,Cofரfe'la சக்கரைய கொட்டினாலும் சக்கரைல Cரfe'ah கொட்டினாலும் கரையப் பாறது சக்கர தான் FScom/HerrySitta.Pater31 வாழ்க்கைய நெனச்சி வருத்தப்பட்டாலும் வருத்தப்பட்டுக்கிட்டே வாழ்ந்தாலும் கரையப் போறது உங்க வாழ்க்கை தான்
image_tamil_0967.jpg,Evlo than internet connetion slow va irunthaalum. Fb.com/IVSK18 Ad matum buffer aagama epdi play aaguthu....
image_tamil_0968.jpg,"∼ DURING SCHOOL DAYS 7:00 A.M 8:00 A.M 8:30 A.M 9:00 A.M ""fever vara vomiting mom says while having podra maari irku ma"" sari school CHUTTI TV ah breakfast Ku vendam"
image_tamil_0969.jpg,அம்மா : டேய் ஏண்டா முடிய நீளமா வளத்துகிட்டு ரப்பர் பேண்டெல்லாம் மாட்டிட்டு அலையறே.? பையன் : இதுதாம்மா இப்போ ஃபேஷன் அம்மா : நாயே … உங்க அக்காவ பொண்ணுபாக்க வந்தவங்க உன்ன பிடிச்சிருக்குண்ணு சொல்லிட்டு போயிருக்காங்க COSSS:
image_tamil_0970.jpg,in agayam theepidith song Solakaaatu bommaikkoru sontham yaarumilla Kaiyya vittu kaadhal pona kayyil regayilla BTECH MEMES *breakup guys apo puriyala.. ipo puriuthu
image_tamil_0971.jpg,tag that civil engineer house owner engg
image_tamil_0972.jpg,செப்டம்பர் முூதுல் IN CINEMAS FROM SEPTEMPER 06 மத்க்ஜ்ரஜா் :. #AK MEME இதே தான் அவனும் சொன்னான்..
image_tamil_0973.jpg,ஏன்டா.. பேட்ட படத்த நா சூப்பர் ஸ்டார் படம் பாக்க போகலயா…? மட்டுந்தான்பாப்பேன்….! பேட்ட சூப்பர் ஸ்டார் இனிமே தமிழ்நோட்டின் நடிச்சபடந்தானடா…? சூப்பர் ஸ்டார் சிம்புதானு சொல்லிட்டாங்க..?
image_tamil_0974.png,Os நான் 60 வருசம் Aswini Hair Oil Use பன்றண் இப்ப முட் கொட்டறது சுத்தம் நின்னு போச்சு -Thanks To Aswini---
image_tamil_0975.jpg,40 தொகுதிகளில் தனித்து போட்டி தீபா Chonnal Pattinam Mudincha Unga Deposit Panam kedaikuthanu papom.!!! Deepa ma Other Katchi's
image_tamil_0976.jpg,*HOD WHATHAPPENING ME* FOGG ISHAPPENING OLDMINE CHOD MEMES ESHDHONI EVANLAATHUZ3?
image_tamil_0977.jpg,INSTA@KRISHKAVINMEMES KRISH KAVIN DEII ANGA PAARU DA HARDIK PANDYA
image_tamil_0978.jpg,"SnjivB கன்னம்  சுருங்கிட நீயும், மீசை நரைத்திட நானும். *He *She Enna da Meesaya vae kaanom.?!"
image_tamil_0979.jpg,மெஸ்ஸியும் ரானால்டோவும் தங்கள் நாட்டிற்கு செல்லும் வழியில்.. ME5S1 RONALDO 1 f/alwzsmle
image_tamil_0980.jpg,Did you see No.!! my facebook was busy updnte? with Twitter
image_tamil_0981.jpg,Wireless Data Transfer
image_tamil_0982.jpg,உயர்தரமான் நாட்டுக்கோழி சேவல் முட்டை கிடைக்கும் கொடர்புக்கு #Ennachi எது சேவல் முட்டையா?
image_tamil_0983.jpg,லச்ஷ்மி ஸ்டோர்ஸ் முப்பது வருசத்துக்கு முன்னால கோலம் போட வேண்டியவு STK Meme #குஷ்பூ இன்னும் போட்டுட்டு இருக்கா
image_tamil_0984.jpg,Prasad FOOPR AId
image_tamil_0985.png,"மாணாவர்aள் போராட்டம் அறித்து ஏய்.தி.மaந்தறன் சரச்சை டுக்த!  ""பெண்கள் 'சைட்' அடிக்க வேண்டும் என்பதற்காகவே மாணவர்கள் போராட்டங்களில் ஈடுபடுகின்றனர்; விடுமுறையை மனதில் வைத்தே மாணவர்கள் போராட்டம் நடைபெறுகிறது"" TIN அப்போ இந்த பஞ்சு மிடடோய் விக்கிறவன் போராடம் பண்ணது, மாமிக்களை சைட அடிக்கவாஓய்"
image_tamil_0986.jpg,While Watching Videos in Fb Ad Coming soon SAMPATH SAM Yow Yow Video Arampuchu 10 Secnd thana Achu Athukula Vadaga Cycle Eduthutu Veratitu vara
image_tamil_0987.jpg,WHILE OPENING ANNA UNIV. RESULTS PAGE E This site can't be reached SANDY ENNA EZHAVU DA ITHU!! KARUMAM VANTHU THOLAYA MAATENDHU
image_tamil_0988.jpg,"Cinema paridhabangal Don't worry Julie..!!! There is Always Someone, Somewhere worse off than you..!!!"
image_tamil_0989.jpg,இனிய ப்ாங்கல் வாழ்த்துக்களுட்ன் LYCA பிப்ரவரி ிந்தா வெளியீடு Tஜnoinandr SOIEBOIOT @EIPM.MEME VRR 2.0 Nee indha varsha February ku varuviya maatiya.. Nambalama namba koodadha..
image_tamil_0990.jpg,"பெண்களிடம் கேட்கக்கூடாதது ""வயது"" /siringa.pls ஆண்களிடம் கேட்கக்கூடாதது ""சம்பளம்"" மாணவர்களிடம் கேட்கக்கூடாதது ""மதிப்பெண்"""
image_tamil_0991.jpg,*Me Ithu MEMERAJA.COM Hari Rohit Athu la
image_tamil_0992.jpg,நா யாரு Fan'னு தெரியாம நீ பேசிகிட்டு இருக்க… !!! @SudharSan.S இடிச்சதும் கிரர்னு சுத்துனல் அப்போவே தெரியுது நீ தனுஷ்fan'னு...!!!
image_tamil_0993.jpg,"மனஅமைதிக்கு யோகா தான் செல்லவேண்டும் என அவசியம் இல்லை, மனைவியை ஒரு வாரம் அம்மா வீட்டுக்கும் அனுப்பியும் பயன்பெறலாம்….!!!!"
image_tamil_0994.png,When HOD says Students With Low Attendance Will Not be allowed To Write Exams பயந்தாதரழல் பண்்மூடியுமா இவனுங்கஎய்பவுமேஇப்படிதான்..
image_tamil_0995.jpg,Dove Lifebuoy ed Aatma
image_tamil_0996.jpg,அதிகம் நல்லவனாக இருக்க நினைக்காதே.… உன்னை நடிகன் என்று சொல்லிவிடுவார்கள்… அதிகம் அன்போடு நடந்து கொள்ளாதே… அடிமையாக்கி விடுவார்கள்… அதிகம் பொறுமையுடன் நடக்காதே.… பைத்தியம் ஆகும்வரை விடமாட்டார்கள்… வெளிப்படையாக இருந்துவிடாதே… பலர் உன்னை வெறுக்க நேரிடும்… எல்லோரையும் நம்பிவிடோதே… ஏமாற்ற பலர் இருக்கிறார்கள்… கோப்ப் படாமலே இருந்துவிடாதே… கோமாளியாக்கி விடுவார்கள்…
image_tamil_0997.jpg,Meeting EX/Crush after few years Expectation Reality
image_tamil_0998.jpg,Girls Will Be Girls
image_tamil_0999.jpg,STARTED WATCHING A MOVIE IN RAJ TV MADRASMEMOIRS STILL-WATCHING
image_tamil_1000.jpg,~ When beardless guys upload 10 years challenge .. oru change um ilaye
