image_name,gemini_output,sentiment,sarcasm,vulgarity,abuse,target
image_tamil_0139.jpg,"This image is a popular Tamil meme template featuring the well-known comedic actor Vadivelu. He is wearing a red and blue checkered shirt and is leaning back against a tree, holding a finger to his lips in a shushing gesture while looking slightly off-camera with a wide-eyed, intensely warning facial expression. The Tamil text overlay at the top of the image translates to, ""I am telling you for the last time, run away quietly."" A website watermark is also visible on his shirt, and the overall image humorously captures a moment of comedic threat or final warning.",Negative,Non-Sarcastic,Non-Vulgar,Non-Abusive,Other
image_tamil_0227.jpg,"This meme depicts a screenshot from a Tamil comedy film sequence showing a small, ragtag group of men marching in a rally or protest. In the foreground, popular comedian Vivek in a blue shirt walks alongside other actors who are enthusiastically raising their fists and holding up flags or sticks, sporting dramatically serious and eager facial expressions to mimic a powerful political force. The Tamil text overlaid across the top and bottom of the image translates to, ""Is this army enough..? Do you want some more..??"" which humorously uses a famous action-movie dialogue to mockingly highlight the small and unthreatening size of the gathered crowd.",Neutral,Non-Sarcastic,Non-Vulgar,Non-Abusive,Person
image_tamil_0396.jpg,"This meme features a close-up shot of the popular Tamil actor Ajith Kumar, sporting his signature salt-and-pepper hair and beard while wearing a white collared shirt. He looks toward the side with a wide, mischievous, and sarcastically impressed grin, conveying a playful sense of disbelief. On the left side of the frame, a hand is visible holding a wooden object, likely a cricket bat. Above the scene, a black banner displays the Tamil text ""அடேங்கப்பா..."", which translates to an exclamation of amazement or surprise like ""My goodness..."" or ""Wow..."", making this meme template popular for reacting to shocking, exaggerated, or highly impressive situations.",Negative,Non-Sarcastic,Non-Vulgar,Non-Abusive,Person
image_tamil_0539.jpg,"This three-panel meme depicts a young woman in a blue saree and a young man in a dark shirt sitting at a restaurant table. In the first panel, the woman looks tense and questioning while the man looks downcast and sad, with the Tamil text translating to ""No matter how many problems there are."" In the second panel, which features a yellow smiling angel emoji on the left, the woman holds a piece of food and looks determinedly at her companion, accompanied by text translating to ""If we eat until we are stuffed."" In the final panel, the woman eagerly stuffs a large bite of food into her mouth with a focused expression, while the man remains somber and lost in thought, captioned with the text translating to ""Whether the problem gets solved or not, we will forget the problem!""",Negative,Sarcastic,Non-Vulgar,Non-Abusive,Group
image_tamil_0833.jpg,"This nine-panel meme grid features comical screenshots from a Tamil film’s boxing match sequence starring actor Vadivelu, satirically representing the clash over the ""Superstar"" title in Tamil cinema. The top row captures dramatic reactions, featuring an older man screaming in agony or excitement under the Tamil label ""Seeseeman"" (a play on a politician's name), and Vadivelu shouting in panic under the Tamil label ""Simbu"" (referring to the Tamil actor). The middle row depicts the physical struggle in the boxing ring, with Vadivelu getting hilariously defeated and looking distressed. In the bottom row, a man with a thick handlebar mustache smiles through tears of emotional pride under the Tamil label ""Fans,"" which contrasts with the final panels where Vadivelu looks completely bewildered and dejected while awkwardly handing over a championship trophy, marked by the English overlay ""super_star_title.""",Neutral,Sarcastic,Non-Vulgar,Non-Abusive,Other
image_tamil_0634.jpg,"This meme humorously summarizes the climax of the Indian film *World Famous Lover* by contrasting the protagonist's multiple romantic storylines. The top half shows four panels of the male lead, played by Vijay Deverakonda, sharing warm, romantic moments with four different female leads, with all characters expressing happiness and affection beneath the English header ""WORLD FAMOUS LOVER CLIMAX BE LIKE"". In stark contrast, the bottom half shows a photoshopped scene where the four actresses' faces are superimposed onto identical bodies of a sullen, seated woman wearing a patterned shawl, all staring blankly ahead. On the right, the male protagonist stands looking back at them with a deeply concerned and bewildered expression. The watermark ""MOKKABRO"" features the name of a popular Tamil meme creator, where the slang word ""Mokka"" translates to ""lame"" or ""silly"" in English.",Negative,Sarcastic,Non-Vulgar,Non-Abusive,Group
image_tamil_0379.jpg,"This meme features a close-up shot of the popular Tamil comedian Vadivelu in an outdoor setting with trees and another man partially visible in the background. Vadivelu displays a classic expression of sudden realization and understanding, characterized by wide, expressive eyes looking slightly upward and a neutral mouth, capturing the exact moment someone finally grasps a situation. At the top of the image, the Tamil text overlay reads ""ஓ இதான் விஷயமா,"" which translates to English as ""Oh, so this is the matter?"" or ""Oh, is that the case?"", perfectly complementing his realization-filled facial expression.",Positive,Non-Sarcastic,Non-Vulgar,Non-Abusive,Person
image_tamil_0984.jpg,"This four-panel meme humorously depicts an extreme skin-whitening transformation process using characters from popular films. In the top-left panel, hands are shown mixing a thick white cosmetic paste in a large bowl, which leads to the top-right panel where Indian actor Rajinikanth, covered head-to-toe in the white mixture, sits with a wide, comical grin. The bottom-left panel shows a bald, dark-skinned Hindu priest looking deeply confused and skeptical with a furrowed brow, while the bottom-right panel features the bald, extremely pale character Ancient One from the movie Doctor Strange looking serious and solemn. The meme jokingly implies that the priest underwent the intense whitening procedure shown above to transform into the pale Ancient One. In the center of the collage, the name ""Prasad"" is written in a colorful, 3D English font as a watermark, with no Tamil text present in the image.",Positive,Sarcastic,Non-Vulgar,Non-Abusive,Group
image_tamil_0418.jpg,"This meme features a scene from a Tamil film set in a rustic, thatched-roof village tavern where comedian Vadivelu, wearing a white shirt and a blue headband, eagerly reaches out to another man dressed in a white shirt and checkered lungi. Vadivelu sports a highly enthusiastic and slightly scheming expression as he extends his hands, while the other man looks down with a hesitant and skeptical gaze. The yellow Tamil text overlay at the top translates to, ""Shall we pair up your money and my money, partner?"" humorously depicting a proposal to combine funds that likely benefits the proposer.",Negative,Non-Sarcastic,Non-Vulgar,Non-Abusive,Person
image_tamil_0291.jpg,"This meme features a still from a classic Tamil comedy scene where a man on the left, dressed in a white shirt with a red towel over his shoulder, angrily raises a whip or stick while clutching the arm of the popular comedian Vadivelu. Vadivelu, wearing a plaid shirt, is pinned against a blue vehicle and displays a comical look of fear and helplessness as he cringes in anticipation of being struck. The bright green Tamil text at the top reads ""நாட்டுக்கு இப்போ இது ரொம்ப முக்கியம்..."", which translates to ""This is very important for the country right now..."" and is widely used online as a sarcastic reaction to mock trivial, irrelevant, or sensationalized news and debates.",Negative,Non-Sarcastic,Non-Vulgar,Non-Abusive,Person
image_tamil_0315.jpg,"This meme features a screenshot from a classic Tamil film, depicting the comedian Goundamani in a white shirt and dhoti pointing an accusing finger at a small child wearing a yellow shirt. To the right, a woman in a pink saree looks on attentively. Goundamani's expression is one of exasperated anger, while the child stands quietly in front of a rustic, thatched-wall backdrop with a piece of blue cloth hanging behind them. The yellow Tamil text on the black bar at the top translates to, ""If only we had killed this on the very day it was born by pouring cactus milk, would it do things like this?"" which is a dark-humored, hyperbolic expression used to convey intense frustration over someone's annoying or mischievous behavior.",Positive,Non-Sarcastic,Non-Vulgar,Non-Abusive,Other
image_tamil_0149.jpg,"This meme features two men inside a car looking upwards, captured from a high-angle view. The man on the left, wearing a pink shirt, looks up with a curious and slightly skeptical expression, while the man on the right, dressed in a colorful plaid shirt, looks absolutely ecstatic, with wide eyes, a delighted smile, and hands raised in a gesture of adoration. The Tamil text overlay at the top translates to, ""Hey partner, look here... your girl has posted a poem,"" accompanied by heart-eyes emojis, humorously capturing the dramatic, love-struck reaction of a friend finding out their romantic interest has shared a poetic post.",Positive,Non-Sarcastic,Non-Vulgar,Non-Abusive,Person
image_tamil_0219.jpg,"This meme features a close-up of the well-known Tamil comic actor Vadivelu looking upward with an expression of utter bewilderment, his eyes rolled skyward as he scratches his head with his right hand. He is wearing a pink collared shirt against a softly blurred, patterned background. The Tamil text overlaid above him in yellow translates in English to, ""My head literally spun for two minutes,"" perfectly capturing a state of extreme confusion, disbelief, or shock.",Negative,Non-Sarcastic,Non-Vulgar,Non-Abusive,Person
image_tamil_0232.jpg,"This meme features Indian actress Tamannaah Bhatia looking highly irritated and angry, with her eyes wide, teeth bared, and both fists clenched and raised at her sides in a threatening or exasperated gesture. At the top of the image, a Tamil text overlay reads ""எனக்கு வர்ற கோவத்துக்கு உங்களை..."" accompanied by two angry emojis, which translates to ""For the anger I am getting, I'll do something to you..."" representing a humorous threat of retaliation or extreme frustration directed at the viewer. In the bottom-left corner, a small watermark logo for a Tamil comedy meme website is visible.",Negative,Sarcastic,Non-Vulgar,Non-Abusive,Person
image_tamil_0919.jpg,"This two-panel meme uses scenes from a Tamil film to create a literal, humorous interpretation of a dramatic song lyric. In the top panel, a close-up shows a man with a sorrowful, distressed, and teary-eyed expression, accompanied by the Tamil text overlay, Kangal rendum neerilae, which translates to ""both eyes are in the water,"" a poetic lyric traditionally referring to eyes filled with tears. The bottom panel shows a couple standing on a small boat in a river amidst a heavy downpour, but it humorously takes the lyric literally by photoshopping a pair of disembodied human eyeballs floating in the river water next to the boat.",Neutral,Sarcastic,Non-Vulgar,Non-Abusive,Group
image_tamil_0713.jpg,"This internet meme humorously illustrates the sudden, overwhelming responsibility of being unexpectedly made a WhatsApp group admin right before the previous admin departs, utilizing dramatic stills from classic Tamil cinema. The top half of the meme features the text ""WHEN YOUR WHATSAPP GROUP ADMIN, MADE YOU AS ADMIN"" above two panels showing actor Nassar with a bewildered and panicked facial expression while holding a document, alongside a woman holding a baby who looks equally shocked and concerned. The bottom half contains the text ""AND LEFT THE GROUP"" below an image of a man standing in a traditional white dhoti and dark shawl with a stern, imposing expression at the entrance of a grand mansion staircase, representing the sudden and intimidating transition of power. A faint watermark in the center reads ""Facebook.com/Kaatupoochi007,"" where the Tamil word ""Kaatupoochi"" translates to ""wild insect"" or ""forest bug.""",Negative,Sarcastic,Non-Vulgar,Non-Abusive,Person
image_tamil_0325.jpg,"This meme features a middle-aged South Indian man with glasses and a light purple button-down shirt, sitting on a chair and looking towards the camera with a polite, knowing, and slightly amused smile. Above him, a black banner displays the Tamil text ""வெரி வெரி நைஸ்!!!"", which translates to ""Very very nice!!!"" in English. The image, commonly used to convey mild appreciation, polite approval, or sarcastic praise, also includes a small logo and the website watermark ""ROFLPHOTOS.COM"" in the bottom-left corner.",Positive,Non-Sarcastic,Non-Vulgar,Non-Abusive,Person
image_tamil_0778.jpg,"This Tamil comedy meme features a scene set in a police station with a distressed-looking woman in a saree holding her cheek in worry, a bewildered young man looking on behind her, and a female police officer in uniform sternly pointing her finger while questioning them. The Tamil text overlay translates to a humorous exchange where the woman reports, ""My husband went to buy dosa batter and has been missing for a week, Madam,"" to which the officer asks, ""What did you do for a week, ma'am?"" expecting to hear about her search efforts. However, the naive woman hilariously misinterprets the question and replies, ""I managed by eating upma and poori, Madam!"" revealing that her only concern during his disappearance was how she substituted her meals without the dosa batter.",Neutral,Sarcastic,Non-Vulgar,Non-Abusive,Person
image_tamil_0543.jpg,"This four-panel meme humorously contrasts an edited photo with an original, accompanied by a reactive scenario. In the top-left panel, the face of Tamil comedian Vadivelu, complete with a thick, fake mustache and a defiant expression, is edited onto a woman's body wearing a white strappy top with sunglasses on her head. The top-right panel shows the original photo of a woman smiling gently in the same pose. The bottom panels depict Vadivelu in a sports shirt reacting with intense, comical fury: on the left, labeled *Priya, he points accusingly with a grimace, and on the right, he clutches a stone with a look of extreme regret and frustration. The Tamil caption at the bottom translates to, ""I trusted you and posted this... My brain should be beaten with a slipper,"" which is a colloquial expression of deep self-regret for making a foolish decision based on trust.",Negative,Sarcastic,Non-Vulgar,Abusive,Person
image_tamil_0618.jpg,"This meme features a humorous Tamil dialogue exchange followed by a reaction template showing a family laughing at an embarrassing failure. The text at the top translates to Yogi Babu advising, ""Sir, tell him you forgot everything so he will stop crying,"" to which Thambi Ramaiah claims, ""Brother, I have forgotten everything."" However, when SK asks, ""What is your name, sir?"" Thambi Ramaiah instantly replies, ""Lakshmanan,"" prompting SK to point out, ""See, he hasn't forgotten anything yet."" Below, the reaction panels depict a group labeled as family members laughing hysterically and pointing at a young man in a black shirt, labeled as me, who reacts with embarrassment and facepalms at his own obvious blunder.",Neutral,Sarcastic,Non-Vulgar,Non-Abusive,Person
image_tamil_0978.jpg,"This meme uses a split-screen contrast to humorously juxtapose romantic idealism with the harsh reality of aging. The top panel features a romantic scene between a young couple with the Tamil text translated as When your cheeks wrinkle and my mustache turns grey, representing a classic poetic promise of growing old together. The bottom panel features the famous Tamil comedian Vadivelu in a scene where he looks at a man who has lost his mustache, with the Tamil text asking where his mustache went, highlighting the funny irony that in reality, aging often results in the loss of features like a thick mustache rather than just a graceful transition to gray. The comedic timing relies on the contrast between the dramatic sentiment of the first image and the confused, observant expression of the actor in the second, effectively subverting the romantic trope.",Neutral,Sarcastic,Non-Vulgar,Non-Abusive,Other
image_tamil_0847.jpg,"The provided image is a meme contrasting a typo in a political campaign poster with a reaction from a politician. The top half shows an election manifesto from the All India Anna Dravida Munnetra Kazhagam party, featuring a glaring typographical error where the word Peace is misspelled as Pease. The bottom half displays a photograph of Edappadi K. Palaniswami, a prominent party leader, covering his face with his hand in an apparent gesture of frustration or embarrassment, accompanied by the Tamil text ithuvea thappa, which translates to is this itself a mistake or is this all it takes for a mistake to happen. Together, the meme suggests that the party leadership is disheartened by the unprofessional spelling error displayed on their own official election material.",Negative,Sarcastic,Non-Vulgar,Non-Abusive,Other
image_tamil_0342.jpg,"This meme features a close-up shot of the famous Tamil comedian Vadivelu, who displays a look of intense suspicion and skepticism with narrowed eyes and a serious, slightly judgmental facial expression. Superimposed over his image in red text is the Tamil phrase Nammalaye overtake panniduvar pola, which translates to ""It looks like he might overtake us"" or ""It seems like he is going to get ahead of us."" The image captures a classic comedic trope where the character anticipates someone else’s attempt to outdo or surpass him, using his signature deadpan expression to convey a mixture of apprehension and dry wit.",Negative,Non-Sarcastic,Non-Vulgar,Non-Abusive,Person
image_tamil_0512.jpg,"This meme features a screenshot from a Thanthi TV news broadcast showing a politician, identified as the former Chief Minister of Tamil Nadu Edappadi K. Palaniswami, delivering a speech from a podium during an election campaign. The red circle highlights a man standing on the balcony of a building behind the politician, who appears to be ignoring the speech and looking away, which is presented as a humorous display of indifference. The Tamil text at the top translates to, ""A Chief Minister is coming to campaign! Look at how he respects him!"" followed by laughing emojis. A thought bubble on the right adds the sound effect ""Kakakapo!"" to emphasize the mockery. The news ticker at the bottom carries the headline, ""We need a strong Prime Minister.""",Neutral,Sarcastic,Non-Vulgar,Non-Abusive,Person
image_tamil_0701.jpg,"This meme features a still of an actor from a Tamil film looking upward with a confused, slightly skeptical expression, his face conveying a mix of annoyance and questioning thought. The Tamil text overlaid on the image reads, ""Noi vandha vaithiyam... kadhal vandha paithiyam..."", which translates to, ""If you get a disease, there is medical treatment... but if you fall in love, you go insane..."". The caption juxtaposes the idea that physical ailments have cures, while suggesting that the experience of love is akin to a form of madness, a common theme in humorous social media commentary about the struggles of romantic relationships.",Negative,Sarcastic,Non-Vulgar,Non-Abusive,Organization
image_tamil_0434.jpg,"This meme features a frame from a classic Tamil comedy film starring actor Vadivelu, who is shown walking through a corridor with a bundle of belongings balanced on his head and a wide, gleeful grin on his face. The expression captures a sense of carefree excitement or the comical start of an unexpected journey. The Tamil text at the top, ""Indha kelambitomla,"" translates to ""Here we go"" or ""We are finally leaving,"" and is commonly used in internet culture to humorously signify the act of starting a task, embarking on a trip, or decisively exiting a situation.",Negative,Non-Sarcastic,Non-Vulgar,Non-Abusive,Person
image_tamil_0696.jpg,"This meme features an edited image of American television host Steve Harvey sitting in the hot seat of the game show Who Wants to Be a Millionaire, wearing a look of intense, comedic shock and wide-eyed confusion. The text overlay, written in Tamil, presents a humorous, nonsensical question that translates to, ""Which is the vegetable that Powerstar hit?"" along with four options representing various vegetable names including Avaraka (flat bean), Berika, Kathirika (eggplant), and Podalagnka (snake gourd). The humor relies on the juxtaposition of the serious, high-stakes game show setting with a ridiculous, pop-culture-referencing question involving the eccentric Tamil actor known as Powerstar Srinivasan.",Negative,Sarcastic,Non-Vulgar,Non-Abusive,Group
image_tamil_0656.jpg,"This meme utilizes a scene from a Tamil film to comedically contrast the intensity of horror movie ghosts with the absurdity of a specific content creator's antics. In the upper panel, a man sits with two others, and the text asks why people are ghosts, with labels identifying them as Kanchana Akka, a famous horror movie character, and Valak, the antagonist from The Conjuring universe. In the lower panel, the same man is suddenly seen dancing in a bright red saree, and the caption mockingly warns a ghost to come during the climax of the movie to perform a dance, challenging them to approach like a storm and warning them not to get up to cause trouble. The overall humor relies on the juxtaposition of terrifying cinematic horror icons with the sudden, flamboyant, and comedic transformation of the character in the scene.",Neutral,Sarcastic,Non-Vulgar,Non-Abusive,Person
image_tamil_0835.jpg,"This meme features a composite image highlighting the media's tendency to sensationalize the personal life of cricketer Virat Kohli during matches. The top section shows a split screen with Kohli on the field and actress Anushka Sharma in the stands, labeled as the moment of the match. Below this, a popular frame from a Tamil film depicts an actor with a wild, wide-eyed expression and raised hands, representing the over-the-top reaction of news channels. The Tamil text, which translates roughly to the media claiming that Kohli only scored his fifty so he could blow a flying kiss to Anushka, and that he only hit the fifty because he had to blow her that kiss, mocks how broadcasters obsess over their relationship during live sports coverage.",Positive,Sarcastic,Non-Vulgar,Non-Abusive,Other
image_tamil_0452.jpg,"This meme features a woman in an orange sari looking directly at the camera with a stern, unimpressed expression while holding a slipper up in her hand as if ready to strike. The Tamil text at the top reads Inpaksukku vantha, which translates to When it comes to the inbox. The image uses a comedic, relatable tone to suggest a sharp, defensive reaction to unwanted or inappropriate direct messages, contrasting the physical threat of the slipper with the virtual nature of social media interaction.",Neutral,Sarcastic,Non-Vulgar,Non-Abusive,Person
image_tamil_0653.jpg,"This image presents a humorous, nonsensical short story blending English and Tamil text, framed by a sarcastic disclaimer at the top that the company is not responsible if the reader cries from reading this sad English love story. The narrative describes a crow and a crane flying in the sky, where the crane falls into the sea, leads to a romantic encounter involving a song, and culminates in the crane standing on one leg in the hot sun to change its white color to black so the crow's family will accept it. The text uses Tamil words for various nouns and concepts, such as crow (kaagam), crane (kokku), sky (vaanam), time (neram), sea (kadal), hand (kai), black (karuppu), white (vellai), and heat (veyil). It concludes with a mocking final remark calling it a fantastic love story, highlighting the absurdity of the plot through its playful mix of languages and illogical premise.",Negative,Sarcastic,Non-Vulgar,Non-Abusive,Person
image_tamil_1000.jpg,"This meme features a screenshot from a Tamil film showing a man looking at a woman who is giving him a skeptical, confused, and unimpressed facial expression. The top text humorously points out the situation of beardless men participating in the ten-year challenge, where a lack of facial hair growth makes it difficult to distinguish between their younger and older selves. The text at the bottom, oru change um ilaye, translates to there is no change at all, which complements the woman's disappointed expression as she observes that the man's appearance has remained identical over the decade.",Neutral,Sarcastic,Non-Vulgar,Non-Abusive,Group
image_tamil_0102.jpg,"This meme features a humorous still from an Indian film depicting a man being carried bridal-style by another man, while the person being held has orange-colored snacks placed on his fingers to resemble long, cartoonish claws. The man being carried displays a playful and exaggerated facial expression, looking toward the camera with pursed lips and a mischievous gaze. The top of the image features the text Childhood Memories followed by three laughing emojis, suggesting a nostalgic connection to the common childhood habit of wearing snacks like bugles or ring-shaped chips on one's fingers during play.",Neutral,Non-Sarcastic,Non-Vulgar,Non-Abusive,Other
image_tamil_0147.jpg,"This meme features a humorous scene from a Tamil film starring the comedian Vadivelu, who is shown wearing a pink blazer and jokingly grabbing a young boy's head with a mock-aggressive expression. To his side, another man watches with a look of stunned disbelief or confusion, his mouth slightly agape at the scene unfolding before him. The Tamil text overlay, which translates to ""Look at the kind of work he is doing at this young age,"" serves as a sarcastic or playful commentary typically used in social media contexts to mock someone's strange, foolish, or unexpected behavior, framing the character's actions as an absurd display of incompetence or mischief.",Negative,Non-Sarcastic,Vulgar,Non-Abusive,Person
image_tamil_0524.jpg,"The meme juxtaposes two distinct visual narratives to create a comedic effect based on the contrast between romantic intimacy and cynical observation. The top portion features a classic romantic scene from a South Indian film, where a man and a woman share a tender, smiling moment under a blue umbrella, embodying a quintessential cinematic courtship. Below this, the image cuts to a frame featuring the popular Tamil comedian Vadivelu, labeled with the asterisk-prefixed name Jeeva, who is shown wearing a raincoat and looking directly into the camera with a deadpan, unimpressed, and slightly cynical facial expression. By positioning this observant and unimpressed character beneath the romantic pairing, the meme highlights the disconnect between the idealized, overly dramatic nature of film romances and the grounded, skeptical perspective of a third-party observer who is not buying into the sentimentality.",Negative,Sarcastic,Non-Vulgar,Non-Abusive,Person
image_tamil_0865.jpg,"This meme features a still image of a man dressed as a doctor, captured with his face contorted into a grimace of extreme discomfort and forced shyness. The image is set in a sterile hospital hallway, providing a backdrop that contrasts with the humorous emotional reaction depicted. The Tamil word Nallavan translates to a good or virtuous person, which, in the context of this internet meme, refers to the socially awkward or overly modest behavior of someone trying to maintain an appearance of innocence or righteousness. The accompanying text explains that this expression represents the internal struggle and embarrassment one experiences when an unexpected kissing scene occurs while sitting in the living room with one's parents or family members.",Neutral,Sarcastic,Non-Vulgar,Non-Abusive,Group
image_tamil_0300.jpg,"This meme features a still of the popular Tamil comedian Vadivelu standing on a beach with a look of comedic desperation or anticipation. The text overlay, written in Tamil, translates to, Salary is still a week away, so why are my hands itching, which is a common cultural expression used to describe the urge to spend money or the inability to control the desire to go shopping. His expressive, pained face combined with his hand gestures perfectly captures the relatable feeling of having an empty wallet while still wanting to spend money before payday arrives.",Negative,Non-Sarcastic,Non-Vulgar,Non-Abusive,Person
image_tamil_0996.jpg,"This image features a collection of cynical life advice written in Tamil against a simple, dark background. The text serves as a series of cautionary statements, warning against being too trusting or virtuous in a world that might exploit such traits. Translated into English, the advice suggests that one should not be too good, or people will call you a hypocrite; do not be too affectionate, or they will make you a slave; do not be too patient, or they will drive you to madness; do not be too transparent, or many will come to hate you; do not trust everyone, as many are waiting to cheat you; and finally, do not be without anger, or they will treat you like a clown. The overall tone is one of guarded realism, conveying a message that excessive kindness and vulnerability often lead to mistreatment by others.",Negative,Non-Sarcastic,Non-Vulgar,Non-Abusive,Person
image_tamil_0876.png,"This meme features a still image of the character Chatur Ramalingam from the Indian film 3 Idiots, who is portrayed as a competitive and academically obsessed student. The man is wearing thick-rimmed glasses and a pink button-down shirt, displaying a strained, somewhat socially awkward smile that captures his stereotypical perfectionist personality. The text at the top reads gets a 1300 GRE score, while the text at the bottom reads retakes it, highlighting the absurd pressure to achieve academic perfection even when a high score has already been attained. There is no Tamil text present in this image, as all text overlays are written in English.",Neutral,Non-Sarcastic,Non-Vulgar,Non-Abusive,Person
image_tamil_0817.jpg,"This meme features a four-panel sequence from a Tamil film starring actors Dhanush and Karunas, used here to poke fun at the extreme devotion of fan cultures. In the first panel, a fan claims that their idol, Simbu, has requested that they pour giant vessels of milk over his cutouts, a common celebratory practice in South India. In the second panel, the other fan skeptically questions him. By the third panel, the first fan jokingly retorts that they should pour lime water instead, implying it would produce a better result for cleaning. In the final panel, the second fan enthusiastically agrees, shouting to go ahead and pour it. The facial expressions capture a comedic, exaggerated intensity that mocks the absurdity of such intense fan rituals.",Neutral,Sarcastic,Non-Vulgar,Non-Abusive,Group
image_tamil_0004.jpg,"This meme features a still image of the popular Tamil comedian Goundamani sitting in a field while looking down at his foot with a pained, resigned, and slightly bewildered facial expression. The Tamil text overlay at the top reads Adichade police thanam chithappu, which translates to The police station is the one that hit me, uncle. The image captures a classic cinematic moment of helplessness and dry humor, often used in social media to depict situations where a person has been confronted or punished by an authority figure or experienced a situation that resulted in an unexpected and unpleasant outcome.",Positive,Non-Sarcastic,Non-Vulgar,Non-Abusive,Person
image_tamil_0547.jpg,"This two-panel meme features stills from a South Indian film depicting a common domestic situation. In the top panel, a man labeled as me stands in a field looking down at a basket, while a woman labeled as mom stands beside him holding a large, folded piece of plain white cloth. In the bottom panel, the man continues to watch as the woman dramatically unfurls the cloth, which is now labeled as our old clothes. The humor lies in the relatable trope of a mother repurposing worn-out garments into makeshift rags for household chores like cleaning the kitchen. There is no Tamil text overlay in the image, as the labels provided in the meme are already in English.",Neutral,Sarcastic,Non-Vulgar,Non-Abusive,Group
image_tamil_0071.jpg,"This meme features a still from a Tamil film showing a man standing in a body of water while tenderly carrying another man in his arms, reminiscent of a romantic film trope. The man being carried appears relaxed and slightly theatrical in his posture, while the man holding him looks down with a serious and protective expression. The Tamil text overlaid at the top translates to ""At least do something useful,"" which creates a humorous juxtaposition by contrasting the dramatic, romantic visual with a sense of frustration or a plea for someone to finally accomplish something meaningful in life.",Neutral,Non-Sarcastic,Non-Vulgar,Non-Abusive,None
image_tamil_0145.jpg,"This meme features a still from a classic Tamil comedy film starring actors Pandiarajan and Vadivelu, where both characters are standing outdoors in a rural setting looking puzzled and concerned. Vadivelu, on the right, wears a light yellow shirt and sports a wide-eyed, startled facial expression that suggests he has just encountered a problematic or troublesome situation. Above the actors, the Tamil text reads Aaha ivan villangamana aalache, which translates to Oh, he looks like a dangerous or troublesome person. The image serves as a humorous reaction meme used to describe scenarios where someone realizes they are dealing with a person or a situation that is bound to lead to complications or trouble.",Neutral,Non-Sarcastic,Non-Vulgar,Non-Abusive,Person
image_tamil_0010.jpg,"This meme features a widely recognized close-up shot of the popular Tamil comedian Vadivelu, who is dressed in a vibrant yellow floral garland and a decorative headpiece, appearing to stand on a beach. His facial expression is one of intense irritation and stern warning, highlighted by his furrowed brows and a finger raised in a gesture of admonition. The Tamil text overlaid on the image translates to, ""Look here, you are crossing your limits; listen to what I say and stop it with this."" The image is frequently used in social media discourse as a humorous way to signal that someone is going too far or acting inappropriately and needs to cease their behavior immediately.",Neutral,Sarcastic,Non-Vulgar,Non-Abusive,Person
image_tamil_0489.jpg,"This meme features a close-up shot of the popular Tamil comedian Vadivelu, who appears with a disheveled look, messy hair, and what looks like dirt or powder smeared across his cheeks. His expression is one of exaggerated, almost manic joy, with his mouth wide open in a laugh that conveys a sense of chaotic excitement or relief. The Tamil text overlaid at the top translates to ""Aha, increase it by one, increase it by one,"" a famous dialogue often used in social media contexts to represent someone encouraging an increase in a quantity, intensity, or performance. The image serves as a humorous reaction template to express enthusiasm, mockery, or the feeling of being overwhelmed by an ongoing situation that just keeps growing.",Negative,Non-Sarcastic,Non-Vulgar,Non-Abusive,Person
image_tamil_0251.jpg,"This meme features a frame from a Tamil film showing a person in a plaid jacket standing with their back to the camera, leaning against a pink pillar as if sulking or pouting. The person's face is not visible, which reinforces the mood of someone who is intentionally avoiding interaction. Superimposed over the image in a bold yellow font is the Tamil text, ""நான் கோவமா இருக்கேன்! யாரும் என்கிட்ட பேசாதீங்க..."", which translates to, ""I am angry! Nobody talk to me."" The visual combination of the pouting posture and the assertive text creates a humorous representation of someone acting childishly upset to gain attention.",Negative,Non-Sarcastic,Non-Vulgar,Non-Abusive,Person
image_tamil_0259.jpg,"This meme features a still from a classic Tamil comedy film starring actors Vivek and Senthil sitting alongside another man, capturing a humorous moment of frustration. In the image, the central character played by Vivek appears to be desperately pleading or complaining with an animated facial expression, while the others look on with varied reactions. The Tamil text overlaid on the image translates to, Vijay TV doesn't come in my area... please leave me alone, reflecting a relatable and comical sense of exasperation where someone is being pestered about a television channel that is not even available to them.",Positive,Non-Sarcastic,Non-Vulgar,Non-Abusive,Person
image_tamil_0423.jpg,"This meme features a widely recognizable still of the popular Tamil comedian Vadivelu, who appears to be on the verge of tears with a distressed and pleading facial expression. His hands are held out in a gesture of helplessness, reinforcing a sense of being wronged or unfairly targeted. The text overlay in Tamil, Adappavingala... naan enna da paavam pannen ungalukku, translates to English as, You heartless people, what sin did I commit against you? The image is frequently used across social media to humorously express shock, frustration, or a sense of injustice when the subject finds themselves in a difficult or absurd situation due to the actions of others.",Negative,Non-Sarcastic,Non-Vulgar,Non-Abusive,Person
image_tamil_0712.jpg,"This political meme features a split-layout composition contrasting a prominent politician with a popular comedic duo. The top section shows M.K. Stalin, the Chief Minister of Tamil Nadu, raising his hand alongside the caption, ""The country is ours, all forty [constituencies] are ours – Stalin,"" which was a campaign slogan during the general elections. Below this, a screenshot from a Tamil comedy film depicts the actors Yogi Babu and a co-star labeled as ""Makkal"" (people) and ""Kudalai"" (a colloquial term suggesting an opportunist or sidekick), with their expressions appearing skeptical or humorous. The bottom text serves as a sarcastic retort, stating, ""Shouldn't you also add that government funds are ours, the people's land is ours, and the biryani from the roadside stall is ours too!"" The meme effectively uses satire to mock the politician's original claim by suggesting that the ruling party views every asset and resource as their own personal property.",Negative,Sarcastic,Non-Vulgar,Non-Abusive,Organization
image_tamil_0096.jpg,"This meme features the popular Tamil comedian Vadivelu dressed in a doctor's lab coat and stethoscope, sitting at a desk with a look of comical confusion and worry on his face. The Tamil text overlaid at the top translates to, What kind of new disease is this, did I come here without studying properly? The image captures a classic cinematic moment where the character is playing an incompetent doctor, and the text humorously reflects the feeling of being overwhelmed or unprepared when faced with a difficult situation or an unfamiliar challenge.",Neutral,Non-Sarcastic,Non-Vulgar,Non-Abusive,None
image_tamil_0296.jpg,"This meme features a close-up, emotionally charged shot of the legendary Tamil actor Sivaji Ganesan, whose face conveys profound sadness and a teary-eyed expression of heartbreak. The Tamil text overlay translates to Is your heart made of stone, serving as a popular rhetorical question used in social media contexts to express disappointment or hurt caused by someone's lack of empathy or emotional coldness. The image is a classic example of using iconic cinematic expressions to resonate with feelings of rejection or betrayal in a lighthearted or relatable internet culture format.",Negative,Sarcastic,Non-Vulgar,Non-Abusive,Person
image_tamil_0464.jpg,"This meme features a scene from a Tamil film starring the popular comedian Vadivelu, who stands on the left gesturing towards an older man wearing a lungi while a woman looks on from the right. The text at the top reads Idhellam oru pozhappa, which translates to Is this even a way to make a living or Is this even a job, a phrase frequently used in pop culture to mock someone for engaging in absurd, useless, or embarrassing activities. Vadivelu wears a look of skeptical disbelief and condescension, perfectly capturing the sarcastic sentiment of the caption as he questions the legitimacy or dignity of the other person's actions.",Neutral,Sarcastic,Non-Vulgar,Non-Abusive,Other
image_tamil_0642.jpg,"This meme utilizes two sequential screenshots from a film starring Rajinikanth and Aishwarya Rai to humorously illustrate a shift in social dynamics. In the first panel, titled this is how girls sight the boys, the woman is captured looking directly at the man seated in front of her while he remains oblivious. The second panel, labeled when boys noticed, shows the man turning his head to look back at the woman, capturing the moment of mutual awareness. The facial expressions capture a transition from clandestine observation to a direct, shared gaze, and there is no Tamil text present in the image to translate, as the captions are already provided in English.",Neutral,Sarcastic,Non-Vulgar,Non-Abusive,Group
image_tamil_0085.jpg,"This meme features a still from a Tamil film showing a conversation between two men, one in a white shirt and the other wearing a patterned blue shirt, with the comedian Vadivelu gesturing expressively while speaking. The Tamil text overlay reads, yenya vayitherichal pidichi alayiringa, which translates to ""Why are you roaming around with such heartburn/jealousy?"" The context implies a sarcastic or condescending critique directed at someone who is perceived to be acting out of spite or envy, using a classic comedic expression to mock the target's bitter attitude.",Negative,Sarcastic,Non-Vulgar,Non-Abusive,Person
image_tamil_0381.jpg,"This meme features a still from a Tamil film showing a man dressed in traditional attire, sitting on a porch with his hand on his chin in a thoughtful, puzzled pose while looking at a group of young students sitting before him. The Tamil text overlay, which translates to ""He made me think,"" captures the humorous irony of a teacher or mentor being stumped by the questions or behavior of the children. The man's contemplative expression combined with the caption highlights a relatable moment of being caught off guard or rendered speechless by an unexpected turn of events, a common comedic trope in regional cinema.",Negative,Sarcastic,Non-Vulgar,Non-Abusive,Person
image_tamil_0144.jpg,"This meme features a frame from a Tamil film showing the actor Vadivelu in a pink shirt looking stoic and still while the actor Vijay, dressed in a plaid shirt, gestures toward him with a frustrated or scolding expression. The Tamil text at the top, Moonjiyum Mogarayum, serves as a colloquial and mocking insult that translates roughly to ""look at his face and appearance,"" implying a derogatory comment about someone's ugly or displeasing facial features. The visual contrast between Vijay’s aggressive gesturing and Vadivelu’s deadpan, unflinching stare is frequently used in internet culture to poke fun at someone's awkward or unappealing looks.",Negative,Non-Sarcastic,Non-Vulgar,Non-Abusive,Person
image_tamil_0770.jpg,"This image features a humorous meme showcasing an illegible doctor's prescription note, accompanied by a Tamil caption that translates to, Just look at the person who was able to read this and dispense the medicine; that pharmacist is also a doctor himself. The visual focuses on a handwritten medical slip where the doctor’s scrawl appears as indecipherable loops, lines, and scribbles, making it impossible for a layperson to identify any specific medication. The humorous intent lies in the extreme difficulty of reading medical handwriting, suggesting that pharmacists must possess superhuman interpretive skills or their own medical expertise to understand such cryptic notes. The meme uses the text and the messy handwriting to mock the common frustration patients feel when trying to decipher prescriptions, highlighting the irony that only someone with specialized knowledge could possibly decode the message.",Negative,Sarcastic,Non-Vulgar,Non-Abusive,Person
image_tamil_0549.jpg,"This meme features a humorous juxtaposition between a philosophical statement and a cynical punchline, starring the popular Tamil comedian Goundamani. The text at the top translates to, In life, if you make a mistake, you should close your eyes and think patiently for ten minutes. Below this, a still image of the actor shows him with his eyes squeezed shut and a mischievous, slightly pained expression on his face, which typically signals a comedic setup in his films. The bottom text provides the punchline, revealing the true purpose behind this patience: to decide who you can pin the blame on for your mistake. The meme concludes with several laughing emojis to emphasize its satirical take on avoiding personal accountability.",Neutral,Sarcastic,Non-Vulgar,Non-Abusive,Person
image_tamil_0584.jpg,"This meme features a two-panel sequence from a classic Tamil film starring actor Kamal Haasan, who is shown pointing to framed photographs of himself on a wall to participate in the viral 10-year challenge. In the top panel, he points to a picture and says in Tamil, Indha photo ipo pudichadhu, which translates to this photo was taken now. In the bottom panel, he gestures toward another frame and says, Andha photo 10 varusham munna pudichadhu, meaning that photo was taken 10 years ago. Haasan maintains a sentimental and nostalgic facial expression as he compares his younger self in the old photo to his current appearance, using the humor of his own film's scene to mock the trend of comparing past and present self-portraits.",Neutral,Sarcastic,Non-Vulgar,Non-Abusive,Group
image_tamil_0441.jpg,"This meme features a widely recognized comedic scene starring the famous Tamil actor Vadivelu, who is sitting on the ground looking visibly distressed and distraught while clasping his hands together in a gesture of desperation. The text overlaid at the top is in Tamil, which translates to ""The money I gave out of trust... oh... oh... oh-oh,"" highlighting the relatable frustration and regret one feels when money lent in good faith is never returned. The humorous tone is derived from the expressive facial features of the actor, which perfectly capture the painful realization of being cheated or losing money to someone untrustworthy.",Positive,Non-Sarcastic,Non-Vulgar,Non-Abusive,Person
image_tamil_0241.jpg,"This meme features a still from a classic Tamil film starring actor Vijayakanth, who is captured in a humorous and relaxed setting. Two men are shown sitting comfortably in wicker chairs wearing sunglasses and traditional veshtis, with one man pointing his finger upward as if delivering a dramatic or authoritative statement. The yellow text overlay at the top is written in Tamil and translates to look at the way he talks while keeping a face like a lizard, which is a colloquial insult implying that the person's words do not match their unimpressive or ridiculous appearance. The scene highlights a common trope in South Indian cinema where exaggerated expressions and informal settings are used to create comical, relatable social media content.",Negative,Sarcastic,Non-Vulgar,Non-Abusive,Person
image_tamil_0762.jpg,"This meme features the popular Tamil comedian Vadivelu, captured in a close-up shot with a look of bewildered shock and intense realization on his face. The Tamil text overlay translates to, ""Finally found a way to create memes and learned how to do it; is it okay to create memes for every single word?"" The visual context uses Vadivelu's classic over-the-top expression to humorously convey the internal monologue of a budding internet user who has just discovered the excitement of meme creation and is questioning whether it is appropriate to apply this newfound skill to every possible situation or conversation.",Neutral,Sarcastic,Non-Vulgar,Non-Abusive,Person
image_tamil_0066.jpg,"This meme features a close-up, skeptical-looking facial expression of the popular Tamil comedian Vadivelu, set against a backdrop of a fence. The Tamil text overlay translates to, They say if a cat gets thin, a mouse will invite it for love... this situation feels exactly like that. The caption captures a sarcastic tone, using the actor’s iconic deadpan expression to mock a situation where an unlikely or ill-suited pair is attempting to form an alliance or romantic connection.",Neutral,Non-Sarcastic,Non-Vulgar,Non-Abusive,Person
image_tamil_0391.jpg,"This meme features a still from a classic Tamil film comedy scene, showing two men standing in front of a yellow truck. The man on the left, dressed in a brown shirt and lungi, is gesturing animatedly while speaking, while the man on the right, wearing a red patterned shirt, listens with a skeptical and somewhat annoyed facial expression. The text overlay written in Tamil translates to, Brother, a person can tell lies, but one should not make up stories about acre calculations, serving as a humorous commentary on people who exaggerate or boast about their wealth or land ownership.",Negative,Non-Sarcastic,Non-Vulgar,Non-Abusive,Person
image_tamil_0178.jpg,"This meme features a still of the popular Tamil comedian Senthil looking deep in thought with a contemplative facial expression while holding a pen to his lips, evoking a humorous sense of confusion or intense contemplation. The text overlay written in Tamil, translated as ""Why does this idea come to me?"", highlights a relatable moment of pondering an absurd or spontaneous thought. The image, which includes a small watermark for a comedy meme website, captures the actor's iconic puzzled look, making it a classic template used to express moments of overthinking or questioning one's own logic.",Neutral,Sarcastic,Non-Vulgar,Non-Abusive,Other
image_tamil_0003.jpg,"This meme features a comical scene from a Tamil film where the iconic comedian Vadivelu, dressed in a bright green shirt, gestures emphatically while speaking to a man wearing boxing gloves. Vadivelu's expression is one of mock sincerity or exaggerated innocence, which provides a humorous contrast to the aggressive setting. The Tamil text overlaid on the image translates to: ""So far I have never gone looking for any trouble; I just mind my own business and do my own work."" The combination of his serious, pained facial expression and the claim of being a peaceful person serves as a relatable template for situations where someone is trying to avoid confrontation despite being in the middle of a chaotic or intimidating environment.",Positive,Non-Sarcastic,Non-Vulgar,Non-Abusive,Person
image_tamil_0129.jpg,"This meme features a close-up portrait of the famous Tamil comedian Vadivelu, dressed in a police uniform with a prominent handlebar mustache and a skeptical, slightly bewildered facial expression. The text overlay written in Tamil reads, ""Pulla poochikellam kodukku mulaikkumnu naan enna kanava kanden,"" which translates to ""Did I dream that stings would grow on tiny insects?"" The image is commonly used in social media contexts to express disbelief or mock someone who says something completely unexpected, absurd, or ridiculous, highlighting the actor’s trademark look of confusion when confronted with nonsense.",Neutral,Sarcastic,Non-Vulgar,Non-Abusive,Person
image_tamil_0425.jpg,"This four-panel meme features the popular Tamil comedian Vadivelu displaying a progressive range of facial expressions. In the top left panel, he looks surprised or shocked with his mouth slightly agape, while the subsequent panels show him transitioning into a look of hesitant realization, awkward amusement, and finally, a smug, tight-lipped grin of mischief or sarcasm. The central watermark contains a small illustration of a man with a mustache and the Tamil text which translates to Tamil Comedy Memes, alongside the website URL for the image hosting service. The progression of images is commonly used to depict a scenario where a person is initially caught off guard, only to quickly realize a funny or potentially devious outcome.",Neutral,Sarcastic,Non-Vulgar,Non-Abusive,Person
image_tamil_0012.jpg,"This meme features a still from a classic Tamil movie, depicting the late comedic actor Goundamani in a scene where he appears to be chiding or questioning another person intensely. The actor on the right wears a stern and animated expression, with his mouth open as if mid-sentence, while the person on the left looks on with a somber and somewhat submissive demeanor. The Tamil text overlay translates to, Everything is because of you, is Facebook really necessary for you at over 50 years of age? The meme uses the actor's iconic, exaggerated style of scolding to humorously critique older individuals who are perceived to be overly obsessed or unnecessarily active on social media platforms like Facebook.",Neutral,Sarcastic,Non-Vulgar,Non-Abusive,Person
image_tamil_0598.jpg,"This meme contrasts a photograph of a restaurant named Hotel Chinna Veedu with a popular reaction image of the Tamil comedian Vadivelu. The top image shows the storefront of an eatery, and the literal translation of the Tamil text on its sign, Hotel Chinna Veedu, is Hotel Small House or Hotel Little House. In the bottom half, Vadivelu displays a skeptical and slightly pained facial expression while gesturing with his hand. The Tamil text overlay translates to, ""What am I supposed to say if someone asks where I ate at home?"" The humor stems from the linguistic irony of a restaurant named Small House, creating a playful dilemma for a patron who might be asked by family members if they ate at home, leading to the confusing prospect of telling them they ate at the Small House, which could easily be misinterpreted.",Positive,Sarcastic,Non-Vulgar,Non-Abusive,None
image_tamil_0493.jpg,"This meme features a scene from a historical Tamil film depicting a king in ornate armor comforting a soldier who is crying, with the king gently wiping the soldier's tears as his loyal men surround them. The soldier displays a sorrowful expression, while the king looks on with a protective and empathetic gaze. The Tamil text overlay translates to ""Don't cry, I am here... you belong to my kin/people,"" conveying a message of solidarity, support, and tribal or community loyalty. The image is frequently used in social media contexts to express brotherhood or to mock situations where someone offers overly dramatic emotional support.",Negative,Non-Sarcastic,Non-Vulgar,Non-Abusive,Person
image_tamil_0011.jpg,"This meme features a still from a Tamil film showing the popular comedian Vadivelu and actor Kamal Haasan engaged in a conversation. Vadivelu is wearing a blue shirt with a bandage wrapped around his head, while Kamal Haasan wears a striped shirt and gestures with his hands. Vadivelu wears an intense and slightly confused facial expression, while Kamal Haasan appears to be listening or explaining something. The Tamil text overlay reads, Unnaiyellam pirantada vechirukken paru, which translates to, See, I have kept all of you saved/archived separately. The caption captures a classic comedic moment often used in social media to depict situations where someone feels they are keeping track of people who have wronged or annoyed them.",Neutral,Sarcastic,Non-Vulgar,Non-Abusive,Person
image_tamil_0111.jpg,"This meme features a close-up shot of a man covering his face with his hand in an expression of frustration, exhaustion, or deep embarrassment. His side profile shows him looking downward as he holds his forehead, a classic gesture often used to signify that one has reached their limit with someone else's behavior or a tedious situation. Across the top, the Tamil text ""இவனுங்க இம்சை தாங்க முடியல"" translates to ""I cannot bear the annoyance/harassment from these people,"" perfectly capturing the feeling of being overwhelmed by irritating individuals or persistent bothersome circumstances.",Negative,Non-Sarcastic,Non-Vulgar,Non-Abusive,Other
image_tamil_0802.jpg,"The meme features a split-panel composition combining a satirical graphic with a popular film still to comment on regional politics. The upper portion shows a stylized illustration of a child sitting atop a lotus flower that is emerging from a mango, likely referencing political symbols associated with various Indian political parties. The lower portion features a well-known still of the Tamil comedian Vadivelu, who appears to be grinning and pointing his finger while looking at his co-star with a sly, knowing expression. The Tamil text overlay reads, ""How is our alliance symbol!"" which suggests a sarcastic mockery of the absurdity or unlikely nature of a political coalition represented by the combination of the lotus and mango imagery.",Neutral,Sarcastic,Non-Vulgar,Non-Abusive,Organization
image_tamil_0934.jpg,"This humorous meme presents a clever twist on the classic fable of the tortoise and the hare. In the top panel, the tortoise proposes a race to see who can reach home first, and the hare confidently agrees by saying deal. In the bottom panel, the tortoise has retreated entirely into its shell, appearing as a stationary object, which leaves the hare looking shocked and frustrated as it exclaims an expression of exasperation in Tamil that translates roughly to an idiomatic exclamation of dismay or annoyance. The visual joke relies on the tortoise utilizing its anatomy to bypass the physical effort of the race, leaving the hare baffled by the sudden and non-competitive conclusion.",Neutral,Non-Sarcastic,Non-Vulgar,Non-Abusive,Person
image_tamil_0637.jpg,"This image features a public sign written in Tamil designed to deter people from urinating in a specific spot by threatening public shaming. The top of the sign states that a CCTV camera is present, while the center displays a graphic of a newspaper clipping to reinforce the threat. The Tamil text translates to informing passersby that if they urinate there, they will be photographed and their picture will be published in the following day's newspaper. The bottom line directs people to the nearest public restroom located in the adjacent building. The sign serves as a humorous yet stern example of community-led social policing, utilizing the fear of viral embarrassment and local media exposure to maintain public hygiene.",Neutral,Sarcastic,Non-Vulgar,Non-Abusive,Person
image_tamil_0244.jpg,"This meme features the popular Tamil comedian Vadivelu in a still from a film, wearing a vibrant orange shirt with a white patterned scarf around his neck. He is shown with a pensive, slightly confused expression, holding his index finger to his chin as if pondering a question. The Tamil text overlaid at the top translates to, ""Did they change the name of the Kabali teaser to Kaala?"" This meme plays on the confusion or anticipation surrounding film titles and marketing within the Tamil cinema industry, using the actor's iconic comedic persona to express skepticism or uncertainty.",Negative,Sarcastic,Non-Vulgar,Non-Abusive,Person
image_tamil_0828.jpg,"This meme features a two-panel sequence from a classic Tamil comedy film starring the actors Vadivelu and Soori. In the top panel, the friend, labeled as Bestie, proudly tells the other, Me, that he prepared a cup of lemon tea, while Vadivelu sits calmly, about to take a sip. The accompanying Tamil text translates to him boasting about making the tea with Vim dishwashing bar, claiming it contains the power of 100 lemons. In the bottom panel, the expression on the man's face shifts to a horrified reaction as he violently spits out the tea after realizing the truth, capturing the comedic shock of the situation.",Neutral,Sarcastic,Non-Vulgar,Non-Abusive,Other
image_tamil_0505.jpg,"This meme uses a series of reaction shots featuring popular Tamil comedian Vadivelu to make a satirical point about the logos of major Indian political parties. The top portion displays the symbols of the AIADMK (two leaves), the BJP (a lotus), and the PMK (a mango) in sequence, while Vadivelu responds with varying degrees of confusion and indifference. The bottom panel features a scene from a movie where a man asks his father in Tamil, Appa ethu 3rd std science lesson pa, which translates to Father, is this a 3rd standard science lesson. By framing these political symbols as botanical items in a primary school curriculum, the meme humorously suggests that the focus on these symbols has become mundane or elementary, implying that the viewer is tired of the constant political campaigning associated with these logos.",Neutral,Sarcastic,Non-Vulgar,Non-Abusive,Organization
image_tamil_0106.jpg,"This image features a popular scene from a Tamil movie featuring the well-known comedian Vadivelu, who is sitting among a crowd of people in a rural setting. Vadivelu occupies the foreground, wearing a vibrant, bright-colored shirt and making a specific hand gesture near his ear, accompanied by a smug, skeptical facial expression that conveys a sense of sarcasm or feigned admiration for something he has just heard. The other people in the background look on with more neutral or serious expressions, contrasting with his performative demeanor. The text overlay at the top of the image is written in Tamil as ""Arumaiyaana karuthu,"" which translates to ""a wonderful point"" or ""a great thought,"" ironically used here to mock or ridicule an idea that is perceived as foolish or overly intellectual.",Positive,Non-Sarcastic,Non-Vulgar,Non-Abusive,Other
image_tamil_0708.jpg,"This meme uses a split-screen layout featuring stills from a Tamil soap opera to mock a contestant named Kavin from the reality show Bigg Boss Tamil. The top panel shows Kavin looking serious next to Losliya, while the bottom panel depicts a man pointing an accusatory finger, representing the meme creator or admin, toward a group of people. The Tamil text criticizes Kavin, calling him a man who doesn't know why he joined the show and instead spends his time manipulating the hearts of different women every week. It further refers to the woman, presumably Losliya, as a mixture who fell into his trap for the third time, and predicts that once a wildcard contestant enters, Kavin will abandon his current partner to chase after the newcomer while pretending to be in a grand, cinematic love story.",Negative,Sarcastic,Non-Vulgar,Non-Abusive,Person
image_tamil_0101.jpg,"This meme features a still from a Tamil film showing two men standing in front of a world map, with one man pointing toward the other as if assigning blame. The man on the left appears stoic and expressionless, while the man on the right is captured mid-gesture with an accusatory look, gesturing toward his companion. The Tamil text overlaid at the top translates to, Behold! This is the reason for my downfall, establishing the image as a humorous template used to shift responsibility or blame someone else for a personal misfortune or failure.",Negative,Non-Sarcastic,Non-Vulgar,Non-Abusive,Person
image_tamil_0976.jpg,"This three-panel meme uses scenes from the Tamil film Singam to humorously illustrate a situation involving a college Head of Department (HOD). In the first panel, a police officer played by actor Suriya, labeled as HOD, sternly asks what is happening. The second panel features a character from the film hiding behind leaves and pointing toward a bottle of Fogg perfume, exclaiming that Fogg is happening, which plays on the brand's classic advertising slogan. The final panel shows the HOD looking confused and frustrated as he encounters a person wearing a mask of cricketer M.S. Dhoni, accompanied by the Tamil text evan la athu, which translates to who is that guy in English. The meme relies on the contrast between the serious, intense tone of the movie frames and the absurd inclusion of a perfume bottle and a celebrity mask to create a comedic effect about an unexpected or chaotic event taking place on campus.",Neutral,Sarcastic,Non-Vulgar,Non-Abusive,Person
image_tamil_0046.jpg,"In this comedic scene from a Tamil film, the iconic actor Goundamani is captured in an exaggerated pose as he holds an orange plastic bucket over the head of a young boy who appears visibly annoyed or disappointed. Goundamani’s wide-eyed, comical facial expression conveys a sense of frustration or mock aggression, while the boy looks away with a pained look, emphasizing a humorous dynamic of irritation. The Tamil text overlaid at the top, vesam vesam ambuttum vesam payupullaikku, translates to something like, ""So much acting, this kid has so much acting,"" serving as a sarcastic remark aimed at someone who is perceived to be putting on a fake or overly dramatic performance.",Negative,Sarcastic,Non-Vulgar,Non-Abusive,Person
image_tamil_0588.jpg,"This meme uses a split-screen format to draw a humorous visual parallel between a real-life political event and a scene from a Tamil film. The top image shows the current Chief Minister of Tamil Nadu, M.K. Stalin, being held by the chin and whispered to by the late politician M. Karunanidhi during a public event, reflecting a gesture of mentorship or close communication. Below it is a still from the film Polladhavan, featuring a character played by actor Kishore holding the chin of the protagonist played by Dhanush in a nearly identical physical pose, though with a more aggressive or menacing tone. The visual juxtaposition highlights how a gesture of affection or mentorship in one context can look identical to a scene of intimidation in a fictional cinematic context, creating an ironic contrast between serious politics and dramatic movie tropes. There is no specific Tamil text overlay in the image, other than a small watermark logo in the corner.",Neutral,Sarcastic,Non-Vulgar,Non-Abusive,Organization
image_tamil_0546.jpg,"This four-panel meme depicts a humorous scenario about the persistent nature of WhatsApp group administrators. The images are taken from a scene where a man, shirtless and wearing a traditional lungi, tries to walk away while a woman pulls him back by his waistcloth, symbolizing the struggle of a member attempting to leave a group. In the first panel, the text *He Left appears as the man tries to walk out, while the second and third panels show the woman, representing the admin and other group members, forcefully dragging him back into the frame. The final panel shows the man looking defeated as he is pulled back, accompanied by the text Added you back, which captures the relatable frustration of being repeatedly re-added to a group after choosing to exit. The expressions throughout the sequence convey the man's futile attempt at escape and the relentless determination of the group members to keep him participating.",Neutral,Sarcastic,Non-Vulgar,Non-Abusive,Group
image_tamil_0326.jpg,"This meme features a still from a classic Tamil film starring actors Senthil and Goundamani, capturing a humorous interaction between the two comedic legends alongside another man in the background. Senthil, positioned on the left, appears bashful and shy, with his hand resting against his face as he looks downward, while Goundamani, standing center, gestures with his hand as if he is reprimanding or questioning him with a stern expression. The Tamil text overlay translates to who is teaching you to speak like this, effectively creating a comedic scene where one character is humorously confronted or scolded for his recent remarks or behavior.",Negative,Sarcastic,Non-Vulgar,Non-Abusive,Person
image_tamil_0724.jpg,"This image features a juxtaposition between the spiritual reverence of the Adiyogi statue and the environmental destruction caused by human activity. The top portion of the image shows the famous Adiyogi statue performing a dance, appearing calm and serene as it overlooks a landscape that transitions into a barren, deforested wasteland. In the bottom section, several dead elephants lie on dry, cracked earth surrounded by tree stumps, symbolizing the tragic consequences of habitat loss and ecological neglect. The Tamil text in the top left corner reads Adiyogi, serving as a stark contrast to the scene of death and deforestation beneath the deity, thereby critiquing the irony of worshipping a symbol of nature and creation while simultaneously destroying the actual natural world.",Negative,Non-Sarcastic,Non-Vulgar,Non-Abusive,Other
image_tamil_0196.jpg,"This meme features a still from a classic Tamil film starring the actor Goundamani, who stands in the foreground looking distraught while holding a cloth bag, while a woman stands behind him in the background. The text overlaid on the image is in Tamil and translates to, Do you know how badly they abused me in the comments, sister... I vomited blood, literally. The caption captures a humorous yet exaggerated expression of shock and emotional distress, typically used in social media contexts to mock individuals who overreact to negative online comments or criticism.",Negative,Non-Sarcastic,Non-Vulgar,Non-Abusive,Person
image_tamil_0917.jpg,"This meme features a series of three stills from a Tamil film starring Rajinikanth and another actor standing on a rooftop, using their positioning to comment on the romantic status of men. In the first panel, the Tamil text translates to mean that being single is not because others do not like you, but rather that a playboy is not just someone who remains idle. The subsequent panels use a visual metaphor where the characters point toward a nearby neighborhood to illustrate their point; the second panel suggests that a playboy has many romantic options, while the final panel depicts the single man remaining in the exact same spot, implying that despite his efforts or observations, his relationship status remains unchanged. The actors maintain neutral, conversational expressions throughout the sequence, serving as the straight-faced narrators for this cynical observation about dating dynamics.",Neutral,Sarcastic,Non-Vulgar,Non-Abusive,Group
image_tamil_0043.jpg,"This meme features a close-up shot of the popular Tamil comedian Vadivelu, who wears a white headwrap and a distinct religious mark on his forehead while smiling and gesturing with his hand as if explaining a puzzling situation. The Tamil text overlaid on the image translates to ""They worship me in the morning, but they scold me by the afternoon,"" reflecting a humorous commentary on human inconsistency or fickle public opinion. In the bottom right corner, a hashtag identifies the character as Soori, while a small watermark in the bottom left credits the source website, capturing a quintessential comedic moment from Tamil cinema.",Neutral,Sarcastic,Non-Vulgar,Non-Abusive,Person
image_tamil_0520.jpg,"This meme features a close-up photograph of several round, yellow Indian sweets known as laddu piled onto a decorative plate. The image uses this food as a metaphor for life, with Tamil text overlaying the top and bottom of the picture. The top text translates to ""Don't feel bad that the laddu is broken,"" while the bottom text translates to ""Be happy that you received the boondi (the components of the laddu)... life will be good."" The overall message is a play on words suggesting that even if things fall apart or aren't perfect, one should appreciate what they have, concluding with three smiling face emojis with hearts to emphasize a positive and optimistic outlook.",Neutral,Sarcastic,Non-Vulgar,Non-Abusive,Person
image_tamil_0032.jpg,"This meme features a still from a Tamil film showing two men embracing in a friendly hug. On the left, a man in a white shirt smiles warmly while looking at his companion, who is wearing an orange shirt and appears to be laughing or crying with a joyful expression. The Tamil text overlay, which reads manasai thethikkonganga boss, translates to English as brace yourself or gather your strength, boss, often used in internet culture to console someone or prepare them for disappointing news or an overwhelming situation.",Positive,Non-Sarcastic,Non-Vulgar,Non-Abusive,Other
image_tamil_0915.jpg,"This meme features a humorous take on the irony of modern parenting by displaying a famous photograph of three toddlers illustrating the proverb see no evil, hear no evil, and speak no evil. The leftmost child covers their mouth, the middle child covers their eyes, and the rightmost child covers their ears. The Tamil text overlaid on the image translates to Don't talk on mobile and don't watch Facebook, which are the instructions being given by the parents. The bottom text continues the joke by stating, Don't listen to parents who say that, followed by a parenthetical remark that this is how the world is going today. The visual juxtaposition highlights the hypocritical nature of adults who forbid their children from using technology while they are likely doing the same thing themselves.",Neutral,Sarcastic,Non-Vulgar,Non-Abusive,Group
image_tamil_0253.jpg,"This popular Tamil meme features the iconic comedian Vadivelu, who is shown looking directly at the camera with an intense, skeptical, and slightly annoyed facial expression while holding up one finger in a cautionary gesture. His expression perfectly captures a moment of warning or restrained frustration. The text overlay written in Tamil, which translates to ""I will show patience only up to a certain limit,"" highlights a sentiment of reaching a breaking point after enduring someone's behavior for too long. The image is widely used in social media contexts to express that someone has exhausted the speaker's tolerance and that a sharp or aggressive reaction is imminent if the provocation continues.",Neutral,Non-Sarcastic,Non-Vulgar,Non-Abusive,Other
image_tamil_0993.jpg,"This image features a black background with yellow Tamil text and various emoji hand gestures including a thumbs up, clapping hands, and an okay sign. The text translates to mean that there is no need to go to yoga for peace of mind, as one can achieve the same result by sending their wife to her mother's house for a week. The tone of the image is that of a sarcastic or stereotypical joke often found in lighthearted social media humor, relying on familiar cultural tropes regarding marital dynamics to deliver its punchline.",Positive,Sarcastic,Non-Vulgar,Non-Abusive,Group
image_tamil_0105.jpg,"This meme features a close-up shot of the popular Tamil comedian Goundamani, who displays a look of deep exhaustion and exasperation as he holds his arms across his chest. The Tamil text overlaid on the image translates to, Stop with the reels already, the reel has ended, which humorously conveys a sense of burnout or frustration regarding the current trend of excessive social media short-form video content. His weary facial expression perfectly captures the feeling of someone who has reached their limit with repetitive or tiresome digital trends.",Neutral,Sarcastic,Non-Vulgar,Non-Abusive,Other
image_tamil_0133.jpg,"This humorous meme features a still from a Tamil film where the iconic comedian Vadivelu, wearing a green shirt and a white towel draped around his neck, stands between two intimidating, muscular men who are wielding large machetes. Vadivelu's face displays a look of comical desperation, fear, and pleading as he holds his hands together in a prayer-like gesture, clearly trying to avoid a confrontation. The Tamil text overlaid on the image translates to, I have absolutely nothing to do with that post, sir, please leave me alone, capturing the relatable feeling of being falsely accused or dragged into an unnecessary online controversy.",Negative,Non-Sarcastic,Non-Vulgar,Non-Abusive,Other
image_tamil_0352.jpg,"This meme features a close-up still of the popular Tamil comedian Vadivelu, who displays a look of feigned surprise mixed with a slightly sarcastic or mocking expression. Above his image, the text in Tamil reads, Ada tada! Ivvalavu nala engada irunthinga, which translates to Wow! Where have you guys been all this time? The tone of the caption is typically used to jokingly express disbelief or pretend enthusiasm toward someone who has finally appeared or responded after a long period of silence or absence.",Positive,Non-Sarcastic,Non-Vulgar,Non-Abusive,Person
image_tamil_0298.jpg,"This humorous three-panel meme features the popular Tamil comedian Vadivelu in a comedic situation. In the first panel, he is seen struggling to blow up a large balloon, while the second panel shows him with a confused and slightly embarrassed expression after failing the task. The Tamil text overlay translates to, ""He is grown like a buffalo, yet he still doesn't even know how to properly blow up a balloon."" The final panel depicts a young girl making a dismissive or frustrated hand gesture, perfectly capturing the sarcastic reaction of someone mocking a friend who is physically mature but lacks basic skills. The overall tone is playful teasing aimed at friends who appear older or larger than their actual level of maturity or competence.",Negative,Non-Sarcastic,Non-Vulgar,Non-Abusive,Person
image_tamil_0486.jpg,"This meme features a scene from a Tamil film where an angry man, dressed in a lungi and appearing shirtless, stands in a rural outdoor setting while brandishing a large sickle toward a crowd of villagers who are looking on with a mix of concern and alarm. The man's posture is aggressive, and his facial expression is one of intense rage, capturing a moment of dramatic confrontation. The Tamil text overlaid at the top translates to, I will not talk anymore, this will talk, which highlights the transition from verbal communication to physical threat as the weapon is introduced to make the point. The inclusion of a small icon in the bottom left corner featuring two famous Tamil comedians adds a comedic element, framing the intense scene as a lighthearted or ironic reference to typical movie tropes.",Negative,Sarcastic,Non-Vulgar,Non-Abusive,Person
image_tamil_0414.jpg,"This meme features a still from a Tamil film showing actors Udhayanidhi Stalin, Santhanam, and Hansika Motwani standing together. Santhanam is positioned in the center with his hand over his mouth in a shocked or guilty expression, while Udhayanidhi points a finger at him and Hansika looks on with a stern, unimpressed glare. The Tamil text overlay reads yaar yaaro nanban endru emandha nenjam undu, which translates to there are hearts that have been deceived by trusting the wrong people as friends. The composition captures a humorous moment of social betrayal, humorously implying that someone has been caught in a lie or a dishonest act by their companions.",Negative,Non-Sarcastic,Non-Vulgar,Non-Abusive,Person
image_tamil_0445.jpg,"This meme features a close-up shot of the popular Tamil comedian Goundamani from an old film, flanked by two other men in the background. Goundamani displays a serious and slightly annoyed facial expression, characteristic of his blunt, confrontational character roles. The Tamil text superimposed on the image reads, Thambi, nee adikkadi namma root-laye grass panra idhu nalladhukku illa, which translates to, Little brother, you are repeatedly crossing into our path/root, and this is not good. In this context, the phrase grass panra is a colloquial or slang variation of crossing, often used in Tamil humor to imply someone is encroaching on another person's space or business. The image is widely used in social media as a reactive meme to tell someone to stop interfering in their affairs.",Positive,Non-Sarcastic,Non-Vulgar,Non-Abusive,Person
image_tamil_0863.png,"This meme features a movie poster for the film World Famous Lover, starring Vijay Deverakonda and Aishwarya Rajesh, positioned above a classic comedic scene from a Tamil film featuring the actor Vadivelu. Vadivelu wears a skeptical and intense expression as he looks at his co-star, representing the audience's reaction to the film's romantic pairing. The Tamil text overlay, Unayum Vitu Vaikalaya antha Vjd, translates to, Did that VJD (Vijay Deverakonda) not even spare you, reflecting a humorous or sarcastic commentary on the actor's tendency to have intense romantic storylines with his leading ladies in multiple films.",Negative,Sarcastic,Non-Vulgar,Non-Abusive,Person
image_tamil_0378.jpg,"This meme features a still from a Tamil film showing the popular comedian Vadivelu standing next to another actor, both looking up with expressions of concern and skepticism. The Tamil text overlay translates to, Does that lizard only chirp now, implying a sense of annoyance or sarcasm regarding the timing of an irritating sound. Vadivelu’s upward gaze and slightly tense facial expression perfectly capture the relatable frustration of being distracted by a small, persistent nuisance at an inopportune moment.",Negative,Sarcastic,Non-Vulgar,Non-Abusive,Person
image_tamil_0356.jpg,"The image features a popular meme of the Tamil comedian Vadivelu, who is shown with a cunning and slightly amused expression, gesturing with his hand as if commenting on a situation. The Tamil text overlaid on the image translates to, ""Wow, what a huge crowd... the likes are going to skyrocket today,"" which serves as a humorous meta-commentary on social media engagement, suggesting that content creators often measure success by how much attention or popularity they gain. The context plays on the irony of someone noticing a large volume of activity and anticipating a massive surge in positive social media metrics.",Negative,Sarcastic,Non-Vulgar,Non-Abusive,Person
image_tamil_0925.jpg,"This two-panel meme contrasts the differing reactions of male and female students upon realizing they forgot their scientific calculator on the day of an exam. In the top panel, an older woman with a distressed, tearful expression represents the girls, accompanied by Tamil text that translates to, I left my scientific calculator at home. The bottom panel features a man with a wide-eyed, panicked expression representing the boys, accompanied by Tamil text that translates to, I forgot that I needed a scientific calculator for today's exam, along with an emoji depicting a strained or embarrassed face to emphasize his sudden realization of impending trouble.",Neutral,Sarcastic,Non-Vulgar,Non-Abusive,Person
image_tamil_0609.jpg,"This meme features a split-panel composition using scenes from a Tamil film to depict a classic domestic exchange between a mother-in-law, labeled Mamiyar, and her daughter-in-law, labeled Marumagal. In the top panel, the mother-in-law appears stern and judgmental while asking the Tamil question, ""Unga veetla yaarum unaku samaika solli tharalaya?"" which translates to, ""Did nobody in your house teach you how to cook?"" The bottom panel shows the daughter-in-law looking amused and cheeky, with a laughing emoji overlay, as she offers the witty retort, ""zomato la order panna solli kuduthu irukanga aunty,"" which translates to, ""They taught me how to order on Zomato, aunty."" The meme plays on the generational gap and shifting domestic habits, framing the daughter-in-law's modern reliance on food delivery apps as a clever comeback to the older generation's traditional expectations of cooking.",Negative,Sarcastic,Non-Vulgar,Non-Abusive,Organization
image_tamil_0891.jpg,"This meme features a split-screen edit using stills from an Indian film, depicting two men engaged in a serious discussion about national politics. On the left, the characters are shown sitting together, while the right side zooms in on their faces to capture an intense, wide-eyed expression of realization or profound gravity. The text overlay, written in a mix of Tamil and English, asks ""Adutha PM Yaru? Modi ah..? Pappu ah..?"" which translates to ""Who is the next Prime Minister? Is it Modi? Or is it Pappu?"" The punchline on the right, written in English, responds with ""SEEMAN ANNA..!"" This expresses a humorous, fan-driven sentiment suggesting that Seeman, a prominent regional politician in Tamil Nadu, is the ideal choice for the position.",Neutral,Sarcastic,Non-Vulgar,Non-Abusive,Organization
image_tamil_0739.jpg,"The meme features a close-up image of the well-known Tamil comedian Vadivelu, who appears with a weary, skeptical, and slightly unimpressed facial expression while resting his chin on his hand. The top portion of the image contains Tamil text that translates to, ""It seems only those who don't have a job spend all their time on WhatsApp and Facebook."" The bottom portion of the image responds to this with a satirical follow-up question that translates to, ""Then, are all those who never even visit WhatsApp and Facebook serving as presidents?"" The overall tone of the meme is humorous and sarcastic, using the comedian's popular expression to challenge the social stigma surrounding people who are frequently active on social media.",Negative,Sarcastic,Non-Vulgar,Non-Abusive,Person
image_tamil_0152.jpg,"This meme features a still from a classic Tamil film starring actor Vadivelu, who appears visibly moved and emotional with tears in his eyes while placing his hand on a friend's shoulder. The Tamil text overlay translates to, I do not know how I am going to repay the help you are doing for me, expressing deep gratitude and humility. The image is commonly used in social media contexts to humorously acknowledge someone who has helped the creator, or conversely, to sarcastically mock situations where a friend has done a trivial favor or even caused minor trouble.",Positive,Sarcastic,Non-Vulgar,Non-Abusive,Person
image_tamil_0953.jpg,"The image features a young child dressed in traditional orange monk robes, sitting in a meditative posture and holding prayer beads with a calm and stoic expression on their face. The Tamil text overlaid on the image translates to a humorous observation stating that one does not necessarily need to practice yoga for mental peace, suggesting instead that one can achieve the same result by sending their wife to her mother's house for a week. The combination of the solemn-looking child and the cheeky caption creates a lighthearted, satirical take on domestic life and the pursuit of tranquility.",Positive,Sarcastic,Non-Vulgar,Non-Abusive,Group
image_tamil_0880.jpg,"This meme is a humorous take on the fan culture surrounding the Tamil actor Silambarasan, often referred to as STR, who is known for his highly rhythmic and repetitive song lyrics. The collage features a classic scene from a Tamil comedy film where a character played by Vadivelu encounters a man singing repetitive phrases. The man sings about ice cream and then mentions Balamurugan temple, which prompts Vadivelu to sarcastically ask if he couldn't just say Murugan temple. When the man then shouts ball, Vadivelu expresses exasperation, asking why he uses English words instead of the Tamil word pandhu and pleading with him not to test his patience. The dialogue highlights the absurdity of mixing simple, repetitive lyrics with Anglicized vocabulary, reflecting common criticisms or jokes made about the musical style of the actor's fan base.",Neutral,Sarcastic,Non-Vulgar,Non-Abusive,Person
image_tamil_0216.jpg,"This meme features a humorous interaction between two men, with the famous Tamil comedian Vadivelu on the right grabbing the head of an older man on the left. The man on the left appears stoic and expressionless while having his head held, while Vadivelu exhibits a comical, exaggerated expression of annoyance or mockery. The Tamil text at the top, Enna da morappu, translates to what is with that intense or rigid stare, playfully questioning the other person's serious or stern facial expression in a teasing manner.",Positive,Non-Sarcastic,Non-Vulgar,Non-Abusive,Person
image_tamil_0037.jpg,"The image depicts a scene from a Tamil movie featuring the popular comedian Vadivelu, who is shown in the middle of a crowd aggressively grabbing another man by his shirt, a classic setup for his humorous and exaggerated confrontational style. His expression is one of mock outrage and intense scolding, while the surrounding onlookers appear caught in a tense or chaotic moment. The text overlaid in Tamil translates to, Hey scoundrels! Hey you good-for-nothing scoundrels!, which serves as a blunt and comical insult. The overall composition highlights a quintessential moment of comedic conflict, where the physical struggle combined with the over-the-top dialogue is commonly used in memes to mock people or situations involving incompetence or annoying behavior.",Negative,Sarcastic,Non-Vulgar,Non-Abusive,Group
image_tamil_0553.jpg,"This image features a multi-panel collage of scenes from the Tamil film Boys, using various characters to create a humorous dialogue about social media etiquette and unwanted attention. The meme depicts a conversation where one side complains about people sending friend requests to strangers to flirt, asking if it is fair, while the other side counters by questioning why they should stop or be banned, eventually escalating to a defiant claim of having fake profiles to continue the behavior. The Tamil text translates to: Is it fair to send requests to girls you do not know to flirt with them? What are we supposed to do? Is it possible to stop? Otherwise, just ban us. Is it only fair to send requests to girls you already know? If you want us to stop sending requests to strangers, we cannot. We will just use fake profiles. The expressions of the actors, including the late Vivek and others, transition from serious and questioning to defiant and mischievous, perfectly capturing the sarcastic and immature tone of the social media-related debate presented in the text overlays.",Neutral,Sarcastic,Non-Vulgar,Non-Abusive,Group
image_tamil_0470.jpg,"This meme features a frame from the reality television show Bigg Boss Tamil, capturing a close-up shot of contestant Julie or a similar participant standing outdoors in the house's garden area near the pool. The individual has a confused and somewhat blank facial expression while holding their hands up in a gesture of helplessness or questioning. Superimposed at the top of the image in yellow Tamil text is the phrase Onnum sollikirathukkilla, which translates to Nothing to say or There is nothing to be said, emphasizing a sense of speechlessness or disbelief regarding a situation.",Positive,Non-Sarcastic,Non-Vulgar,Non-Abusive,Person
image_tamil_0405.jpg,"This meme features a still from a classic Tamil comedy film depicting a group of villagers sitting outdoors near a tree, with the central character wearing a red headscarf gesturing intensely toward a shirtless man sitting beside him. The facial expressions capture a moment of mock-seriousness and comedic tension typical of the genre. The text at the top, written in Tamil, translates to ""Hey! Bring that sickle,"" a common humorous phrase used to signify an exaggerated or comical reaction to a situation. The overall composition includes a small logo in the bottom left corner referencing a Tamil comedy meme page, framing the scene as a nostalgic piece of pop-culture humor.",Negative,Non-Sarcastic,Non-Vulgar,Non-Abusive,Person
image_tamil_0952.jpg,"This meme juxtaposes two scenes to highlight a comedic contrast in physical effort. The top image features actor Dhanush in a romantic movie scene, effortlessly carrying his costar in his arms while descending a staircase with a calm and stoic expression. In the bottom image, a still from a classic Tamil comedy film shows several men struggling intensely to move a heavy wooden wardrobe, with one character labeled as Dhanush to imply he is the one doing the heavy lifting. The Tamil text caption at the bottom, Kai Kai Kai Kai Kai Kaiii, translates to Hand, Hand, Hand, Hand, Hand, Hand, which is an onomatopoeic exclamation used here to emphasize the physical strain, repetitive grunting, or the sheer awkwardness of the heavy lifting being compared to his previous graceful romantic gesture.",Positive,Sarcastic,Non-Vulgar,Non-Abusive,Person
image_tamil_0951.jpg,"This meme humorously juxtaposes a high-stakes cricket moment with a satirical news-style reaction. The top panel shows Chris Gayle batting in a match against India, accompanied by the Tamil text asking if there is a chance for a Gayle storm today. The bottom panel features a somber-looking man speaking at a press conference, representing a serious news anchor or official delivering an update. The Tamil caption below him translates to the storm has weakened and returned to the pavilion, playing on the word play of calling Gayle a storm and using a news reporter's tone to describe his quick dismissal from the game.",Neutral,Sarcastic,Non-Vulgar,Non-Abusive,Person
image_tamil_0440.jpg,"This meme features a widely recognized still image of the popular Tamil comedian Vadivelu, who is shown with a wide-eyed, open-mouthed expression of extreme surprise or disbelief. The actor is wearing a red checkered shirt with a simple neck pendant, and the background is a blurry indoor setting. The text overlay at the top is written in Tamil, reading, ""Naan appadiye shock aayitten,"" which translates to ""I was just completely shocked."" The image is frequently used across social media to humorously depict reactions to unexpected news, surprising revelations, or unbelievable situations.",Positive,Non-Sarcastic,Non-Vulgar,Non-Abusive,Person
image_tamil_0509.jpg,"The meme features a two-panel layout using screenshots of actors Vivek and Mayilsamy from a Tamil film, depicting them behind iron bars as if in a prison cell. In the top panel, the character on the left looks confused while asking, ""Why do people say 'no problem' instead of 'you're welcome' when we say thanks?"" The bottom panel shows the character on the right grinning as he gestures, with a text overlay explaining that this shift in language is simply due to the nature of corporate culture. The overall tone is humorous, highlighting the slight annoyance or bewilderment people feel when traditional polite responses are replaced by casual, modern corporate jargon.",Positive,Non-Sarcastic,Non-Vulgar,Non-Abusive,Organization
image_tamil_0518.png,"This meme features a photograph of four happy children, two girls and two boys, sitting together in an embrace with joyful and laughing expressions. The image is framed by Tamil text that provides a cynical commentary on the transition from childhood to adulthood. The top text translates to girls look for toys while they are children, while the bottom text concludes, but once they reach puberty, they look for boys to play with their lives. The overall composition uses the contrast between the innocent appearance of the children and the bitter, jaded sentiment of the text to present a dark observational joke.",Negative,Sarcastic,Non-Vulgar,Non-Abusive,Group
image_tamil_0961.jpg,"This meme features a two-panel contrast to poke fun at the actor Simbu's physical appearance. The top panel shows a group photo where the actor Simbu is standing somewhat hidden behind others, while the bottom panel features a classic comedic scene of the actor Goundamani as his character TR, who is known for his sharp-tongued humor. The Tamil text translates to: Why are you feeling shy? Come forward. You went to London to lose weight but ended up gaining it instead, and that is why you are feeling so shy. The meme playfully suggests that Simbu is hiding in the group photo because he is embarrassed about having gained weight rather than losing it during his time abroad.",Neutral,Sarcastic,Non-Vulgar,Non-Abusive,Person
image_tamil_0322.jpg,"This meme features a still from a classic Tamil comedy film scene set in a courtroom, starring the famous actor Vadivelu dressed as a lawyer. In the image, Vadivelu is captured mid-argument, looking back toward his opponent with an intense, animated, and comically frustrated facial expression that highlights the absurdity of the situation. The Tamil text overlaid at the top, ""ஐயம் ஸ்பீக்கிங் நோ கிராஸ் ஸ்பீக்கிங்,"" is a humorous phonetic transliteration of the English phrase ""I am speaking, no cross speaking,"" which mocks his character's attempt to use broken English to assert dominance in a courtroom setting while forbidding others from cross-examining him. The overall tone is playful and self-deprecating, characteristic of the iconic brand of physical and verbal slapstick comedy for which the actor is widely celebrated.",Negative,Non-Sarcastic,Non-Vulgar,Non-Abusive,Person
image_tamil_0413.jpg,"This meme features a frame from a Tamil film starring comedian Vadivelu, who appears distressed while holding a plastic container and extending his hand toward someone off-screen. His face conveys a mix of frustration and disbelief, which is heightened by the surrounding men who look on with concerned and bewildered expressions. The Tamil text overlay translates to Are you all even human, a phrase frequently used in Indian internet culture to express disappointment or sarcasm when faced with absurd or frustrating situations involving other people.",Negative,Sarcastic,Non-Vulgar,Non-Abusive,Person
image_tamil_0318.jpg,"This meme features a still image of the veteran Tamil actor Sivaji Ganesan, who wears a traditional turban and jewelry while sporting a dejected and regretful facial expression. The text overlay is written in Tamil and translates to, I kept my phone on charge the whole night, but when I saw it had not even increased by one percent, I realized I had forgotten to turn the wall switch on. The combination of the actor's mournful look and the relatable, everyday frustration of failing to charge a device creates a humorous sense of situational irony.",Negative,Non-Sarcastic,Non-Vulgar,Non-Abusive,Person
image_tamil_0182.jpg,"This meme features a still from a Tamil film showing a man in the foreground looking directly at the camera with an exaggerated, wide-eyed, and jubilant smile while gesturing with his open palms as if welcoming someone back. Behind him, a second man is slightly out of focus with a neutral or stern expression. The Tamil text overlaid at the top translates to, Where have you been all this time, my dear? The contrast between the foreground subject's comical expression of joyful surprise and the background figure’s indifference creates a humorous tone, often used in social media to sarcastically mock a friend or acquaintance who has been absent or unresponsive for a long period.",Positive,Non-Sarcastic,Non-Vulgar,Non-Abusive,Person
image_tamil_0088.jpg,"This meme features a close-up portrait of the popular Tamil film actor Ajith Kumar from the movie Mankatha, characterized by his salt-and-pepper beard, intense gaze, and a slight, cunning smirk as he holds his hand to his face. The Tamil text overlaid on the image, en kadhaiyila naan villanda, translates to in my story, I am the villain. The expression captures a moment of calculated menace and self-aware arrogance, often used in social media contexts to portray a person who proudly embraces their role as an antagonist or an unconventional lead in their own life narrative.",Negative,Non-Sarcastic,Non-Vulgar,Non-Abusive,Person
image_tamil_0392.jpg,"This meme features a still image of the popular Tamil comedian Vadivelu lying on the floor with his eyes closed and mouth slightly agape, mimicking a state of deep sleep. The Tamil text overlay translates to, ""If anyone asks a question, we must pretend to be asleep,"" which is accompanied by three drooling sleep emojis. The visual depicts a classic comedic trope where the character uses feigned unconsciousness as a defense mechanism to avoid interaction or responsibility, and the watermark in the corner identifies the source as a Tamil comedy meme page.",Negative,Sarcastic,Non-Vulgar,Non-Abusive,Person
image_tamil_0650.jpg,"This meme features two panels using a classic comedy scene involving the popular Tamil actors Vadivelu and Jiiva. In the top panel, Vadivelu, labeled as the government, expresses frustration with the effort put into banning specific websites, as indicated by the Tamil text, which translates to, We struggle so much to ban these websites. In the bottom panel, Vadivelu looks defeated while Jiiva sits expressionless, accompanied by Tamil text that translates to, But these people are effortlessly accessing them anyway using a VPN. The contrast between the government's futile attempts at censorship and the ease with which users bypass these restrictions using VPN technology highlights the technological cat-and-mouse game between authorities and internet users.",Negative,Non-Sarcastic,Non-Vulgar,Non-Abusive,Group
image_tamil_0118.jpg,"This meme features a frame from a popular Tamil film featuring the iconic comedian Vadivelu, who appears to be addressing a crowd while holding a microphone with an agitated, confrontational facial expression. The Tamil text overlay translates to, ""I'm asking this out of curiosity: did you come here to leave a comment, or did you come here to cause a riot?"" The image is often shared in social media comment sections to mock users who are being overly aggressive or provocative in their tone, effectively calling them out for inciting conflict rather than engaging in a normal conversation.",Negative,Non-Sarcastic,Non-Vulgar,Non-Abusive,Other
image_tamil_0099.jpg,"This image features a scene from a popular Tamil film starring the renowned comedian Vadivelu, who stands in the center looking confused and slightly overwhelmed while holding a large, wrapped parcel. To his left is a woman with a stoic expression, and to his right, a man in a white shirt places a supportive hand on his shoulder, contributing to the comedic tension of the moment. The green text overlay at the top reads ""Idhu uchakatta avamanam,"" which translates to ""This is the ultimate insult"" or ""This is the peak of humiliation,"" a phrase often used in internet culture to ironically describe minor inconveniences or embarrassing situations. A small watermark in the bottom corner includes a logo with the text ""Tamil Comedy Memes"" and a website URL, identifying the image as a piece of digital humor intended to express mock outrage or frustration.",Neutral,Non-Sarcastic,Non-Vulgar,Non-Abusive,None
image_tamil_0717.jpg,"This four-panel meme features a body-swapped image of a cricket player from the Mumbai Indians team wearing a fielding cap and uniform, with different faces photoshopped onto the same posture. The original image captures a look of intense, weary confusion or disbelief, and each variation of the face maintains this expression of bewilderment. There is no visible Tamil text overlay in the provided image to translate; rather, the meme relies entirely on the universal humor of the dazed, questioning expression to signify the feeling of being completely lost, overwhelmed, or unable to comprehend a ridiculous situation.",Negative,Sarcastic,Non-Vulgar,Non-Abusive,Person
image_tamil_0475.jpg,"The meme features a well-known close-up shot of the popular Tamil comedian Vadivelu, who displays a look of apprehensive confusion, with his eyebrows slightly raised and a strained, hesitant smile on his face. The Tamil text overlaid at the top reads, ""Ayyo.. idhu enga poyi mudiyappogudho theriyalaye..,"" which translates into English as, ""Oh my.. I have no idea where this is going to end up."" The image is frequently used across social media to express a feeling of dread, uncertainty, or the nervous anticipation of a chaotic or disastrous outcome in any given situation.",Neutral,Sarcastic,Non-Vulgar,Non-Abusive,Person
image_tamil_0201.jpg,"This meme features a still image of the popular Tamil comedian Vadivelu, who appears to be dressed in a comical, wig-wearing disguise with jasmine flowers tucked into his hair. He is captured mid-expression with his fingers pointed upward, conveying a look of mock seriousness or playful disbelief. The Tamil text overlaid at the top of the image translates to Is this necessary for you?, which serves as a rhetorical question typically used in online discourse to mock someone for doing something foolish, pointless, or unnecessary. The overall tone is humorous and sarcastic, utilizing a classic piece of Indian pop culture imagery to critique or troll another person's questionable actions.",Negative,Non-Sarcastic,Non-Vulgar,Non-Abusive,Person
image_tamil_0639.jpg,"This meme humorously depicts a teenager frantically attempting to excuse their questionable internet search history to their father. The text, written in a mix of English and Tamil, features a dialogue where the father asks why ""Xnxx"" appears in the search history, and the child nonsensically claims it is an algebra problem, using a flawed mathematical derivation to justify the term. The image below is a still from a Tamil film featuring actor Vadivelu, whose distressed and panicked facial expression perfectly captures the feeling of being caught, while the other character represents the unsuspecting, easily convinced father. The dialogue translates to the father asking what is that search term, the child explaining it is an algebra sum, and the father concluding the conversation by saying alright.",Negative,Sarcastic,Non-Vulgar,Non-Abusive,Person
image_tamil_0807.jpg,"The meme uses a combination of an image of the Mumbai Indians cricket team holding a banner that reads, ""Thank you to the largest family in the world,"" and a popular scene from a South Indian movie to mock the team's claim. In the lower panels, two characters labeled as KKR and CSK react to the banner with exaggerated confusion and disbelief before bursting into laughter, effectively dismissing the Mumbai Indians' assertion about their fanbase size. The overlay text, which serves as a watermark for the Chennai Pattinam page, does not contain specific narrative dialogue but reinforces the comedic intent of the scene where the two characters represent rival fanbases unimpressed by the Mumbai Indians' promotional gesture.",Neutral,Sarcastic,Non-Vulgar,Non-Abusive,Other
image_tamil_0117.jpg,"This meme features a still from a Tamil film comedy sequence where the popular actor Vadivelu, wearing a vibrant red shirt and white dhoti, stands among three other men in a rural, wooded setting. Vadivelu is captured mid-sentence with an animated, worried expression while gesturing toward one of the men, who appears to be listening intently. The text overlaid at the top is in Tamil, which translates to ""It has been going wrong from the very beginning; it is going to end in a disaster."" The combination of the actor's classic bewildered facial expression and the caption creates a humorous commentary on a situation that is spiraling out of control or doomed from the start.",Neutral,Non-Sarcastic,Vulgar,Non-Abusive,Other
image_tamil_0091.jpg,"This meme utilizes a humorous scene from a Tamil film to depict the intense pressure felt by the Royal Challengers Bangalore (RCB) cricket team during the Indian Premier League. The visual features the famous comedian Goundamani in the center, looking overwhelmed and panicked as he is surrounded by three men representing rival teams. The Tamil text at the top, ""Vitrundada ennaiya,"" translates to ""Let me go,"" emphasizing the character's desire to escape the intimidating situation. By labeling the surrounding men as #SRH, #KKR, and #CSK, the meme suggests that RCB is being aggressively cornered or dominated by these other teams, capturing a playful take on their competitive struggles in the league.",Negative,Non-Sarcastic,Non-Vulgar,Non-Abusive,Person
image_tamil_0999.jpg,"This meme humorously illustrates the experience of watching movies on the Tamil television channel Raj TV, which is notorious for its extremely long and frequent commercial breaks. The top panel features a young boy from a classic film appearing to pray with a look of earnest desperation, while the bottom panel shows the veteran actor Kamal Haasan in a similar prayer-like pose, looking weary and aged. The text overlays explicitly state the comedic premise, with the top caption reading started watching a movie in Raj TV and the bottom caption reading still watching, capturing the irony that a viewer might spend so much time waiting through advertisements that they physically age while waiting for the film to resume.",Neutral,Sarcastic,Non-Vulgar,Non-Abusive,Person
image_tamil_0316.jpg,"This meme features a close-up shot of the famous Tamil comedian Goundamani, capturing a moment of visible frustration and exasperation. With his hand raised near his ear and his face contorted in an annoyed expression, he looks completely overwhelmed by a situation he cannot handle. The Tamil text overlaid on the image reads Aiyayo... Mudiyalada..., which translates to Oh no... I cannot take this anymore or Oh my God... I just cannot handle this. The visual is frequently used in social media contexts to express feelings of being fed up, stressed out, or unable to deal with an absurd or repetitive situation.",Negative,Non-Sarcastic,Non-Vulgar,Non-Abusive,Person
image_tamil_0980.jpg,"This humorous meme features an elderly couple standing in a lush, green rural field, with the man holding a large black umbrella over his head to shield himself from the sun. Despite their rustic appearance and traditional clothing, the speech bubbles depict a satirical juxtaposition by having the couple discuss their social media habits. The man asks if the woman saw his Facebook update, to which she replies that she was too busy with Twitter, highlighting the irony of technology infiltrating even the most traditional settings. Their facial expressions are calm and engaged, suggesting a lighthearted conversation, and there is no Tamil text present in the image to translate.",Neutral,Sarcastic,Non-Vulgar,Non-Abusive,Group
image_tamil_0660.jpg,"This meme features a frame from an Indian film showing a man peering out of a train window with an expression of intense curiosity and amazement as he watches the train navigate a sharp curve. The text at the top reads, This is how I look when the train turns for long, while the Tamil text at the bottom, “ஹய்ய்யோ..எப்புடி வளையுது பாறேன்..!!”, translates to “Oh my goodness, look at how it is turning!” The image captures the relatable and humorous experience of passengers fascinated by the sight of a long train snaking around a bend, highlighting the universal thrill of observing the scale and mechanics of rail travel from a window seat.",Neutral,Sarcastic,Non-Vulgar,Non-Abusive,Person
image_tamil_0556.jpg,"This meme consists of two panels, with the top featuring a sign for a play school that translates from Tamil to English as ""Aaya (nanny/maid) help needed,"" which serves as the punchline. The bottom panel features a classic scene from a Tamil movie with three men sitting in water; the man in the middle, labeled as mom, is laughing hysterically while holding his stomach, the man on the left is labeled as brother and looks on with a smile, and the man on the right is labeled as little princess and appears sullen and disappointed. The final line of text at the bottom is a phonetically written Tamil phrase that roughly translates to ""They are asking for a maid, oh my, oh my,"" highlighting the humorous contrast between the parents' amusement at their child's potential career path and the child's own dismay at being suggested for such a role.",Positive,Sarcastic,Non-Vulgar,Non-Abusive,Group
image_tamil_0439.jpg,"This meme features a still from a Tamil film showing a conversation between two men, where a bald man in a white shirt listens intently while a man in a pink patterned shirt gestures animatedly during a discussion. The man on the right displays a frustrated or exasperated expression, emphasizing his point with an open palm. The Tamil text overlaid at the top of the image translates to ""We are such pathetic people,"" which is often used in social media contexts to humorously express self-deprecation or to lament a silly or embarrassing situation that the poster or their group has found themselves in.",Neutral,Non-Sarcastic,Non-Vulgar,Non-Abusive,Person
image_tamil_0428.jpg,"This meme features a close-up shot of the popular Tamil comedian Vadivelu, dressed in traditional regal attire and holding a bow and arrow with a focused, one-eyed squint, evoking a classic cinematic warrior aesthetic. The Tamil text overlay translates to, When we go out to fight on the road, people will take pictures and edit them to make us look in a different direction, highlighting the humorous frustration of being misrepresented or photoshopped in public contexts. The image uses this dramatic, over-the-top performance to poke fun at the common experience of having one's candid or serious moments captured and distorted by others online.",Positive,Sarcastic,Non-Vulgar,Non-Abusive,Person
image_tamil_0909.png,"This meme features a close-up, slightly tilted still image of a man lying down with a mischievous, smirking expression, intended to represent a flirtatious or suggestive mood. The text at the top reads That Romantic Look, while the bottom text provides the situational context, When I See A Super Figure Sleeping In Opposite Berth. The term super figure is a colloquial South Asian slang expression used to describe an attractive woman. The image captures the actor Goundamani, a legendary Tamil comedian, and the overall humor relies on the exaggerated, comical nature of his gaze to mock the intrusive or uncomfortably voyeuristic behavior sometimes observed on public trains. There is no additional Tamil text to translate, as the watermark and primary content are entirely in English.",Negative,Sarcastic,Non-Vulgar,Non-Abusive,Person
image_tamil_0965.jpg,"This meme juxtaposes two distinct visual styles to comment on modern wedding dynamics. The top panel features two screenshots from a Tamil comedy scene featuring Vadivelu, labeled as Mappillai, meaning groom, and Ponnu, meaning bride, showing them in traditional attire with somewhat weary or stoic facial expressions. In stark contrast, the bottom panel depicts a group of men dressed in polished, sharp-looking dark suits, laughing and looking professional while walking together; this section is labeled as catering services boys. The meme humorously suggests that at contemporary weddings, the hired catering staff often end up appearing more stylish and well-dressed than the actual bride and groom.",Positive,Sarcastic,Non-Vulgar,Non-Abusive,Group
image_tamil_0137.jpg,"This image features a still from a Tamil movie showcasing the popular comedy actor Rajendran addressing a press conference with several microphones positioned in front of him. He has an intense, assertive facial expression with his index finger raised as if emphasizing a point, while people stand behind him in a blurred background. The Tamil text overlay translates to: NEET is there to choose the best doctors; let's see if we can bring something similar to choose the best politicians. The meme uses this scene to provide a satirical commentary on the political climate by comparing the stringent entrance requirements for medical education to the lack of criteria for political candidates.",Neutral,Non-Sarcastic,Non-Vulgar,Non-Abusive,Organization
image_tamil_0667.jpg,"This meme features a photograph of a table cluttered with dozens of colorful, unopened soap boxes from various popular brands, highlighting the abundance of choices available to consumers. The Tamil text overlay translates to ""No matter how many different colored soaps you buy and use, the foam only comes out white... an unknown fact,"" followed by a winking emoji. The humor lies in presenting a trivial, self-evident physical reality—that soap suds are always white regardless of the product's packaging or intended scent—as if it were a profound scientific discovery, poking fun at the marketing gimmicks used to sell diverse soap varieties.",Neutral,Sarcastic,Non-Vulgar,Non-Abusive,Person
image_tamil_0487.jpg,"This meme features a close-up image of the popular Tamil comedian Vadivelu, who displays a pained, teary-eyed, and emotionally overwhelmed facial expression, capturing a sense of comedic exasperation. The Tamil text overlaid at the top, ""ஏன்டா இப்படி படுத்துறீங்க,"" translates to ""Why are you bothering me like this?"" or ""Why are you guys torturing me like this?"" The image serves as a humorous reaction to being overwhelmed by annoying situations, persistent questioning, or frustrating behaviors from others.",Negative,Non-Sarcastic,Non-Vulgar,Non-Abusive,Person
image_tamil_0401.jpg,"The meme features a close-up, intense headshot of the popular Tamil comedian Vadivelu, who wears a stern and suspicious expression while sporting a traditional pottu on his forehead. The text overlay at the top, written in Tamil as ""என்ன ஒரு வில்லத்தனம,"" translates to ""what a villainous act"" or ""such villainy."" This image is frequently used in internet culture to sarcastically mock someone's cunning, mischievous, or seemingly evil behavior in a humorous and lighthearted manner.",Negative,Sarcastic,Non-Vulgar,Non-Abusive,Person
image_tamil_0143.jpg,"This meme features a still from a Tamil film showing a conversation between two men, one of whom is the famous comedian Vadivelu standing on the right. Both individuals appear to be engaged in a serious yet comedic dialogue, with Vadivelu gesturing expressively while speaking to the man beside him. The Tamil text overlaid at the top translates to, ""Do you know who we are? We are the people who stopped a running train with just one hand, that too with our left hand."" This caption is a classic example of ""Vadivelu humor,"" where the character uses absurd, exaggerated bravado to boast about impossible feats, highlighting the irony and classic comic timing associated with his film roles.",Positive,Non-Sarcastic,Non-Vulgar,Non-Abusive,Person
image_tamil_0799.jpg,"The image is a split-panel meme contrasting an innocent moment with a sarcastic commentary. The top half shows a group of joyful children posing for a photo, with one boy in the foreground holding a slipper up to his face as if it were a smartphone to simulate taking a selfie. Their genuine, happy expressions reflect their playful imagination. The bottom half features a still from a classic Tamil comedy film starring actors Goundamani and Vadivelu, where Vadivelu is gesturing to Goundamani with a frustrated expression. The Tamil text overlay translates to a rhetorical question asking why the photographer of the first image did not simply give the children their own mobile phone so they could have enjoyed taking real photos, effectively mocking the photographer for capturing the scene instead of being generous.",Negative,Non-Sarcastic,Non-Vulgar,Non-Abusive,Group
image_tamil_0583.jpg,"This meme features a humorous and dark juxtaposition between the text and the accompanying image. The Tamil text translates to, The boy has gone to get the Aadhar card. Let us have a tea in the meantime, with two grimacing emojis conveying a sense of awkward tension. Below this text, a man dressed in traditional white ceremonial attire, who appears to be a deceased person prepared for funeral rites on a stretcher made of branches and cloth, is humorously edited to appear as if he is calmly sitting up and drinking a glass of tea. The visual comedy relies on the absurd contrast between the somber setting of a traditional funeral preparation and the casual, everyday act of having a tea break, suggesting a sarcastic remark about the long delays often associated with government bureaucracy in India.",Neutral,Non-Sarcastic,Non-Vulgar,Non-Abusive,Organization
image_tamil_0148.jpg,"This meme juxtaposes a glamorous portrait of an actress with a humorous image of the famous Tamil comedian Vadivelu to poke fun at a specific social archetype. The top panel features a beautiful woman posing gracefully, while the bottom panel shows Vadivelu with a wide, exaggerated grin, serving as the punchline. The text above the comedian reads ""Tag that friend,"" and the Tamil caption below translates to ""He opens his mouth the moment he sees a beauty,"" implying that a certain type of friend becomes overly eager, talkative, or mesmerized whenever they encounter an attractive person.",Neutral,Non-Sarcastic,Non-Vulgar,Non-Abusive,Person
image_tamil_0605.jpg,"This meme captures the irony of massive financial transactions in Tamil Nadu by juxtaposing headlines about multimillion-rupee liquor sales during the Pongal holidays and the 100-crore box office success of the films Petta and Viswasam with a popular still from the movie Thani Oruvan. The image features actor Jayam Ravi pointing to his forehead as if using his intellect to identify a larger truth, accompanied by a small inset of comedian Vadivelu with a shocked expression, which is a signature trope in Tamil meme culture used to signify disbelief or realization. The Tamil text at the top translates to Liquor sales worth 500 crores in 4 days due to the Pongal holidays, while the text over the actor reads Anna University revaluation collection, humorously implying that the university generates massive, perhaps questionable, revenue through student revaluation fees, comparing these academic costs to the state's liquor and film industry profits.",Negative,Sarcastic,Non-Vulgar,Non-Abusive,Group
image_tamil_0971.jpg,"This meme humorously critiques poor construction planning by contrasting a bizarre design choice with two reactions from Tamil cinema. The top image shows a bathroom where a squat toilet has been installed directly behind a set of metal security bars, effectively rendering the facility unusable or trapped. Below, the meme features two actors portraying characters from the police force, with the actor on the left representing the bewildered house owner and the actor on the right representing the engineer. The house owner’s expression is one of shock and disbelief, while the engineer looks back with a stern, deadpan, and slightly defensive gaze, suggesting he is trying to justify or deny responsibility for the architectural blunder. The caption ""tag that civil engineer"" serves as a call to action for viewers to poke fun at professionals responsible for such nonsensical design layouts.",Neutral,Sarcastic,Non-Vulgar,Non-Abusive,Other
image_tamil_0646.jpg,"This meme uses a comparative split-panel format to humorously illustrate the discrepancy between an individual's idealized self-image and how they are actually perceived by others when creating an online profile. The top panel, labeled with the heading our expection When add our profile, features a charismatic, stylish man in sunglasses posing confidently inside an elevator, representing a glamorous and polished persona. In contrast, the bottom panel, labeled but reality shows, depicts a man wearing a bright, mismatched green and red satin shirt with sunglasses, posing in a less conventional and more candid manner. The meme relies on the juxtaposition of these two images to evoke a sense of relatable embarrassment, highlighting the gap between the cool, aspirational look one hopes to project and the often awkward or unintentional reality of a profile picture. There is no Tamil text included in this image to translate.",Negative,Sarcastic,Non-Vulgar,Non-Abusive,Person
image_tamil_0447.jpg,"This meme features the popular Tamil comedian Vadivelu in a scene where he is pointing aggressively toward the camera with a look of intense mockery and feigned intimidation on his face. The Tamil text overlaid at the top reads, ""Antha payam irukkattum,"" which translates to ""Let that fear remain."" This phrase is commonly used in social media discourse to sarcastically suggest that someone should stay afraid or cautious after realizing they are in a losing position or have been caught in a mistake, turning the comedian’s theatrical scolding into a humorous reaction image meant to keep others in line or acknowledge their apprehension.",Neutral,Sarcastic,Non-Vulgar,Non-Abusive,Other
image_tamil_0024.jpg,"This meme features a close-up, comedic shot of the late Tamil actor Goundamani looking visibly terrified, his eyes wide and mouth tightly pursed in a display of exaggerated shock. He wears a traditional wedding garland around his neck, suggesting a scene involving an unexpected or unwanted union. The Tamil text overlaid at the top reads, Aiyo amma peyi, which translates to Oh mother, a ghost, expressing his overwhelming alarm as if he has just encountered a supernatural entity. The image captures a signature moment of the actor's classic physical comedy, where his dramatic reaction serves to convey sudden, comic dread.",Negative,Sarcastic,Non-Vulgar,Non-Abusive,Person
image_tamil_0354.jpg,"This meme features a still from a classic Tamil comedy film where a group of men are sitting on the floor appearing to engage in a conversation or a game. The image includes text overlays identifying three entities: the man on the far left is labeled as Corey Anderson, the man in the middle is labeled as Kohli, and the man gesturing on the right is labeled as CSK. The primary text in Tamil at the top reads, yappa magarasa Corey Anderson nee nalla irukkanummiya, which translates to oh dear Corey Anderson, may you be well and blessed. The scene is used to humorously convey gratitude or sarcastic appreciation towards the cricketer Corey Anderson, implying that his performance or a specific action has benefited the Chennai Super Kings team, much to the presumed frustration or relief of Virat Kohli and his supporters.",Positive,Non-Sarcastic,Non-Vulgar,Non-Abusive,Person
image_tamil_0131.jpg,"This meme features a frame from a Tamil film showing the character played by actor Goundamani standing with a perplexed and stern expression while looking at the character played by Vadivelu, who appears distressed and disheveled in a green shirt. A group of onlookers stands between them, adding to the chaotic scene. The Tamil text overlay reads, ""idukkellam yaar kaaranam theriyuma,"" which translates to ""Do you know who is responsible for all of this?"" The image is commonly used in social media contexts to humorously shift blame onto someone else during a problematic situation or to sarcastically question the root cause of a confusing event.",Negative,Non-Sarcastic,Non-Vulgar,Non-Abusive,Other
image_tamil_0202.jpg,"This meme features a still from a Tamil film starring the popular comedian Senthil, who is depicted with a contemplative, slightly perplexed facial expression as he holds a pen to his lips, seemingly lost in deep thought. The Tamil text overlaid on the image translates to, Only men are saying not to get married, why don't these women say the same? This creates a humorous social commentary that plays on common cultural tropes and gender-based stereotypes surrounding the institution of marriage in a lighthearted, observational manner.",Negative,Non-Sarcastic,Non-Vulgar,Non-Abusive,Person
image_tamil_0641.png,"This meme features a still from a classic Tamil film showing an agitated man seated outdoors while gesturing towards a woman who stands with her palms raised in a defensive or placating posture. The man's frustrated facial expression underscores the conversational tone of the text overlay, which is written in Tanglish. The top line translates to ""Do you really only want Engineering?"" and the bottom line translates to ""Can’t you study things like Arts or Business Administration?"" The meme serves as a humorous commentary on the cultural pressure prevalent in South Indian households to prioritize engineering degrees over other academic streams, capturing the common friction between parents and children regarding career path decisions.",Negative,Sarcastic,Non-Vulgar,Non-Abusive,Person
image_tamil_0822.jpg,"This meme features a contrast between hope and reality using two frames from Tamil cinema. The top image shows a smiling actress, representing the optimistic thought that one's life will eventually change for the better in the way they desire, as expressed by the Tamil text, ""Namaku pudicha Mari namba life oru nal marum."" In sharp contrast, the bottom image shows a distraught and crying actor, representing the sad reality of the person making the meme, with the text ""Kathirundu Kathirundu kalangal pooguthadii,"" which translates to ""By waiting and waiting, eras are passing by,"" highlighting the irony and frustration of waiting for a positive change that never seems to arrive.",Negative,Non-Sarcastic,Non-Vulgar,Non-Abusive,Person
image_tamil_0899.jpg,"This meme features a humorous observation about marital life presented in Tamil, centered around an iconic still of the famous Tamil comedian Vadivelu. The text at the top translates to, If the wife is cool, the food will be served hot, but if the wife is hot (angry), the food will be served cold. Below this text, Vadivelu is shown with a signature mischievous and wide, knowing grin, implying that he is sharing a relatable, tongue-in-cheek piece of domestic wisdom. The bottom text translates to, That is all there is to our life, followed by a series of playful emojis, effectively capturing the lighthearted and slightly cynical tone often used in South Indian social media comedy content to describe the ups and downs of a relationship.",Neutral,Non-Sarcastic,Non-Vulgar,Non-Abusive,Group
image_tamil_0255.jpg,"This meme features the popular Indian film actor Ajith Kumar in a scene from his movie, where he is captured with his arms raised, wrists bound by chains, and wearing a wide, challenging, and somewhat mocking grin. The dark, moody lighting and his confident expression convey a sense of defiance and bravado. The Tamil text overlaid at the top of the image translates to, you aren't even able to handle us, serving as a boastful caption that pairs with his untamed and rebellious on-screen persona to mock an opponent or critic.",Positive,Non-Sarcastic,Non-Vulgar,Non-Abusive,Person
image_tamil_0450.jpg,"The image features the popular Tamil comedian Vadivelu dressed as a magician in a tuxedo and top hat, standing in front of a banner that reads magic show. His facial expression captures a blend of confusion and disappointment, perfectly complementing the humorous text overlaid at the top, which translates to ""I tried posting a status, but there is not a single person online to see it."" The overall tone of the meme is self-deprecating and lighthearted, utilizing the actor's iconic comedic persona to express the common frustration of feeling ignored on social media platforms.",Positive,Non-Sarcastic,Non-Vulgar,Non-Abusive,Person
image_tamil_0818.jpg,"This meme presents a mock Facebook thread between actor Arnold Schwarzenegger and film director Shankar, humorously playing on the confusing title of Shankar's movie, I. The visual consists of a repetitive vertical sequence of the two men’s profile pictures alongside a witty exchange of text where Schwarzenegger repeatedly misunderstands the title as ""eye,"" ""aliens,"" or ""masala"" while the director tries to clarify. The humor peaks in the final comment where Schwarzenegger suddenly responds in colloquial Tamil, using the phrase summa kalaichen, which translates to I was just joking/teasing, and the word mersalaagatha, meaning don't be stunned or mesmerized, followed by the word machi, a slang term for friend or buddy.",Neutral,Sarcastic,Non-Vulgar,Non-Abusive,Other
image_tamil_0034.jpg,"This meme features a widely recognized still of the popular Tamil comedian Vadivelu, who wears a stern and judgmental expression while gesturing with his hand as if questioning someone’s behavior. His exaggerated, unimpressed look is a staple of internet humor used to convey disbelief or condemnation. The Tamil text overlaid at the top reads, Ungalukkellam vetkama illa..??, which translates to, Do you all not have any shame? This combination of the actor's iconic facial expression and the provocative caption is typically used to call out individuals for acting inappropriately or shamelessly in various social or online situations.",Negative,Sarcastic,Non-Vulgar,Non-Abusive,Person
image_tamil_0344.jpg,"This meme features a still from a Tamil film starring the actor Vijay, who is captured in a medium shot looking directly at the viewer with an intense, somewhat mocking expression while pointing emphatically toward the right with his extended arm against a clear blue sky. The Tamil text overlay, which reads Inime ippadi post poduvingala, translates to Are you going to post like this from now on? The combination of his challenging gaze and the accusatory caption is commonly used in social media contexts to criticize or sarcastically comment on the poor quality, frequency, or nature of someone’s online posts.",Negative,Non-Sarcastic,Non-Vulgar,Non-Abusive,Person
image_tamil_0042.jpg,"This meme features a classic still from a Tamil comedy film starring the actor Goundamani on the left, looking curiously toward two other men standing on the right. The Tamil text overlay translates to Boss, where are you going? The image captures a humorous, inquisitive scenario often used in social media to depict someone questioning another person's actions or direction, with the actors' expressions conveying a blend of confusion and mild confrontation that is quintessential to the style of Tamil slapstick humor.",Negative,Sarcastic,Non-Vulgar,Non-Abusive,Person
image_tamil_0229.jpg,"The meme features a close-up, upward-facing shot of the iconic Tamil comedian Vadivelu, who sports a prominent mustache and a look of whimsical, slightly arrogant pride on his face. The Tamil text overlay translates to, ""I must have done a lot of good deeds to have found a friend like you,"" which is often used in a humorous or sarcastic context to tease a friend by implying that their friendship is either a great blessing or an unbelievable stroke of luck. The overall tone is one of lighthearted camaraderie, using the actor's exaggeratedly satisfied expression to emphasize the sentiment of the text.",Positive,Non-Sarcastic,Non-Vulgar,Non-Abusive,Person
image_tamil_0517.jpg,"This meme features a two-panel sequence from the movie KGF, where the protagonist, Rocky Bhai, is shown kneeling with a serious, intense expression while talking to a woman. The text overlaid on the images in Tamil translates to, ""If I pass 8 semesters, I will get an Engineering degree."" The humor stems from the contrast between the cinematic, dramatic intensity of the scene and the disappointing reality of the job market for engineering graduates. Below the post, a user named Novin Raja adds a sarcastic comment in Tamil, which translates to, ""But you can't even buy a bun with that,"" highlighting the struggles of unemployment and low job prospects despite attaining higher education.",Negative,Sarcastic,Non-Vulgar,Non-Abusive,Person
image_tamil_0690.jpg,"This meme features a two-panel split screen showing a man carrying a goat over his shoulders at night, a scene taken from a Tamil film where the character is trying to steal the animal. In the top panel, the text notification appears, and the man asks in Tamil, ""Why are you screaming?"" In the bottom panel, he continues, saying, ""It seems like you are giving me away,"" implying that the noise from the goat is exposing his presence. The meme humorously compares this situation to using a mobile phone at night, where an unexpected, loud notification sound acts like the bleating goat, potentially alerting others and giving away that the person is still awake and using their device.",Neutral,Non-Sarcastic,Non-Vulgar,Non-Abusive,Person
image_tamil_0561.jpg,"This meme features a humorous dialogue overlaying a scene where a man in a blue kurta appears visibly distressed or annoyed while a man in a plaid shirt places a hand on his shoulder as if trying to console him or offer advice. The Tamil text at the top reads, I have not spoken to my wife for six months, followed by the question, why, what happened? The text at the bottom provides the punchline, which translates to, it is not polite to interrupt someone while they are speaking, implying that the man has been silent for months simply because his wife has not stopped talking since she started. The visual juxtaposition of the seemingly deep conversation against the backdrop of a fruit stand enhances the comedic timing of the caption, playing on the common trope of a talkative spouse.",Neutral,Sarcastic,Non-Vulgar,Non-Abusive,Person
image_tamil_0074.jpg,"This meme features a frame from a South Indian film showing a man in a brown button-down shirt gesturing with his hands to indicate something small, accompanied by the top text overlay stating, This is a small status about me. His facial expression is somewhat somber or resigned, suggesting a self-deprecating joke about his life, stature, or a minor achievement. In the bottom left corner, there is a small logo that includes an illustration of two famous Tamil comedians and the text Tamil Comedy Memes, which serves to identify the origin of the image as a piece of digital entertainment from the Tamil-speaking film community.",Neutral,Non-Sarcastic,Non-Vulgar,Non-Abusive,None
image_tamil_0858.jpg,"This image captures a humorous example of improvised innovation, featuring a man sitting on his motorcycle, which has been cleverly modified with an upright headrest to function as a makeshift barber chair. The customer is leaning back in a relaxed, expectant pose with white shaving cream applied to his face, while the barber, dressed in a matching blue uniform, stands calmly at his station to perform a shave. The makeshift shop is tucked under a simple, weathered tarp stretched between a wall and a tree, creating an outdoor, informal setting. There are no clear or legible Tamil text overlays visible in this specific image to translate. The overall tone is one of resourceful simplicity, showcasing how everyday objects can be repurposed for professional services in a street-side environment.",Neutral,Non-Sarcastic,Non-Vulgar,Non-Abusive,Group
image_tamil_0386.jpg,"This meme features a close-up of the popular Tamil comedian Vadivelu, who appears to be gesturing with his finger while maintaining a confused and slightly indignant facial expression. The text overlay on the image is written in Tamil and translates to ""We haven't even started yet, and there is already a red alert???"" with a smaller caption below reading ""Cyclone."" The humor relies on the common experience of sudden weather warnings or unexpected obstacles arising before an individual or group has even had the chance to begin their plans or commute.",Negative,Sarcastic,Non-Vulgar,Non-Abusive,Person
image_tamil_0794.jpg,"This meme uses a still from a Tamil comedy film featuring two men, labeled as the general public and politician Arjun Sampath, respectively, to mock the latter’s controversial political statements. The top caption translates to ""Excrement is tastier than beef,"" a reference to a widely publicized and criticized remark made by the politician. In the image, the man on the left appears to be laughing while gesturing at the other man, who is looking back with a smile. The bottom text translates to ""Arjun sir, shake hands, how do you eat excrement,"" combined with mocking emojis to ridicule the absurdity and offensiveness of the politician's original claim.",Negative,Non-Sarcastic,Vulgar,Abusive,Person
image_tamil_0644.jpg,"This meme features a still from a South Indian film, likely depicting a formal or serious setting labeled ""In Principal Room"" at the top. The image captures two men standing side-by-side with strikingly different demeanors: the man on the left, labeled ""1st Bench Student,"" looks stern, stiff, and anxious with a tightly focused expression, while the man on the right, labeled ""last bench student,"" appears notably more relaxed, casual, and perhaps even unbothered or defiant despite the gravity of the situation. There is no visible Tamil text overlay in this specific image, as the labels provided are already in English. The contrast serves as a humorous commentary on the archetypal personality differences between academically focused students, who may feel intense pressure during disciplinary meetings, and their more carefree, rebellious counterparts who may be more accustomed to or indifferent toward such authority.",Neutral,Sarcastic,Non-Vulgar,Non-Abusive,Group
image_tamil_0970.jpg,"This meme uses a comparison of two movie stills to humorously reflect on the realization of heartbreak. The top panel features a happy couple from the film Uyir, captioned with lyrics from the song Agayam Theepiditha, which translate to mean that a doll that cannot speak has no one to call its own, and that love that has slipped away leaves no palm lines behind. The bottom panel shows the actor Silambarasan looking distressed and teary-eyed, representing guys who have recently experienced a breakup. The Tamil caption at the bottom reads, apo puriyala... ipo puriuthu, which translates to I did not understand it then, but I understand it now, illustrating how the somber meaning of the song lyrics only makes sense after one has personally gone through a romantic rejection.",Positive,Sarcastic,Non-Vulgar,Non-Abusive,Group
image_tamil_0430.jpg,"This meme features a widely recognized comedic facial expression from the popular Tamil actor Vadivelu, who is portrayed wearing a police uniform and hat. His wide-eyed, toothy, and slightly exaggerated smile conveys a sense of feigned friendliness or playful sarcasm often used in comedic situations. The Tamil text overlaid at the top translates to, It has been many days since we last saw each other, how are you, sister? This phrase is typically used in humorous contexts to address someone with a mixture of mock politeness and ironic familiarity, making it a staple template for social media jokes and relatable commentary on reconnecting with acquaintances.",Positive,Sarcastic,Non-Vulgar,Non-Abusive,Person
image_tamil_0904.jpg,"This meme features a humorous contrast between two Tamil cinema scenes to depict a workplace or social frustration. The top panel shows a man pointing aggressively, with the Tamil text translating to a command for a younger person to go close the gate, followed by a sarcastic remark about how the person thinks they can just walk through without doing so. The bottom panel features two actors with incredulous, annoyed facial expressions, representing the reaction to such a demand. The bottom Tamil text translates to the retort that if they are the ones who have to close the gate, the other person should go close it themselves and then come back to fight. Together, the meme conveys the irritation of being asked to perform a simple task by someone who is acting arrogant or lazy.",Negative,Sarcastic,Non-Vulgar,Non-Abusive,Person
image_tamil_0551.jpg,"The meme features a still image from a Tamil film starring actor Kamal Haasan, who stands in the foreground wearing a formal grey suit and a bowtie while appearing visibly uncomfortable, awkward, or socially detached. Behind him, a crowd of people in casual attire is blurred in the background, likely waiting in a line or bustling in a public space. The Tamil text overlay, ""Interval La Kaasu illatha Time,"" translates to ""The time during the interval when you have no money,"" perfectly capturing the feeling of being lonely, awkward, or left out while others are busy buying snacks or drinks at a cinema intermission. The character's solemn and slightly pathetic facial expression serves to highlight the relatability of being broke and feeling out of place in a crowded social setting.",Positive,Sarcastic,Non-Vulgar,Non-Abusive,Group
image_tamil_0438.jpg,"This meme features a still from a Tamil comedy film where actor Vadivelu stands in the middle of a group of transgender individuals, appearing flustered and confused with his hands gestured in a questioning manner. The scene implies a sense of chaotic bewilderment as he looks toward the people surrounding him. The Tamil text overlaid at the top translates to, Hey, why on earth did you bring them to the Facebook meeting, accompanied by a shocked emoji to emphasize the humorous frustration of the situation. A small watermark at the bottom left corner credits a Tamil comedy meme page, further framing the image as a lighthearted joke about social settings being invaded by unexpected guests.",Neutral,Sarcastic,Non-Vulgar,Non-Abusive,Group
image_tamil_0887.jpg,"This meme features an image of three Stumper rubber cricket balls in yellow, blue, and red, arranged on a plain white background. The text overlay is in Tamil, which translates to: The person who invented the Stumper ball might be a foreigner, but it was us Tamils, specifically the 90s kids, who discovered that poking a hole in it makes it swing better. There are no faces or expressions in the image, as the humor relies entirely on the relatable nostalgic observation that children in the 1990s would modify these specific rubber balls to alter their flight path during street cricket games. The tone is boastful and lighthearted, celebrating the ingenuity of kids who experimented with sporting equipment to improve their gameplay.",Negative,Sarcastic,Non-Vulgar,Non-Abusive,Person
image_tamil_0950.jpg,"The image features a humorous edit of an elderly couple riding a tractor down a road, with the woman perched precariously on the oversized rear tire while the man steers the vehicle. The man wears a flat cap and appears composed, while the woman looks toward the camera with a calm expression, suggesting a comical take on precarious balance. The red circle in the image highlights a small support stand dangling beneath the tractor's frame, which is humorously implied to be the only thing keeping the vehicle upright. The Tamil text at the top reads, Only a good wife can, and the text at the bottom completes the thought, bring balance to your life, serving as a metaphorical joke about how wives provide stability in a man's life, despite the chaotic and dangerous visual representation.",Positive,Sarcastic,Non-Vulgar,Non-Abusive,Group
image_tamil_0522.jpg,"This meme uses a split-screen format featuring stills from an Indian film to comedically contrast gross salary with net salary. In the top panel labeled gross salary, a character holds a photograph of the beautiful actress Sridevi, representing the high expectations and total earnings one anticipates before taxes and deductions. The bottom panel, labeled net salary, shows the actor Vadivelu looking shocked, horrified, and disillusioned, symbolizing the stark reality and reduced amount one actually receives in their bank account after government and administrative deductions have been applied. The juxtaposition highlights the common frustration of salaried workers who find that their take-home pay is significantly less than their advertised total compensation, with the comedic actor's dramatic facial expression perfectly capturing the disappointment of seeing the final, smaller figure. There is no Tamil text overlay in the image, as the labels are provided in English.",Positive,Non-Sarcastic,Non-Vulgar,Non-Abusive,Person
image_tamil_0297.jpg,"The image features a scene from a Tamil movie showcasing a comedic physical interaction, where a man standing on a porch delivers a kick to a man who is resting or lying down on the edge of the platform. The person standing wears a casual shirt and a white dhoti while leaning back to strike, and the person on the ground appears to be recoiling or reacting to the sudden action. The text overlay at the top is written in Tamil, reading, Inime ippadi post poduviya, which translates to, Will you post like this hereafter, implying that the kick is a humorous form of punishment for posting something objectionable or annoying on social media.",Positive,Non-Sarcastic,Non-Vulgar,Non-Abusive,Person
image_tamil_0721.jpg,"This meme uses a collage of screenshots featuring the reality television contestant Abirami to portray her as a chameleon who changes her personality to match her surroundings. The images are categorized by week, showing her interacting closely and smiling with various other housemates in different social pairings. The facial expressions are largely pleasant or engaged, suggesting a consistent effort to blend in with whomever she is with at the time. The Tamil text at the bottom, Abirami BiggBoss housein Unmayana Pachondhi, translates to Abirami is the true chameleon in the Bigg Boss house, reinforcing the satirical claim that she adjusts her behavior or alliances strategically to fit in, much like the adaptive camouflage of the animal mentioned.",Negative,Sarcastic,Non-Vulgar,Non-Abusive,Person
image_tamil_0916.jpg,"This meme uses a three-panel format to deliver a sarcastic punchline based on a misunderstanding. In the top panel, an actor portraying MS Dhoni asks, ""Do you know where we lost the match?"" while looking serious. The middle panel features a confused man on the phone who responds in Tamil, ""Aah.. Ground la dhane..!!,"" which translates to ""Ah.. on the ground, obviously!,"" illustrating his literal interpretation of the question. The bottom panel shows a close-up of the actor appearing visibly frustrated or defeated, covering his mouth in disbelief at the stupidity of the response. The overall humor stems from the contrast between the intended deep conversation about cricket strategy and the dismissive, obvious answer provided by the other character.",Neutral,Sarcastic,Non-Vulgar,Non-Abusive,Person
image_tamil_0215.jpg,"This meme features a still from a Tamil film comedy sequence where the popular actor Vadivelu is captured mid-laugh, looking towards a young woman while accompanied by two other men. The scene conveys a moment of lighthearted banter or playful teasing. The large, bold yellow text at the top reads Adhana da? Adhe than!, which translates to Is that it? That is exactly it! The framing suggests a situational comedy context where a realization or a humorous observation has just been confirmed among the group, with the comedian's gleeful expression anchoring the comedic tone of the image.",Negative,Non-Sarcastic,Non-Vulgar,Non-Abusive,Person
image_tamil_0141.jpg,"This meme features the popular Tamil comedian Vadivelu in a still from a film, wearing a vibrant orange and yellow shirt with his tongue hanging out in a goofy, exasperated expression while surrounded by a crowd of villagers. The Tamil text overlaid at the top reads, ""Ippadi post potta... nanga poga vendiyathu than..."", which translates to English as, ""If you post like this... then we have no choice but to leave."" The image is commonly used in social media threads to express mock frustration or humorous dismay at a particularly cringe-worthy, annoying, or bizarre post.",Neutral,Sarcastic,Non-Vulgar,Non-Abusive,Other
image_tamil_0431.jpg,"This meme features a screenshot of the popular Tamil comedian Senthil looking contemplative and confused with a pen held to his mouth. The text overlay, written in Tamil, translates to: If there is another flood and relief materials are distributed, will they stick Modi's sticker on them, or will they stick Edappadi's sticker? I am very confused. The humor relies on the character's bewildered facial expression to critique the common political practice in Tamil Nadu of leaders attaching personal branding stickers to government-provided relief aid, poking fun at the competitive nature of political publicity during natural disasters.",Negative,Non-Sarcastic,Non-Vulgar,Non-Abusive,Person
image_tamil_0791.jpg,"This four-panel meme humorously contrasts established celebrity couples with an absurdly hypothetical scenario involving a significantly younger partner. The top row features real-life Indian film industry couples, specifically Fahadh Faasil with Nazriya Nazim and Arya with Sayyeshaa Saigal, highlighting their notable age gaps of thirteen and seventeen years respectively with corresponding text captions. The bottom row shifts into satirical territory, featuring stills from the Tamil film Senthilveezhai where a young child interacts with an adult male lead, accompanied by the text My Future Wife Will Be Like. This juxtaposition creates a sarcastic commentary on the trend of age-gap relationships in cinema, implying that if the trend continues, future partners might be children, using the child actress’s innocent expressions against the adult male actor's serious demeanor to emphasize the dark humor of the comparison.",Negative,Sarcastic,Non-Vulgar,Non-Abusive,Group
image_tamil_0779.jpg,"This meme contrasts the romantic lives of popular South Indian film stars with the reality of many single individuals from the 1990s generation. The top half of the image features three separate photographs of well-known actor couples, including Fahadh Faasil and Nazriya, Arya and Sayyeshaa, and Vishal and Abhinaya, each labeled with a specific number of years to highlight their relationships or age gaps. Beneath these photos is a picture of a humble, colorful building identified with a sign reading palvadi school, which refers to a preschool or kindergarten in Tamil. A person standing outside this building is labeled with the text 90s singles, serving as a humorous visual punchline that suggests while celebrities are busy with their romantic lives, the older generation of singles is left standing outside a preschool, metaphorically implying they have missed their chance or are stuck in a developmental stage of romance.",Negative,Sarcastic,Non-Vulgar,Non-Abusive,Person
image_tamil_0924.jpg,"This meme features a four-panel sequence showing the iconic Tamil comedian Goundamani in two different roles, interacting with himself to depict a confrontation between an overly defensive movie fan and a social media troll. In the first panel, the fan declares in Tamil that he is going to report the troll's profile, to which the troll replies by asking why. In the final panel, the fan explains that the troll lacks decency because he has been mocking his favorite actor. The characters are portrayed with dramatic, slightly exaggerated facial expressions typical of classic Tamil cinema, emphasizing the absurdity of the fan's overreaction to online criticism.",Neutral,Sarcastic,Non-Vulgar,Non-Abusive,Group
image_tamil_0108.jpg,"This meme features a close-up shot of the popular Tamil comedian Goundamani, who sports his signature curly wig and a patterned shirt while pointing his finger upward with an exasperated and annoyed expression. The Tamil text overlay translates to Stop it right here! Don't call all this poetry, I will cry, and is accompanied by three crying emojis. The overall context of the image is used to humorously dismiss someone's attempt at writing bad or overly cheesy poetry, expressing the creator's extreme frustration and refusal to acknowledge the work as genuine art.",Negative,Non-Sarcastic,Non-Vulgar,Non-Abusive,Other
image_tamil_0324.jpg,"This humorous meme features a still from a Tamil film starring the renowned comedian Vadivelu, who is depicted with a wide, mischievous grin and a comical mustache while looking toward an off-screen character. The text overlay is written in Tamil and translates to, I give a heart to your posts, you give a heart to my posts too, okay? This caption frames a playful and relatable request often seen on social media platforms, where users ask for mutual engagement through likes, perfectly complemented by Vadivelu's expressive and slightly teasing facial expression.",Negative,Non-Sarcastic,Non-Vulgar,Non-Abusive,Person
image_tamil_0559.jpg,"This meme features a contrast between a political statement and a humorous reaction using a popular Tamil cinema character. The top text banner translates to Tamilisai stating that the NOTA option in elections is unnecessary. On the left, Tamilisai Soundararajan is shown looking serious at a podium, while the right side features a well-known comedian, Goundamani, looking stern and pointing his finger with a dismissive ""meow"" speech bubble added above him. The bottom text serves as a sarcastic retort to the politician, which translates to: ""Don't talk like a mad person, or else I won't even contest in the elections with you,"" accompanied by laughing emojis to emphasize the mockery. The overall composition creates a satirical response to the politician's controversial take on voters' rights.",Positive,Sarcastic,Non-Vulgar,Non-Abusive,Person
image_tamil_0388.jpg,"This meme features a still from a Tamil film starring the famous comedian Vadivelu, who is shown in a rural outdoor setting wearing a pink shirt while interacting with another man carrying a large bundle on his back. Vadivelu wears a dramatic and mock-serious expression with one hand raised in a gestural, lecturing motion, while the other man appears somewhat frustrated or bewildered by the exchange. The text overlay at the top, written in Tamil, reads eppa paaru thamasu, which translates to always making jokes or being a clown, capturing a common comedic trope where one character calls out another for their constant lighthearted or ridiculous behavior.",Negative,Non-Sarcastic,Non-Vulgar,Non-Abusive,Person
image_tamil_0603.jpg,"This meme contrasts the high cost of mobile data plans against the frustration of receiving limited 3G service, using a popular scene from the Tamil film Virumandi. The top portion lists various expensive prepaid data plans, while the bottom section features a still of actor Kamal Haasan looking visibly annoyed and throwing a wallet, perfectly capturing the feeling of wasting money on outdated 3G connectivity. The imagery reflects the annoyance of paying premium prices for slow internet speeds, with the character's exasperated expression conveying the user's regret after completing an unsatisfactory recharge.",Negative,Sarcastic,Non-Vulgar,Non-Abusive,None
image_tamil_0086.jpg,"This meme features two iconic Tamil comedic actors, Senthil and Vadivelu, appearing together in a candid, amused state. Senthil is captured with a wide, hearty laugh while looking towards his left, and Vadivelu is wearing a mischievous, slightly awkward smirk with his eyes squinted. The Tamil text overlaid at the top translates to ""We end up getting caught by saying things like this,"" which frames the image as a relatable commentary on the common social mishap of accidentally incriminating oneself or getting caught in a lie during a casual conversation. The overall tone is lighthearted and self-deprecating, capturing the feeling of regret that follows an impulsive or poorly thought-out remark.",Neutral,Sarcastic,Non-Vulgar,Non-Abusive,None
image_tamil_0181.jpg,"The image features a popular meme derived from a Tamil film, depicting the comedian Vadivelu smiling broadly as he walks through a corridor with a pillow and a folded newspaper balanced on top of his head, suggesting he is packed and ready to travel. His relaxed and lighthearted facial expression conveys a sense of anticipation or departure. The Tamil text overlaid at the top translates to ""So, off we go to 2018,"" indicating that the meme was likely created to humorously celebrate the arrival of the new year or mark the transition out of the previous one.",Neutral,Non-Sarcastic,Non-Vulgar,Non-Abusive,Other
image_tamil_0982.jpg,"This meme highlights an absurdly impossible sign by contrasting it with the bewildered expression of the popular Tamil comedian Vadivelu. The sign, written in Tamil, translates to High quality country chicken, rooster eggs available, with a red circle emphasizing the impossible claim that rooster eggs are sold there. Below, an image of the actor captures a look of sheer confusion and disbelief, accompanied by a caption that translates to What, rooster eggs? The humor relies on the biological fact that roosters do not lay eggs, making the shop sign a hilarious example of a nonsensical advertisement.",Neutral,Sarcastic,Non-Vulgar,Non-Abusive,Other
image_tamil_0928.jpg,"This meme features a top panel showing Tamil actors Arya and Sayyeshaa, with the Tamil text below them announcing the news of their wedding. The bottom panel displays two side-by-side images of the famous comedian Vadivelu, first with his eyes closed and then wide open in a look of dismay or disbelief, captioned as the reaction of Sayyeshaa's fans. The humor relies on contrasting the formal announcement of the couple's marriage with the comedic, hyperbolic reaction of fans who were seemingly shocked or unhappy about the news, using a well-known cultural meme template to convey the sentiment of disappointment.",Negative,Sarcastic,Non-Vulgar,Non-Abusive,Person
image_tamil_0930.png,"The image shows a standard stainless steel pressure cooker sitting on a stovetop with steam visibly rising from its weight valve, indicating that it is currently cooking. Beneath the image, there is text in Tamil which translates to: The only living thing that can make all women turn around by whistling and yet not get hit by a sandal is the cooker. The meme uses a humorous comparison to play on the common social trope where whistling at a woman in public is considered offensive and may result in a physical confrontation, humorously contrasting this with the pressure cooker, which also makes a whistling sound while cooking but is immune to such consequences.",Negative,Sarcastic,Non-Vulgar,Non-Abusive,Group
image_tamil_0292.jpg,"This meme features a still from a Tamil film showing a young girl dressed in a yellow traditional outfit standing with a defiant and confrontational expression while gesturing with her hand toward someone off-camera. The text overlay at the top, written in Tamil as ippo nee enna thaan sollavara, translates to what exactly are you trying to say now, framing the girl's attitude as an incredulous or challenging response to an absurd statement. The image is marked with a small watermark in the lower-left corner featuring two iconic Tamil comedy actors, which serves to establish the comedic intent of the post as a sarcastic reaction meme used to mock someone's confusing or nonsensical logic in a conversation.",Positive,Non-Sarcastic,Non-Vulgar,Non-Abusive,Person
image_tamil_0567.jpg,"This meme features a cartoon illustration of a young man with a playful, wide-eyed expression and a mischievous smile, set against a textured, speckled background. The Tamil text overlaid on the image translates to, ""You can cook biryani immediately if you want, but if you want leftover rice, you must wait for a day; this is life."" The text is credited to Vijay Jangiri and uses the humor of the situation to make a philosophical, albeit lighthearted, observation about the nature of life—suggesting that the most desirable or ""aged"" things often require patience and time, while instant gratification is easily achieved.",Negative,Sarcastic,Non-Vulgar,Non-Abusive,Organization
image_tamil_0958.png,"This meme features a screenshot of the character Senthil from the Tamil film Boys, depicting him as a stereotype of a studious or traditional South Indian young man. He is shown wearing thick-rimmed glasses and a light-colored shirt, smiling with a somewhat naive or earnest expression that has become a popular template for poking fun at culturally specific tropes. The text at the top reads makes hairstlyes (with a typo) while the bottom text reads with parachute coconut oil, highlighting the common cultural practice of using this specific brand of hair oil to create a sleek, heavily oiled appearance. There is no Tamil text overlay in the image, as the entire caption is written in English, though the subject matter reflects a shared cultural experience within South Indian households.",Positive,Sarcastic,Non-Vulgar,Non-Abusive,Person
image_tamil_0625.jpg,"This meme features a still from a Tamil film showing two young boys sitting in a dark theater, looking forward with expressions of confusion and mild annoyance. The text overlays capture a relatable sentiment regarding linguistic frustration during a broadcast: the boy on the left asks, ""Why are they speaking fully in Hindi?"", while the boy on the right replies, ""Language is important, look at Archana and Shibani, bro."" The image satirizes the experience of Tamil-speaking viewers who find themselves forced to listen to Hindi commentary during sports broadcasts, contrasting their irritation with a sarcastic nod toward the perceived necessity of the language being used by the presenters mentioned.",Neutral,Sarcastic,Non-Vulgar,Non-Abusive,Group
image_tamil_0224.jpg,"This image features a still from a South Indian film showing the actress Nayanthara wearing a yellow top and large hoop earrings while standing in an indoor setting. Her facial expression is one of intense irritation or anger, with her mouth slightly open as if she is in the middle of yelling or scolding someone. The black bar at the top of the image contains a string of random special characters meant to represent censored profanity or an angry outburst, rather than actual Tamil text, effectively communicating the character's heated frustration in a humorous, stylized manner.",Negative,Non-Sarcastic,Non-Vulgar,Non-Abusive,Person
image_tamil_0114.jpg,"This black-and-white meme features two distinct scenes side-by-side, each capturing a humorous contrast in mood. On the left, a man is lying on a patterned bedspread with his eyes closed and his face puffed up in a relaxed, deep sleep, projecting an air of complete peace. On the right, another man is lying next to a woman; while he is face-down and seemingly asleep, the woman is wide awake, staring directly at the camera with an expression of shock, anxiety, or disbelief. The meme is topped with the text Good Night Friends, using the juxtaposition of the serene sleeper and the distressed woman to ironically comment on the complexities of nighttime rest, perhaps suggesting that one person’s peaceful sleep is another person’s restless or awkward experience.",Neutral,Non-Sarcastic,Non-Vulgar,Non-Abusive,Other
image_tamil_0443.jpg,"This meme features a still from a Tamil film showing a character dressed as a police officer, played by the well-known comedian Vadivelu, appearing visibly distressed and frustrated with blood trickling from the corner of his mouth as he gestures toward another person in a uniform. The Tamil text overlaid at the top, Enya intha kolaveri, translates to Why this murderous rage, an iconic phrase used to express bewilderment or exasperation at someone’s aggressive or over-the-top behavior. The image is commonly used in internet culture to humorously depict situations where someone is acting unnecessarily intense, angry, or persistent.",Negative,Sarcastic,Non-Vulgar,Non-Abusive,Person
image_tamil_0290.jpg,"This meme features a close-up shot of the famous Tamil comedian Goundamani dressed in an elaborate, traditional deity costume complete with a golden crown and religious forehead markings. He is wearing a startled and confused expression, with wide, intense eyes and a slightly open mouth, capturing a moment of comic disbelief or disorientation. The Tamil text overlay, ippave kannai kattuthe, translates to My eyes are already blurring, which is a common idiomatic expression used to describe a sense of dizziness, confusion, or being overwhelmed by a situation. The combination of his dramatic, over-the-top attire and his bewildered gaze creates a humorous contrast, making the image a popular template for reacting to confusing, unbelievable, or dizzying circumstances.",Negative,Sarcastic,Non-Vulgar,Non-Abusive,Person
image_tamil_0362.jpg,"This two-panel meme features the popular Tamil comedian Vadivelu and is used to illustrate a transition from shock or disbelief to calm acceptance. In the top panel, the actor stares wide-eyed at the camera with a look of utter confusion or realization, while the bottom panel shows him closing his eyes with a satisfied, resigned smile, suggesting that he has come to terms with the reality of a situation. The small logo at the bottom left features a graphic of two comedic figures and the Tamil text for Tamil Comedy Memes, which serves as a watermark for the image source rather than a caption for the meme itself.",Negative,Non-Sarcastic,Non-Vulgar,Non-Abusive,Person
image_tamil_0571.jpg,"This meme features a grainy, low-angle still from a Tamil film depicting a physical confrontation, with a man standing shirtless in striped shorts appearing to aggressively strike or dominate a person lying on the ground. Above the image, the text declares Thalaivar's Reaction, while the bottom caption translates to, If I see any more 'My Reaction' posts anywhere, I will set a mangy dog to bite you, rascals. The aggressive visual context serves as a hyperbolic, comedic expression of intense annoyance directed at a repetitive or tiresome social media trend.",Negative,Sarcastic,Non-Vulgar,Abusive,Other
image_tamil_0784.jpg,"This meme utilizes two scenes from the Tamil film Pithamagan to depict a humorous exchange about music streaming habits. In the top panel, a man gestures toward his friends and asks if listening to songs on an app will reduce depression, to which his friend in the bottom panel aggressively points back while holding a stick, dismissively replying that listening like that will only deplete your mobile data, so you should just download the songs first and listen to them offline. The comedic effect relies on the stark contrast between the naive question in the first half and the pragmatic, blunt, and slightly aggressive response in the second, capturing a relatable modern struggle between mental well-being and data management.",Negative,Sarcastic,Non-Vulgar,Non-Abusive,Person
image_tamil_0868.jpg,"This cartoon depicts a traditional arranged marriage meeting in a South Indian household, where a young woman stands serving tea to a group of men sitting on a sofa, accompanied by an older woman. The expressions on the characters' faces are pleasant and typical of such social negotiations. The Tamil text overlaid at the bottom translates to a satirical joke about the high price of onions in India, suggesting that if someone gives 100 kilograms of large onions and 50 kilograms of small shallots as a dowry or gift, the marriage alliance can be successfully finalized.",Negative,Sarcastic,Non-Vulgar,Non-Abusive,Group
image_tamil_0110.jpg,"This meme template features four panels displaying the Tamil comedian Vadivelu wearing a pink shirt, capturing a progression of confusion and realization. In the first panel, he looks sideways with a skeptical or annoyed expression, followed by the second panel where he gazes upward with his mouth slightly agape in surprise or bewilderment. The third panel shows him looking straight up with a blank, perplexed stare, and the final panel depicts him scratching his head in deep thought or realization. The small logo in the center contains the Tamil text Tamil Comedy Memes, indicating the origin of the image as a popular reaction format used to portray moments of uncertainty, sudden insight, or deep contemplation.",Neutral,Non-Sarcastic,Non-Vulgar,Non-Abusive,Person
image_tamil_0749.jpg,"This meme uses a popular scene from a Tamil film to create a humorous comparison regarding the perception of short girls. In the top panel, a character is looking down at a Masha and the Bear character label superimposed over a person, labeled as short girls, with an accompanying text overlay stating that short girls are damn cute. The bottom panel depicts the same group of men looking at each other with skeptical or amused facial expressions, accompanied by the Tamil text Kullama Ikuradhuku Ipidi Oru Bit Ah, which translates to finding such an excuse or justification for being short. The meme effectively contrasts the romanticized view of being short with a comedic, cynical reaction to that sentiment.",Negative,Sarcastic,Non-Vulgar,Non-Abusive,Group
image_tamil_0563.png,"The meme features a photograph of two men wearing academic graduation caps and gowns while giving a thumbs-up gesture with wide, happy smiles. The text overlay, written in Tamil, translates to convey that hair dye and fights between friends never last for a long time in history, ending with the affectionate term nanbenda which refers to a close friend. The overall sentiment is a lighthearted observation about the fleeting nature of temporary conflicts and superficial changes compared to the enduring bond of friendship.",Neutral,Sarcastic,Non-Vulgar,Non-Abusive,Group
image_tamil_0191.jpg,"This meme features a still from a Tamil film where a group of five men are gathered outdoors on a road next to a white SUV, appearing to be in the midst of a tense or argumentative discussion. The man in the center, a well-known comedian named Vadivelu, stands with a look of visible confusion and defeat, while the others gesture toward him or engage in a heated exchange. The green text overlay in Tamil reads, Endhappakkam ponalum anna katturangale, which translates to ""Wherever I go, they are building dams,"" a sarcastic expression used to imply that someone is being constantly blocked, cornered, or frustrated by obstacles regardless of which direction they turn.",Negative,Non-Sarcastic,Non-Vulgar,Non-Abusive,Person
image_tamil_0077.jpg,"This meme features the popular Tamil comedian Vadivelu in a scene where he is acting as a bus conductor, gesturing with his hand while looking at someone with a frustrated and exasperated expression. The overlay text, written in Tamil, translates to ""Listen, everything that happened here happened unknowingly,"" which reflects a classic comedic trope of the character trying to excuse his ridiculous or incompetent behavior with a flimsy explanation. The overall tone is humorous, capturing Vadivelu's trademark slapstick delivery and his ability to embody a character who is desperately trying to maintain authority despite clearly being in the wrong.",Neutral,Non-Sarcastic,Non-Vulgar,Non-Abusive,Person
image_tamil_0387.jpg,"This meme features a close-up, humorous expression of the popular Tamil comedian Vadivelu, who is looking to the side with a smirk and a skeptical, judgmental look on his face. The Tamil text overlay translates to: ""They are making such a big scene just for receiving 1000 rupees... if they actually received the 15 lakhs promised by Modi, there would be no stopping them."" The caption highlights the comedic absurdity of how people overreact to receiving small amounts of financial aid, sarcastically comparing it to the unfulfilled political promise of depositing 15 lakh rupees into every citizen's bank account, which was a widely discussed talking point during Indian elections.",Positive,Non-Sarcastic,Non-Vulgar,Non-Abusive,Person
image_tamil_0787.jpg,"The image features a still from a South Indian film showing a bare-chested man intensely punching a hole through a brick wall, his face strained with exaggerated effort and determination. The visual is accompanied by the yellow, block-letter text reading KING OF OPENING, which serves as a humorous commentary on the character's over-the-top physical prowess. In the top right corner, a watermark displays the letters KK alongside the English text KOKKI KUMARU, which is the name of a popular, iconic character from the film Pudhupettai, known for his aggressive and eccentric personality.",Negative,Sarcastic,Non-Vulgar,Non-Abusive,Person
image_tamil_0263.jpg,"This meme features a classic still from a Tamil film showing the legendary comedian Goundamani and his frequent collaborator Senthil sitting in a rustic, thatch-roofed setting. Goundamani stands on the left with a frustrated, weary expression, while Senthil sits to his right with a bewildered and panicked look on his face, both displaying their iconic comedic chemistry. The Tamil text overlaid at the top translates to I don't like, bloody fools, nonsense, which serves as a caption reflecting the exasperation and annoyance often captured in Goundamani’s famous screen persona.",Negative,Non-Sarcastic,Non-Vulgar,Non-Abusive,Person
image_tamil_0426.jpg,"This meme features a still from a Tamil film showcasing the iconic comedic actor Vadivelu alongside another actor, capturing a moment of heated interaction. The man on the left appears to be lecturing or scolding Vadivelu with an intense expression and a gesturing hand, while Vadivelu responds with his trademark look of confusion and slight indignation. The Tamil text overlay translates to, What kind of a mind is this, a shameless mind, serving as a humorous expression used to criticize or mock someone's questionable behavior or nonsensical thoughts.",Negative,Sarcastic,Non-Vulgar,Non-Abusive,Person
image_tamil_0945.jpg,"This meme features a humorous three-panel sequence from a Tamil film where a random man mistakes a married couple for siblings. In the top panel, a man addresses a woman, asking in Tamil, It looks like you are coming out with your brother after a long time, to which the woman and her husband, actor Arya, react with bewildered and slightly annoyed expressions in the bottom panels. The final caption at the bottom shows the woman correcting the stranger by stating in Tamil, No, he is my husband. The contrast between the stranger's assumption and the awkward reality of the couple's faces highlights the common social trope of people mistakenly labeling romantic partners as siblings.",Negative,Sarcastic,Non-Vulgar,Non-Abusive,Group
image_tamil_0286.jpg,"The image features a scene from a Tamil film showing actor Ajith Kumar sitting at a table in a cafe, leaning forward with an intense and aggressive facial expression. He is wearing a white shirt and sports a thick, prominent mustache, conveying a stern, confrontational persona while looking directly at a person sitting across from him. The text overlay, written in Tamil, translates to ""Don't act as if you've trampled over me! I am not someone who can be easily intimidated! You won't even be able to catch your breath,"" which captures the confrontational and domineering nature of the dialogue being implied by his look. The setting includes stained glass windows and a beverage on the table, contributing to the serious, dramatic atmosphere typical of such cinematic moments.",Negative,Non-Sarcastic,Non-Vulgar,Non-Abusive,Person
image_tamil_0608.jpg,"This meme features a two-panel contrast highlighting the irony of celebrity relationships. The top panel shows a photo of Indian actor Arya standing next to actress Sayyeshaa with the caption noting their 17-year age gap, accompanied by branding for the page Mokka Bosss. The bottom panel displays a still of the popular Tamil comedian Vadivelu looking confused and distressed while scratching his head, with a Tamil text overlay that translates to, ""Where are our people watching Dora Buji,"" a humorous cultural reference suggesting that while celebrities like Arya are marrying significantly younger women, the average person is still stuck in a childish or stagnant phase of life.",Neutral,Sarcastic,Non-Vulgar,Non-Abusive,Person
image_tamil_0820.jpg,"The top portion of this meme features a promotional movie poster for the Tamil film Vantha Rajavathaan Varuven, starring actor Silambarasan, which advertises a February 1st worldwide release. Beneath the poster, a two-panel sequence from a classic Tamil film comedy scene captures a man observing a situation with confusion and disappointment before his companion nudges him to walk away. The Tamil text overlay translates to the first character asking what happened in such a way, followed by the second character dismissively responding that they should just leave, serving as a humorous commentary on the underwhelming reception or quality of the film advertised above.",Neutral,Sarcastic,Non-Vulgar,Non-Abusive,Other
image_tamil_0153.jpg,"This four-panel image features the popular Tamil comedian Vadivelu wearing a yellow shirt, displayed in a sequence that captures a progression of humorous internal frustration or contemplation. The top-left panel shows him with a neutral, slightly serious expression, which shifts in the top-right to a subtle wince or lip-purse as he processes a thought. In the bottom-left, he purses his lips tightly in a look of mild irritation or stifled annoyance, and in the bottom-right, he settles into a look of skeptical realization or resigned disappointment. The image includes a watermark for roflphotos.com in the center, and there is no additional Tamil text overlay to translate. The overall effect is a classic reaction meme used to depict someone struggling to suppress a sarcastic or judgmental response to a frustrating situation.",Neutral,Non-Sarcastic,Non-Vulgar,Non-Abusive,Person
image_tamil_0798.jpg,"This meme features a two-panel sequence from a South Indian film depicting a woman with a somber and somewhat helpless facial expression as she discusses the meager financial reality of being a student. The top panel includes Tamil text that translates to, ""2.50 to go to college, 2.50 to come back,"" highlighting the basic cost of travel. The bottom panel continues the theme, with text translating to, ""Curd rice for lunch; what else do you need to go to college, sir?"" together, the images illustrate the financial hardships and extreme austerity faced by many students, using the character's serious demeanor to emphasize the struggle of surviving on a bare-minimum budget for daily necessities.",Negative,Sarcastic,Non-Vulgar,Non-Abusive,Group
image_tamil_0312.jpg,"This meme features a still of the popular Tamil comedian Vadivelu, who is shown looking down with a skeptical, mildly annoyed, and slightly judgmental facial expression while bringing his hand toward his mouth. The Tamil text overlaid at the top, ""இது கொஞ்சம் ஓவரா இருக்கே,"" translates to ""This is a bit too much,"" capturing a sense of disbelief or criticism toward an unfolding situation. The image serves as a common reaction meme used to express skepticism or to suggest that someone’s actions or statements have crossed a line of reasonableness.",Positive,Non-Sarcastic,Non-Vulgar,Non-Abusive,Other
image_tamil_0753.jpg,"This meme uses a scene from the film Nanban to depict a humorous exchange between a lecturer and his students. In the top panel, the professor, played by Sathyaraj, holds up a specialized pen and explains in Tamil that it is so advanced that one can even write with it in space. The bottom panel features the comedian Vadivelu standing among a group of students with a bewildered and deadpan expression, responding in Tamil by asking why they would even need to go to space in the first place. The humor lies in the contrast between the professor's pride in a high-tech academic tool and the students' pragmatic, unimpressed reaction to its seemingly useless utility in their everyday lives.",Negative,Sarcastic,Non-Vulgar,Non-Abusive,Group
image_tamil_0535.png,"This humorous comparison meme contrasts two prominent actors from the Tamil film industry, known as Kollywood, using their distinctive hair choices. The left side features Ajith Kumar, referred to as Thala, sporting a natural, stylish salt-and-pepper look with sunglasses and a calm, confident expression, noting him as the one who popularized this hairstyle within the industry. The right side features the late actor and politician Vijayakanth, known as Captain, with a reddish-tinted, somewhat uneven hairstyle and a neutral facial expression, with text jokingly labeling him as the inventor of a red chilly and pepper hairstyle for the entire world. The image incorporates a logo from the Facebook page Chennai Memes and uses humorous, hyperbolic language to poke fun at their contrasting grooming choices.",Negative,Sarcastic,Non-Vulgar,Non-Abusive,Other
image_tamil_0507.jpg,"This humorous meme features a portrait of a stern-looking woman dressed in a traditional Indian sari and holding a wooden rolling pin in a menacing manner. The text at the top, written in Tamil, translates to say that instead of saying Om to God, one should try saying Aam (yes) to their wife, warning that the result will be quite an experience, implied by the visual of the woman ready to strike. The bottom text encourages the viewer to try this experiment, suggesting with a sarcastic tone that the aftermath will be quite interesting. The image relies on the stereotypical trope of the domineering wife to create a relatable comedic scenario about marital dynamics.",Neutral,Sarcastic,Non-Vulgar,Non-Abusive,Group
image_tamil_0803.jpg,"This meme juxtaposes intense, dramatic imagery of the actor Ajith Kumar performing strenuous feats—such as pulling a heavy structure and pushing a massive boulder—with a comedic scene featuring the actor Vadivelu to mock the actor’s over-the-top onscreen physical resilience. The top panels establish a tone of extreme effort, while the bottom panels show Vadivelu, appearing with blood on his shirt, explaining in Tamil that a friend shot ten bullets into his back, but because the bullets didn't work out, he survived. The text translates to a dialogue where one man asks what happened, and Vadivelu nonchalantly replies that a friend shot him ten times, he took the bullets out, and he is alive because the shooting failed to work out, creating a humorous contrast between the hyper-masculine exertion of the action scenes and the absurdity of the character's survival.",Neutral,Sarcastic,Non-Vulgar,Non-Abusive,Organization
image_tamil_0162.jpg,"This meme features a still from a Tamil film showing a group of men in a dimly lit, office-like setting, all wearing sunglasses and holding walkie-talkies as if they are part of a secretive security detail. The man in the center, portrayed by the popular comedian Vadivelu, stands out in a white shirt while gesturing as he speaks to the others, creating a humorous contrast between their serious demeanor and the absurd situation. The Tamil text overlay at the top reads, ""Kambani secret-ai veliya sollatha da,"" which translates to ""Don't reveal the company secret outside, man."" The caption serves as a playful commentary on the importance of maintaining confidentiality, often used in social media to poke fun at workplace office politics or the act of keeping trivial or exaggerated information private.",Negative,Non-Sarcastic,Non-Vulgar,Non-Abusive,Person
image_tamil_0722.jpg,"This meme features a top panel showing the Joker from the film The Dark Knight, followed by two panels featuring a distressed-looking man, played by actor Vivek, from a popular Tamil movie scene. The text in the top panel jokingly mocks friends who post social media statuses for the Joker's birthday, while the middle panel contains Tamil text that translates to, Tell me his real name without checking the internet, let's see. The final panel shows the man stuttering, with the Tamil text, That is actually..., implying that the person being questioned does not actually know the character's real name despite their performative social media posts. The overall tone is one of humorous skepticism directed at those who pretend to be fans of pop culture icons.",Negative,Sarcastic,Non-Vulgar,Non-Abusive,Person
image_tamil_0062.jpg,"This meme features a widely recognized comedic screen capture of the famous Tamil actor Vadivelu, who is shown wearing a casual towel over his shoulder with an expression of shy, slightly mischievous, or sycophantic laughter. The Tamil text overlaid on the image, neenga sonna sariyathan irukkum.. hihi.., translates to English as, whatever you say must be right, hehe, and is typically used to mockingly agree with someone's questionable logic or to sarcastically flatter a person during a conversation. The overall tone of the image is humorous and self-deprecating, often used in social media threads to express mock compliance or lighthearted sarcasm.",Negative,Sarcastic,Non-Vulgar,Non-Abusive,Person
image_tamil_0159.jpg,"This meme features a still from a Tamil film starring the popular comedian Vadivelu, who is shown with a disgruntled and annoyed expression, gesturing with his hand as if to dismiss someone. The text overlaid at the top is written in Tamil, which translates to ""Oh man, I couldn't even see your face fully."" The image is frequently used in social media contexts to express frustration, disbelief, or the act of shooing someone away when their presence or input is deemed unwelcome or insufficient.",Negative,Non-Sarcastic,Non-Vulgar,Non-Abusive,Person
image_tamil_0790.jpg,"This meme is a localized joke targeting the residents of various neighborhoods in the Cuddalore district of Tamil Nadu, using a grid of six images to playfully rank or stereotype the attractiveness of future wives based on specific localities. The top text reads Future Wife of Cuddalore Area Pasanga, which translates to Future Wives of Cuddalore Area Guys, with the word pasanga referring to young men or boys. Each of the six panels pairs a location name with a photograph of a woman, ranging from popular South Indian actresses like Samantha, Nayanthara, and Anushka to more satirical or polarizing figures. The images reflect a range of expressions, from the elegant, poised looks of the actresses used for Thiruppapuliyur, O.T, and Devanampattinam to the more humorous or unflattering portrayals used for the other locations, which serves as the core comedic device of the post by implying a humorous disparity in the perceived beauty of women from these different towns.",Negative,Sarcastic,Non-Vulgar,Non-Abusive,Person
image_tamil_0844.jpg,"This meme uses a split-screen format featuring stills from the Tamil film Hey Ram, starring Jyothika and Kamal Haasan, to comment on social media behavior during elections. In the top panel, a woman with a questioning expression asks in Tamil why someone posted a photo of their inked finger on Facebook before even two minutes had passed after voting. In the bottom panel, a somber-looking Kamal Haasan replies in Tamil that he had already posted it within two seconds and was just waiting for the ink to dry. The meme humorously highlights the modern trend of people rushing to show off their proof of voting on social media platforms immediately after leaving the polling booth.",Neutral,Sarcastic,Non-Vulgar,Non-Abusive,Other
image_tamil_0725.jpg,"This four-panel meme features a comedic sequence from a film starring actress Samantha Ruth Prabhu and actor Brahmanandam. In the top panels, the actress is shown in a close-up, followed by the actor blowing a cloud of white powder toward her. The middle panel shows the dramatic, over-the-top impact of the powder hitting her, leaving her stunned and obscured in a haze. The final panel shows the actress looking shocked and confused with two other women beside her, highlighting the absurdity of the scene. The visual humor relies on the exaggerated reaction of the actress compared to the comical, deliberate action taken by the actor, serving as a template to represent situations where someone is unexpectedly or intensely overwhelmed by an outside force. There is no Tamil text overlay to translate, only the small watermark in the corner indicating the source of the creation.",Neutral,Sarcastic,Non-Vulgar,Non-Abusive,Person
image_tamil_0308.jpg,"This meme features a screenshot from a classic Tamil film showing a man and a woman sitting indoors. The man has a weary, skeptical, and somewhat pained expression as he looks upward, while the woman beside him looks on with a focused or concerned gaze. The text overlay written in Tamil translates to, Look, the grandson of Kannadasan has arrived to give his opinion, which is a sarcastic remark often used in internet culture to mock someone who is acting pretentious, overly philosophical, or unsolicitedly opinionated in a way that implies they think they are as wise as the legendary poet Kannadasan. The overall tone is one of humorous dismissal, using the actor's exaggeratedly unimpressed face to poke fun at someone delivering unwanted life advice.",Neutral,Non-Sarcastic,Non-Vulgar,Non-Abusive,Other
image_tamil_0075.jpg,"This meme features a still from a classic Tamil film showing the legendary actor Sivaji Ganesan, portraying a mythological king, looking startled and glancing over his shoulder, while the iconic comedian Vadivelu peeks cautiously from behind a doorway in the background. The visual captures a sense of comic tension and surprise, with the king appearing caught off guard and the side character appearing sneaky or inquisitive. Superimposed in Tamil at the top is the text, ""அந்த குரூப் போயிட்டாங்களா..??"" which translates to ""Has that group left yet?"" or ""Are those people gone yet?""—a phrase often used in social media contexts to express the desire to avoid a particular group of people or to confirm that an awkward situation has finally concluded.",Neutral,Non-Sarcastic,Non-Vulgar,Non-Abusive,None
image_tamil_0419.jpg,"This meme features a still from a Tamil film showing two elderly women with bewildered and shocked expressions, staring intensely at something off-screen. The green text overlay in Tamil, which translates to Who is this hero???, is used in internet culture to ironically mock someone who is acting overly dramatic, self-important, or unexpectedly bizarre. The combination of the confused faces and the caption serves to question the identity or relevance of an individual who has made a questionable or comical impression.",Positive,Non-Sarcastic,Non-Vulgar,Non-Abusive,Person
image_tamil_0748.jpg,"This image presents a side-by-side comparison illustrating the age difference and life stages of the Indian film actors Fahadh Faasil and Nazriya Nazim, spanning from 2002 to 2014. The top panel juxtaposes a portrait of a young adult Fahadh from 2002 against a photograph of a very young Nazriya as a child, while the bottom panel shows the two in 2014, dressed in traditional wedding attire as a married couple. The visual contrast highlights how Nazriya grew from a young child into a woman over that twelve-year period, juxtaposed with Fahadh’s relative maturity during that same timeframe. There is no Tamil text overlay to translate in this specific image, but the overall context relies on the humorous or ironic juxtaposition of their vastly different developmental stages in the earlier photo versus their later marriage.",Neutral,Non-Sarcastic,Non-Vulgar,Non-Abusive,Person
image_tamil_0619.jpg,"This meme is a satirical compilation poking fun at the exaggerated action sequences found in popular South Indian cinema. The visual depicts a composite scene where a man is shown flying through the air while holding a car above his head, all while hovering above the ocean near a small airplane. The facial expressions of the individuals are stoic and intense, contrasting with the physics-defying absurdity of the stunts. The text at the top, Kuruvi, Sura, Villu, Aambala - All In One, references four specific Tamil-language action films known for their over-the-top stunts, suggesting that this single image serves as an all-encompassing representation of the unrealistic ""mass hero"" moments featured in those movies.",Neutral,Sarcastic,Non-Vulgar,Non-Abusive,Other
image_tamil_0669.jpg,"This meme uses a split-screen format featuring a man carrying a white dog with a neutral, stoic expression. The text overlay reads In Maruvarthai Pesathe Song, which refers to a popular romantic song from the Tamil film Enai Noki Paayum Thota. The humor stems from the implication that the actor, who is actually Dhruv Vikram in the image, is being compared to the dog in the song's context. By labeling the man as Dhanush in the top panel and the dog as Megha Akash in the bottom panel, the creator is mockingly reducing the romantic chemistry between the lead actors of the song to an awkward situation where one person carries the other like a pet.",Negative,Sarcastic,Non-Vulgar,Non-Abusive,Person
image_tamil_0647.jpg,"This humorous meme features a still from a classic Tamil comedy film starring the actor Vadivelu and others, capturing a scene where several men are standing together with varied expressions of confusion and amusement. The text overlay at the top asks why they are beating up the man, explaining that when he went to the shop to buy sugar and discovered it was 100 grams short, he dared to ask the shopkeeper why. The punchline at the bottom reveals the absurd reason he was beaten: the shopkeeper claimed that by walking to the shop to complain, the man's sugar levels would decrease, mocking the health-conscious advice to walk for better health.",Neutral,Sarcastic,Non-Vulgar,Non-Abusive,Person
image_tamil_0007.jpg,"This meme features a still image of the popular Tamil comedian Goundamani from a film, captured in an exaggerated, wide-eyed expression of shock and indignation while gesturing with his hands. Overlaid at the top of the image is the Tamil text ""அப்போ நாங்கல்லாம் என்ன மானம் கெட்டவங்களா?"", which translates to ""So, does that mean we are people without honor or dignity?"" The overall visual context uses his well-known comedic persona to express a feeling of being insulted or unfairly excluded, serving as a humorous reaction to situations where someone feels their reputation has been slighted.",Positive,Non-Sarcastic,Non-Vulgar,Non-Abusive,Person
image_tamil_0103.jpg,"This meme features a frame from a popular Tamil movie showing the comedian Yogi Babu with his hands pressed together in a respectful, pleading gesture. His facial expression conveys a mix of weariness and earnest supplication, suggesting someone trying to diffuse a situation or beg for mercy. The text overlay at the top, written in Tamil, translates to enough, stop it right here, which complements the actor's submissive posture and is frequently used online to express a desire for someone to cease annoying behavior or to signal that a limit has been reached.",Negative,Non-Sarcastic,Non-Vulgar,Non-Abusive,Other
image_tamil_0994.png,"This meme features a screenshot from a popular Tamil film comedy scene, showing two characters who appear to be reacting with a mix of nervous laughter and forced nonchalance. The top text explains that the situation is a student's reaction when the Head of Department (HOD) threatens that students with low attendance will not be allowed to take exams. The Tamil text at the bottom, which translates to ""Can you do business if you are scared? These people are always like this,"" reflects the cynical or mocking attitude of students who are accustomed to such empty threats from authority figures and do not take them seriously.",Neutral,Sarcastic,Non-Vulgar,Non-Abusive,Group
image_tamil_0126.jpg,"This meme features the popular Tamil comedian Vadivelu in a comedic scene from a film, where he is shown pulling his own hair straight up into a tall, bizarre point while looking at another man with a deadpan, slightly intense facial expression. The man opposite him sits with his back to the camera, creating a contrast between his normal appearance and Vadivelu's absurd look. The Tamil text overlay translates to ""What do you see there?"" which serves as a sarcastic or humorous prompt used to call attention to something ridiculous or unexpected in a situation, often implying that the absurdity is obvious to anyone looking.",Neutral,Non-Sarcastic,Non-Vulgar,Non-Abusive,Other
image_tamil_0017.jpg,"This four-panel collage features the popular Indian comedian Vadivelu dressed in traditional regal attire, performing an exaggerated, theatrical dance or dramatic sequence. His facial expressions shift from an intense, wide-eyed grin with hands outstretched to a more poised, self-important pose with his hand over his heart, conveying a sense of mock grandeur or ironic vanity. The setting includes background figures dressed as soldiers in metallic helmets, reinforcing the historical or mythological cinematic context of the scene. While the image contains a watermark for a website, there is no Tamil text overlay to translate, as the humor relies entirely on the actor's iconic physical comedy and expressive body language, which is frequently used in memes to portray feelings of arrogance, disbelief, or dramatic flair.",Negative,Sarcastic,Non-Vulgar,Non-Abusive,Person
image_tamil_0113.jpg,"This meme features the popular Tamil comedian Vadivelu in a scene from a period film, where he is dressed in elaborate traditional royal attire including a crown, heavy jewelry, and a curled mustache. His facial expression captures a moment of intense indignation, shock, or disbelief, characterized by widened eyes and a tight, pursed mouth. The text overlay at the top, written in Tamil, reads ussssss, which is an onomatopoeic exclamation of exasperation or annoyance commonly used to express disbelief at a foolish statement or a frustrating situation.",Neutral,Non-Sarcastic,Non-Vulgar,Non-Abusive,Other
image_tamil_0228.jpg,"This meme features a humorous still from a Tamil film depicting a man lounging comfortably on the floor while surrounded by a cloud of dust and debris, suggesting he has just collapsed or been involved in a comical mishap. His expression is one of blissful relaxation and self-satisfaction, contrasting sharply with the chaotic environment around him. The Tamil text overlay, Paatri, translates to something like look at him or watch him, which serves to mock or highlight the absurdity of his laid-back demeanor despite the messy surroundings. The overall tone captures a signature slapstick moment often used in digital media to express ironic indifference or lazy contentment during a difficult situation.",Negative,Sarcastic,Non-Vulgar,Non-Abusive,Person
image_tamil_0728.jpg,"This meme juxtaposes a high-fashion photograph of Priyanka Chopra at the 2019 Met Gala with a comedic reaction frame from a popular Tamil film. In the top image, Chopra is shown in an elaborate, avant-garde gown and crown, while the bottom frame features the well-known Tamil comedian Vadivelu smiling and gesturing toward the camera, labeled as *Me*. The caption, written in Tamil as ""Hey, priyanka chopra mandaya paru da,"" translates to ""Hey, look at Priyanka Chopra's head/hair,"" mocking her unconventional, voluminous hairstyle in the picture. The overall intent of the meme is to use the iconic comedic expression of the actor to playfully tease or poke fun at the actress's bold and unique appearance at the event.",Neutral,Sarcastic,Non-Vulgar,Non-Abusive,Group
image_tamil_0221.jpg,"This meme features the popular Tamil comedian Vadivelu captured in a frame from a film, standing before a microphone during what appears to be a public address or political event. His expression is one of exaggerated concern, confusion, and a hint of comical panic, with his eyes widened and his signature mustache prominent. The Tamil text overlaid at the top, ""ரைட்டு சைத்தான் சைக்கில்லை வருது,"" translates to ""Right, Satan is coming,"" which serves as a humorous reaction to a situation where the person expects trouble or impending chaos, using the actor's distinct style to emphasize the impending sense of misfortune.",Positive,Non-Sarcastic,Non-Vulgar,Non-Abusive,Person
image_tamil_0068.jpg,"This split-panel meme features a popular scene from the Tamil movie Karuppu Roja, showcasing comedic actor Goundamani standing among a group of villagers while holding a baby. In the top frame, he stands prominently as the crowd watches, and the Tamil text overlay translates to, ""In celebration of Children's Day, brother will now give everyone 2000 rupees."" The bottom frame provides a closer angle of Goundamani's deadpan, serious facial expression contrasted with the eager and amused reactions of the surrounding men, who appear to be waiting in anticipation of the promised money. The image is a satirical take on political or social promises, using the actor's iconic persona to highlight the absurdity of such sudden, unlikely handouts.",Positive,Non-Sarcastic,Non-Vulgar,Non-Abusive,Person
image_tamil_0555.jpg,"The meme features a circular, speckled image that resembles a photograph of a planet from space, surrounded by a dark background. The top text overlay in Tamil claims that this image was taken from Pluto and shows a massive landmass on Earth, jokingly telling the reader they have no choice but to believe it. The bottom text provides a humorous punchline, revealing that the image is actually just the bottom of a frying pan used for making vadas, a popular South Indian fried snack. The image plays on the common internet trope of using everyday household objects and presenting them as high-quality astronomical discoveries to mock gullible social media users.",Negative,Sarcastic,Non-Vulgar,Non-Abusive,Organization
image_tamil_0323.jpg,"The meme features a close-up, stoic portrait of the late Indian actor Vijayakanth, whose somber and slightly weary facial expression serves as the visual punchline. The text at the top, While Seeing 2k Kids Committed and Getting Married, contrasts the life stages of younger generations with the perspective of those who grew up in the 1990s, who are identified by the text 90's kids in the bottom corner. The overall tone is one of humorous resignation or weary realization, capturing the feeling of generational displacement as people who grew up in the 90s observe the younger generation reaching life milestones that they may not have achieved themselves. There is no Tamil text included in this image to translate, as the entire message is conveyed through the English captions.",Negative,Sarcastic,Non-Vulgar,Non-Abusive,Person
image_tamil_0947.jpg,"This meme features a split-screen composition using two similar stills of a group of four young women sitting together in an outdoor setting, likely from an Indian film. In the top frame, the women appear focused or slightly concerned while one talks on a phone, accompanied by the text stating that girls also troll boys. The bottom frame captures the group laughing or whispering together in a more lighthearted, conspiratorial manner, with the caption suggesting that this behavior occurs when girls form a gang. The women display expressive, animated faces that transition from serious engagement to shared amusement, effectively illustrating the trope that a group of female friends often engages in playful mockery or gossip about men. There is no Tamil text present in the image, as the entire overlay is already in English.",Negative,Sarcastic,Non-Vulgar,Non-Abusive,Group
image_tamil_0346.jpg,"This meme features a still from a Tamil film showcasing the popular comedian Vadivelu in a blue shirt sitting between two men, gesturing with his finger as if giving a stern warning or lecture. His expression is one of mock seriousness and exasperation, which contrasts with the plain, attentive postures of the two men standing on either side of him. The Tamil text overlay translates to, Hey, lately, your words are becoming very bad, man, which is often used in social media contexts to humorously criticize someone who is speaking nonsense or making inappropriate comments. The scene captures a quintessential moment of comedic timing where the character appears to be reprimanding his companions for their poor choice of words or erratic behavior.",Positive,Non-Sarcastic,Non-Vulgar,Non-Abusive,Person
image_tamil_0848.jpg,"This meme juxtaposes the intense, aggressive physicality of the cinematic villain Muthupandi, who is shown violently striking his victim, with the comedic and contrasting reaction of the iconic Tamil actor Vadivelu. The top section captures the villain delivering a powerful blow that leaves dramatic, exaggerated claw-like wounds on the victim’s arm. The bottom panels showcase Vadivelu’s face, transitioning from a look of stoic resignation to a wide-eyed, comical realization of the pain he has just received. The text overlay reads Legends Handling Muthupandi adii, which translates to legends dealing with Muthupandi's hits, humorously highlighting the absurdity of the exaggerated action choreography through the actor's classic deadpan and expressive comedic style.",Neutral,Sarcastic,Non-Vulgar,Non-Abusive,Other
image_tamil_0080.jpg,"This image features a classic comedic moment from Tamil cinema starring the iconic duo Goundamani and Senthil. In the scene, Goundamani is seen speaking to a shy and sheepishly smiling Senthil, who wears a distinctively rounded hairstyle. The text at the top reads Heeheehee in Tamil script, capturing a lighthearted and mischievous tone. The overall composition reflects a playful dialogue between the two characters, where one is likely eliciting a bashful or guilty reaction from the other, a frequent trope in their well-known comedy sketches.",Positive,Sarcastic,Non-Vulgar,Non-Abusive,None
image_tamil_0027.jpg,"This meme features a still from a classic Tamil film starring actor Goundamani on the right and comedian Senthil on the left. Goundamani is seen gesturing with a stern, impatient expression while holding a piece of food, commanding Senthil to leave the premises. The Tamil text overlay translates to, ""Hey, get out of here before I lose my temper."" The scene captures a quintessential moment of cinematic frustration, where one character uses an aggressive tone to dismiss the other, a common trope in their frequent comedic pairings that resonates with audiences as a relatable expression of annoyance.",Negative,Sarcastic,Non-Vulgar,Non-Abusive,Person
image_tamil_0026.jpg,"This image features a still from a historical or mythological Tamil film, depicting two royal figures dressed in traditional armor and crowns, engaged in a conversation while surrounded by soldiers in the background. The man on the left has his hand raised in a gesture of dismissal, while the man on the right looks toward him with an expectant or questioning expression. The Tamil text overlaid at the top, theriyudhu nee moodu, translates to I know, shut up, and is commonly used in internet culture to convey a sarcastic or rude shutdown of someone who is attempting to explain something that is already well understood or unwanted.",Negative,Sarcastic,Non-Vulgar,Non-Abusive,Person
image_tamil_0941.jpg,"This two-panel meme juxtaposes a scene from the movie Oru Adaar Love featuring actress Priya Prakash Varrier with a scene starring the iconic Tamil comedian Vadivelu. In the top frame, the young woman makes a playful, flirtatious facial expression, while the bottom frame shows the actor Vadivelu mirroring a nearly identical, somewhat awkward tongue-out expression. The text in the center labels the comparison as Close Enough, highlighting the humorous visual resemblance between the two very different contexts. There is no Tamil text overlay in the image, as the primary message is conveyed through the English caption and the visual contrast between the flirtatious original clip and the comedic reaction.",Negative,Sarcastic,Non-Vulgar,Non-Abusive,Group
image_tamil_0242.jpg,"This image features a popular meme starring the well-known Tamil comedian Vadivelu, who is depicted holding a large sickle over his shoulder while wearing a colorful patterned bandana. His facial expression is one of intense, comical anger, characterized by a stern gaze and a furrowed brow that conveys mock aggression. The Tamil text overlaid on the image translates to, Are you going to leave quietly or should I cut you in the mouth? The meme is often used in social media contexts to express playful frustration or to sarcastically tell someone to stop talking or leave a conversation.",Negative,Non-Sarcastic,Non-Vulgar,Non-Abusive,Person
image_tamil_0991.jpg,"This meme uses a comparison format to deliver a humorous observation about two people wearing similar outfits. The left side of the collage features images of an actress (top) and professional wrestler The Big Show (bottom), both wearing one-shouldered black garments. On the right, a popular Tamil comedian, Vadivelu, is shown in two distinct frames representing the observer's reaction. In the top frame, labeled with the Tamil word ithu, meaning this, he points a finger as if acknowledging the actress's style, while in the bottom frame, labeled with the Tamil phrase athu la, meaning that, he makes a dismissive or corrective gesture toward the wrestler. The comedic effect relies on the contrast between the elegant presentation of the actress and the rugged, imposing figure of the wrestler wearing an essentially identical style of clothing.",Neutral,Sarcastic,Non-Vulgar,Non-Abusive,Other
image_tamil_0738.jpg,"This meme features a two-panel sequence from a Tamil film using the actors Lawrence Raghavendra and Vadivelu to depict a humorous exchange between a man and his mother after marriage. In the top panel, the man (labeled as Me) comforts a man (representing his mother, labeled as Mom) with the Tamil text, Enna maa nan maplai veetuku poranu nenachu kavalai padriya, which translates to, Are you worried because you think I am going to the groom's house? In the bottom panel, the mother is shown with her eyes closed, looking exhausted, and the accompanying text, En kavalaiyae en maplai nenachu thaan d unkita matitu enna kastam pada porano, translates to, My worry is actually for my son-in-law; what troubles will he face after getting stuck with you? The humor relies on the reversal of traditional family dynamics, where the mother expresses sympathetic concern for her son-in-law's impending domestic struggles rather than her own son.",Neutral,Sarcastic,Non-Vulgar,Non-Abusive,Group
image_tamil_0104.jpg,"This four-panel meme features the popular Tamil comedian Goundamani, who is well-known for his expressive and sarcastic acting style. In the top-left panel, he is seen cowering against a wall while holding his hands near his face in a gesture of exaggerated fear or feigned shock. In the remaining three panels, his expression shifts to one of mocking amusement and dismissive laughter, as he makes wide, flamboyant gestures with his arms to indicate that he is laughing off a situation or reacting with disbelief to something ridiculous. The sequence serves as a humorous reaction image meant to convey that someone is laughing at the stupidity or audacity of another person, and there is no Tamil text overlay to translate, as the images rely entirely on his iconic body language and facial cues to convey the comedic intent.",Positive,Non-Sarcastic,Non-Vulgar,Non-Abusive,Person
image_tamil_0220.jpg,"This meme features a frame from a Tamil film starring comedian Vadivelu, who appears to be in physical distress, squinting his eyes and clenching his fist as he sits among other characters who look concerned. The Tamil text overlay translates to, How much longer can I keep pretending that it doesn't hurt, a sentiment that humorously captures the relatable experience of suppressing internal agony or emotional pain while maintaining a composed exterior in front of others.",Negative,Sarcastic,Non-Vulgar,Non-Abusive,Person
image_tamil_0122.jpg,"This meme features a still from a Tamil film starring actors Vadivelu and the late actor Mayilsamy standing together outdoors. Vadivelu appears stoic and expressionless on the left, while Mayilsamy, on the right, wears a wide, cheeky, and somewhat oblivious grin. The Tamil text overlay translates to, They are scolding you severely, yet you are acting as if you do not even notice it. The humor relies on the contrast between the intense, insulting situation described in the caption and the unbothered, smiling reaction of the character on the right, making it a popular template for situations where someone remains nonchalant in the face of public criticism or mockery.",Neutral,Sarcastic,Non-Vulgar,Non-Abusive,Other
image_tamil_0931.png,"This meme contrasts two images to mock a perceived absurdity in film production. The top frame shows a woman lying down with several lipstick marks on her face, seemingly depicting the aftermath of a violent assault scene. The bottom frame features the popular Tamil comedian Vadivelu looking shocked and incredulous. The Tamil text overlay translates to: Even in a rape scene, there should be some logic, right? In what town do men apply lipstick like this? The meme humorously questions the lack of realism in the makeup department, specifically pointing out that the lipstick marks look like they were applied by a man rather than being the result of a struggle.",Negative,Sarcastic,Vulgar,Abusive,Person
image_tamil_0040.jpg,"This humorous meme features a still from a Tamil comedy film starring actor Vadivelu, who stands in a comical pose while brandishing a large sickle as if preparing for a dramatic fight. His facial expression is exaggerated and cross-eyed, highlighting the absurd and non-threatening nature of the scene, while the man standing next to him looks on with an air of mild bewilderment. The Tamil text overlay, which translates to Today, I will finish this in a single slash and split you in two, contrasts sharply with the performative and goofy body language of the actors, serving as a popular template for sarcastic or ironic expressions of mock aggression in South Indian internet culture.",Negative,Sarcastic,Non-Vulgar,Non-Abusive,Person
image_tamil_0902.jpg,"This meme features a split-panel composition comparing two social settings using still images from The Office to provide humorous commentary on workplace culture. The top image shows a casual gathering in an office breakroom with Tamil text that translates to, ""If you pour the dregs and give coffee, it is a tea shop."" This panel highlights the informal, messy nature of a typical small-town street-side tea stall. In contrast, the bottom image captures the main conference room from The Office, where characters like Jim, Dwight, Michael, and Pam are seated looking bored and tired during a formal presentation. The Tamil text here translates to, ""If you give coffee and then pour the dregs, it is a company meeting."" The juxtaposition suggests that while a street tea shop is transparently informal, a corporate meeting manages to be just as unpleasant and draining under the guise of professional decorum, a sentiment reflected in the drained, unenthusiastic facial expressions of the staff in the bottom frame.",Negative,Sarcastic,Non-Vulgar,Abusive,Person
image_tamil_0404.jpg,"This meme features a screen capture of the popular Tamil comedian Goundamani, who is depicted with a skeptical and annoyed facial expression while holding a wooden stick. The text overlay, written in Tamil, translates to, Oh, so he is the big district collector, has he come to lecture us now? The caption is frequently used in social media contexts to mock individuals who act overly authoritative, condescending, or judgmental toward others without having the actual status or right to do so.",Negative,Sarcastic,Non-Vulgar,Non-Abusive,Person
image_tamil_0186.jpg,"This meme features a still from a Tamil film comedy scene showing two policemen interacting with a man wearing a pink shirt. The police officer on the right has his hand firmly placed on the man's face, while both officers display expressions of mock seriousness or playful intimidation. The Tamil text overlay translates to, He seems like he will surpass us in terms of affection, which adds a layer of ironic humor by contrasting the aggressive physical posturing with a lighthearted comment about someone being overly loving or sentimental. The overall visual communicates a classic slapstick dynamic typical of Tamil cinema, utilizing the familiar contrast between the authoritative police uniforms and the bewildered, submissive expression of the man being handled.",Positive,Sarcastic,Non-Vulgar,Non-Abusive,Person
image_tamil_0199.jpg,"This meme features a still from a Tamil film showing a group of men standing outdoors, where a man on the left is laughing heartily while the man in the red shirt standing next to him looks at him with a stern, annoyed, and slightly menacing expression. The text overlay written in Tamil translates to ""Do you know why I am laughing... wait, I will handle you,"" which ironically subverts the visual dynamic by attributing the dialogue to the laughing character as a playful threat directed at the serious individual. The overall tone is humorous, utilizing the contrast between the joyous laughter of one man and the grumpy demeanor of the other to create a relatable scenario of teasing among friends.",Positive,Non-Sarcastic,Non-Vulgar,Non-Abusive,Person
image_tamil_0695.jpg,"This meme features a collage of four images of a grumpy-looking cat peeking from behind objects or staring intensely, humorously illustrating the universal relationship dynamic of a spouse claiming nothing is wrong while clearly remaining upset. The Tamil text at the top translates to ""When I ask my wife what the problem is, she says 'nothing',"" while the bottom text reads, ""But she spends the whole day glaring like this!"" Together, the photos capture a skeptical, displeased, and watchful expression that perfectly mimics a silent protest, contrasting the verbal claim of normalcy with the obvious physical manifestation of dissatisfaction.",Neutral,Sarcastic,Non-Vulgar,Non-Abusive,Person
image_tamil_0687.jpg,"This meme features a two-panel sequence from a popular Tamil comedy film featuring the actor Vadivelu, who is seen walking with a large golden vessel or drum. In the top panel, the text in Tamil translates to ""Look at him carrying that, he must be an STR fan,"" implying that only a fan of the actor Silambarasan would be hauling such an item. The bottom panel shows the character looking slightly embarrassed or resigned as the caption translates to, ""I myself am looking for a pawn shop to pledge this, and here are these people making assumptions."" The humor relies on the contrast between the onlooker's humorous, fan-based judgment of the man's actions and the character's mundane, desperate reality of needing to sell or pawn his belongings.",Negative,Sarcastic,Non-Vulgar,Non-Abusive,Person
image_tamil_0752.jpg,"This meme features a photograph of Indian actress Manjima Mohan at the top, juxtaposed with two reaction images from Tamil cinema at the bottom to illustrate contrasting fan reactions. On the bottom left, the character portrayed by the late actress Manorama is shown crying with the Tamil caption Paarupa namma Manjima vaa, which translates to Look, is that our Manjima? indicating disbelief or emotional shock. On the bottom right, an actor is shown with a wide-eyed, surprised expression accompanied by the Tamil text Namba Manjima vaa ithu, meaning Is this our Manjima?, expressing astonishment at her appearance. The overall composition highlights a humorous contrast between two types of fan reactions to the actress's appearance, using classic meme tropes from Tamil internet culture to suggest surprise or disbelief.",Neutral,Non-Sarcastic,Non-Vulgar,Non-Abusive,Person
image_tamil_0519.jpg,"This image features a road sign in Tamil set against a blurred rural background, with a faded, ghostly image of a man holding his head in distress subtly superimposed over the text. The primary text at the top reads warning, liquor shop area, vehicles please go slowly, while the middle section identifies the location as Palayangkudi Panchayat. The bottom section lists the names of the local officials, Deputy President Amudha Iraniyan and President S. Pandiyan. The juxtaposition of a formal municipal warning sign with the transparent, emotive image of a person appearing overwhelmed or regretful gives the sign a humorous, meme-like quality, implying that the local leadership is aware of the problematic nature of the nearby liquor establishment.",Neutral,Non-Sarcastic,Non-Vulgar,Non-Abusive,Group
image_tamil_0237.jpg,"The meme features a still shot of the popular Tamil actor Ajith Kumar from a movie scene where he appears to be in a dark, dimly lit environment with his hands raised, suggesting they are chained or bound. He wears a slight, enigmatic smile and maintains a relaxed, almost nonchalant facial expression, creating a contrast with his captive situation. The text overlaid at the top in green is Tamil, reading thamasu... thamasu..., which translates to fun... fun... or joke... joke..., typically used in a sarcastic or playful way to mock a situation or express amusement at something ironic.",Negative,Sarcastic,Non-Vulgar,Non-Abusive,Person
image_tamil_0732.jpg,"This four-panel meme features a progression of scenes focusing on the interaction between a man with glasses and a man in a blue shirt. The top-left and top-right panels show a public event with speakers and a person in a white shirt with a prayerful pose. In the bottom-left panel, the man with glasses looks toward the side with an expression of concern or disapproval. The bottom-right panel depicts a comedic reaction from an actor known for his expressive, skeptical, and side-eyed stares, which serves as a punchline to the previous frames. The small watermark overlay in the first panel contains the name Ashif written in English and a stylized illustration of two faces, but there is no significant Tamil text requiring translation in this image. The meme format utilizes the visual transition from a serious political or public setting to a humorous, dismissive reaction to convey a sense of irony or sarcasm regarding the preceding situation.",Negative,Sarcastic,Non-Vulgar,Non-Abusive,Group
image_tamil_0164.jpg,"This meme features a still image of the popular Tamil comedian Goundamani, who wears a pained and pleading expression while looking directly at the camera with his head slightly tilted. The text overlaid at the top translates from Tamil to English as, I am just a young boy, right? Can't you forgive me? The humorous contrast between the actor's mature appearance and his self-identification as a young boy, combined with his vulnerable posture, is used to portray situations where someone is playfully or desperately begging for forgiveness or leniency after making a mistake.",Negative,Non-Sarcastic,Non-Vulgar,Non-Abusive,Person
image_tamil_0528.png,"This meme uses a four-panel sequence to depict a surreptitious act of theft, featuring a close-up of a hand sliding a small, foil-wrapped object—identified by the caption as a flight ticket—off a ledge while a man identified as Michael stands nearby, oblivious to the action. The first three panels focus on the fingers skillfully retrieving the item, while the final panel shows Michael, dressed in a police uniform, looking down toward the floor with a somber and distracted expression, highlighting his failure to notice the theft occurring right under his nose. The text provided at the top, Anitha taking flight ticket from Michael, translates the context of the scene into English, framing the interaction as a dishonest maneuver that catches the unsuspecting officer off guard.",Neutral,Non-Sarcastic,Non-Vulgar,Non-Abusive,Person
image_tamil_0842.jpg,"This meme uses a two-panel sequence from a Tamil film to mock the disappointment associated with a hypothetical cinematic collaboration between the actor Simbu and the politician Seeman. In the top panel, labeled Movie Before Release, the character portrayed by Dhanush represents Simbu, while the character played by Vivek represents Seeman, flanked by a fan base; the expressions are serious and anticipatory, suggesting high expectations for the collaboration. The bottom panel, labeled Movie After Release, shows the same characters from behind, revealing that the individual representing Seeman has been brutally beaten and bruised on his back, captioned as Seeman Condition. This imagery serves as a satirical commentary, implying that the project would result in a disastrous critical or commercial failure that would leave the parties involved in a metaphorical state of pain or professional ruin, poking fun at the perceived incompatibility or inevitable backlash of such a pairing.",Neutral,Sarcastic,Non-Vulgar,Non-Abusive,Other
image_tamil_0313.jpg,"This meme features a two-part comparison using a still from a Vadivelu comedy scene to illustrate the escalation of social and political unrest in Tamil Nadu throughout 2017. In the top panel, labeled January, the actor sits calmly next to a single dog representing the Jallikattu protests, with text at the top stating that 2017 started off this way. The bottom panel depicts the situation in December, where the same actor is surrounded by a large pack of dogs, representing various issues such as the NEET controversy, farmers' protests, Neduvasal issues, Kathiramangalam protests, and fishermen's struggles. The bottom text translates to, Oh, this year has really dealt us a severe blow, emphasizing the overwhelming accumulation of regional crises by the year's end. The actor's expression shifts from calm bewilderment to stressed exhaustion, visually capturing the public sentiment of being increasingly besieged by multiple, compounding societal problems over the course of the year.",Negative,Non-Sarcastic,Non-Vulgar,Non-Abusive,Person
image_tamil_0775.jpg,"This composite meme critiques political dynasticism in Tamil Nadu by juxtaposing news headlines about political families with a philosophical commentary. The top half displays two news segments from 2019 reporting on how both the AIADMK and DMK parties fielded the children of senior politicians as candidates in elections, using the phrases Election War and identifying specific familial connections. Below this, the image features a pensive still of the character Rocky from the movie KGF, sitting with a melancholic expression. The bottom text translates to a cynical observation: A father who tells his child not to join his own profession but to pursue another one exists only in agriculture, not in politics. Because politics offers all the facilities, power, and plenty of money, that is the only reason heirs are practicing politics.",Negative,Sarcastic,Non-Vulgar,Non-Abusive,Organization
image_tamil_0491.jpg,"This meme features a still from a popular Tamil comedy film scene depicting three individuals in a rural setting, with one man holding a small metal pot while looking toward the others. The facial expressions are exaggerated and comical, typical of the slapstick humor found in Tamil cinema. The Tamil text overlay, which translates to ""Does this photo look like it belongs to a very old time???"" adds a layer of ironic self-awareness about the vintage nature of the movie. The overall composition highlights a quintessential moment of comedic timing, capturing the characters in a situation that is meant to be humorous and relatable to fans of the genre.",Negative,Sarcastic,Non-Vulgar,Non-Abusive,Person
image_tamil_0735.jpg,"This meme depicts a humorous and relatable situation for many engineering students in India. The top panel shows a group of people in an outdoor setting, with text overlays identifying the individuals as parents and relatives who are inquisitively asking in Tamil, ""So, has your son finished his engineering degree?"" The bottom panel features a close-up of a man looking uncomfortable and sheepish while his companions smile, representing the awkward internal reaction of the student. The text at the bottom serves as the punchline, translating from Tamil to, ""He has finished engineering, but I won't talk about his arrears,"" highlighting the common tendency to hide academic struggles while acknowledging the completion of a degree to appease persistent family members.",Neutral,Sarcastic,Non-Vulgar,Non-Abusive,Person
image_tamil_0173.jpg,"The image features a popular meme starring the Tamil comedian Vivek, who is shown outdoors wearing an orange tank top with a white shawl draped around his neck. He has an expressive, bewildered look on his face with his mouth open and hands held out in a gesture of confusion or exasperation. The Tamil text overlaid at the top reads, onnumae puriyala ulagathula, which translates to nothing in this world makes any sense. The overall tone captures a feeling of being completely baffled or overwhelmed by the chaotic or incomprehensible nature of daily life.",Neutral,Non-Sarcastic,Non-Vulgar,Non-Abusive,Person
image_tamil_0768.jpg,"This meme features a two-panel sequence from the Tamil film Pammal K. Sambandam, starring actors Vivek and Kamal Haasan, edited to include a superimposed mustache on Kamal Haasan. In the top panel, a man asks, Did you mention that we have to pay 25 rupees for Vijay TV starting January 1st? In the bottom panel, the character played by Kamal Haasan replies, Hmm, I said it. I asked them to set it to 75 rupees instead of 25 rupees. The exchange uses the characters' expressive faces to create a satirical comment on subscription pricing and television network costs in Tamil Nadu.",Negative,Sarcastic,Non-Vulgar,Non-Abusive,Group
image_tamil_0812.jpg,"This side-by-side comparison meme highlights a perceived double standard in civic responsibility by juxtaposing an orderly bank interior with a neglected street littered with garbage. On the left, customers are shown calmly conducting business at a neat bank counter, while on the right, a pile of trash sits on the ground just inches away from a large, yellow municipal waste container. The Tamil text at the top asks why people are so diligent about depositing money correctly into a bank, while the bottom text asks why they cannot show similar care by putting their trash into the provided garbage bin. The image serves as a social commentary on how citizens prioritize financial transactions over maintaining public cleanliness.",Negative,Sarcastic,Non-Vulgar,Non-Abusive,Other
image_tamil_0903.jpg,"This meme features a split-screen composition starring the Tamil film actor Vijay, who is humorously depicted as a street vendor aggressively marketing Bisleri bottled water to a camel. In the top panel, Vijay gestures toward a large water bottle with a persuasive expression, while the bottom panel shows him holding the bottle to the camel's mouth as it takes a drink. The Tamil text overlaid on the image translates to, claiming that even a camel drinks Bisleri water, followed by a rhetorical question asking if this is a place where people do business. The humor relies on the absurdity of a luxury bottled water brand being sold to a desert animal, highlighting the relentless and often nonsensical nature of modern marketing strategies.",Neutral,Sarcastic,Non-Vulgar,Non-Abusive,Group
image_tamil_0640.png,"This meme features a humorous Tamil text overlay centered against a simple white background with a red border. The text uses a play on words based on the verb sutrunal, which means to walk around or circle something. The first line translates to, She circled the temple with devotion. The second line reads, I circled her with love. The third line takes a darker, comedic turn, stating, Her father circled me with a sickle (a sharp agricultural tool). The final line concludes with the urgent instruction, Run! Run! Run! The meme relies on the sudden shift from a romantic sentiment to an implied threat of violence from the girl's father, creating a relatable and widely recognized trope in Tamil pop culture regarding overprotective parents.",Negative,Sarcastic,Non-Vulgar,Non-Abusive,Person
image_tamil_0023.jpg,"This meme features a close-up shot of the popular Tamil comedian Vadivelu, known for his expressive and dramatic acting style. He is captured with a startled, wide-eyed, and slightly aggressive facial expression, his mouth agape as if he has just heard something shocking or absurd. The Tamil text overlaid at the top, Ennada ketta..??, translates to What did you ask..??, which is frequently used in social media contexts to express disbelief, annoyance, or a mocking reaction to an unexpected or ridiculous statement made by someone else.",Negative,Sarcastic,Non-Vulgar,Non-Abusive,Person
image_tamil_0532.jpg,"This meme contrasts a political statement with a humorous response, featuring a split-screen composition. The top panel shows Indian politician H. Raja addressing the media, with Tamil text overlaying the image stating that P. Chidambaram should reflect on the current state of the Congress party. The bottom panel features a popular still of the Tamil comedian Vadivelu looking up with a confused, skeptical expression. The accompanying Tamil text serves as a sarcastic reply, suggesting that the politician should also reflect on how the party received only 52 votes in a recent election and failed to surpass the NOTA (None of the Above) option in the R.K. Nagar constituency, mocking the party's poor electoral performance.",Negative,Non-Sarcastic,Non-Vulgar,Non-Abusive,Person
image_tamil_0720.jpg,"This meme features a split-screen comparison highlighting a humorous resemblance between two separate scenes. The top image shows a public event involving political figures in Tamil Nadu, where a man is captured whispering into the ear of politician M.K. Stalin while resting his hand on his shoulder. The bottom image depicts a scene from a Tamil film where an actor is shown leaning in to kiss a character on the cheek while holding his face. The contrast between the serious political context above and the candid, intimate gesture depicted in the film frame below creates a comedic effect through visual juxtaposition. There is no Tamil text overlay in the image, only a small graphic on the left that reads Jones MSD, serving as a watermark for the meme creator.",Negative,Sarcastic,Non-Vulgar,Non-Abusive,Organization
image_tamil_0389.jpg,"This meme features a close-up image of the renowned Tamil comedian Goundamani, captured with a highly expressive and exaggerated facial expression of despair, with his mouth wide open and eyes squinting as if he is crying out in frustration. The text overlay is written in Tamil and translates to, Oh no, I have fallen into a wanted situation myself. The combination of the actor's iconic look of comic agony and the caption conveys a self-deprecating humor, typically used to represent a moment where a person finds themselves caught in a predicament or an undesirable situation that they unwittingly brought upon themselves.",Negative,Sarcastic,Non-Vulgar,Non-Abusive,Person
image_tamil_0500.jpg,"The image features a scene from a Tamil film showing the actor Ajith Kumar dressed in a lawyer's suit and spectacles, intensely addressing a police officer standing with her back to the camera. His facial expression is one of stern confrontation and disbelief as he speaks. The Tamil text overlay, ""யூ ஆர் லை!"", is a transliteration of the English phrase ""You are lie,"" which is a grammatically incorrect way of saying ""You are lying"" and is frequently used in memes to mock someone for telling an obvious or ridiculous falsehood.",Negative,Non-Sarcastic,Non-Vulgar,Non-Abusive,Person
image_tamil_0651.jpg,"This meme features a top panel displaying actors in low-budget, comical Avengers costumes on a Vijay Television stage, accompanied by a smaller circular logo overlay. The bottom panel features a classic Tamil cinema still of two men, one laughing hysterically while the other looks shocked and terrified, used here to represent the creator's reaction to the channel. The Tamil text in the top panel translates to, I might even forgive you for creating such a pathetic show, while the bottom text translates to, But the fact that you put a woman in a saree instead of Black Widow is something I will never forgive. The meme humorously criticizes the television program's poor production value and its casting choice for the female character, contrasting the absurd costume choices with a dramatic reaction image.",Negative,Sarcastic,Non-Vulgar,Non-Abusive,Group
image_tamil_0684.jpg,"This meme uses a series of three stills from a film to illustrate the relatable cycle of repeatedly logging into and out of social media due to boredom. The first panel shows a woman in a red sari walking away from a man in a police uniform, titled with the caption logging out of facebook because it's boring, implying the person is leaving the platform. The middle panel depicts the woman alone, labeled as FB, while an empty chair is labeled as me, suggesting the user is no longer engaged. The final panel features a close-up of the woman and the man looking at each other with intense, perplexed facial expressions, accompanied by the caption logging in again because it is boring. This reflects the ironic habit of returning to a site out of habit or boredom despite finding it uninteresting, and the text overlay on the bottom right reads Madras Memoirs.",Positive,Non-Sarcastic,Non-Vulgar,Non-Abusive,Person
image_tamil_0693.jpg,"This meme features a split-screen composition contrasting a candid photo of two women, Aishwarya Rajinikanth and Sakshi Dhoni, with a still from a popular Tamil comedy film. In the top half, Aishwarya Rajinikanth and Sakshi Dhoni are seen walking in a public space, with an overlay text that reads hi im dhanush's wife, a nod to Aishwarya’s previous marriage. The bottom half shows a group of men from a movie scene, with labels pointing to individuals as #shakshi dhoni and #aiswarya. The Tamil text overlay, irundhutu po, translates to let it be or just leave it be, serving as a dismissive remark that pokes fun at the confusion between the two women or the trivial nature of the comparison. The expression on the man's face in the film still conveys annoyance or frustration, emphasizing the meme's sarcastic tone.",Negative,Sarcastic,Non-Vulgar,Non-Abusive,Group
image_tamil_0235.jpg,"This meme features the popular Tamil comedian Vadivelu wearing a red plaid shirt and holding a small glass of tea, captured with a bewildered and frustrated facial expression. The Tamil text overlay translates to, ""This guy is giving me a hard time,"" or ""He is torturing me,"" reflecting his character's iconic persona as someone frequently caught in exasperating and comical situations. The visual captures a classic moment of comedic distress that is widely used in South Indian internet culture to express feelings of annoyance, being overwhelmed by someone else's actions, or dealing with an irritating predicament.",Negative,Sarcastic,Non-Vulgar,Non-Abusive,Person
image_tamil_0542.jpg,"This meme features a split-screen comparison highlighting a perceived similarity in gestures and theatrical delivery between a real-life political rally and a comedic movie scene. The top image shows Udhayanidhi Stalin, a prominent politician in Tamil Nadu, addressing a crowd from a podium with his hand outstretched in a dramatic pointing gesture, while the bottom image depicts the popular Tamil comedian Vadivelu in a movie role, delivering a passionate, exaggerated speech into a microphone with his arm extended in an almost identical manner. The text in the top image appears to refer to the specific location of the political event, identifying it as a meeting in the Thondamuthur East Union of the Coimbatore district. Through the juxtaposition of the politician’s serious rhetoric with the comedian’s well-known, over-the-top cinematic persona, the meme employs humor to mock the theatrical and performative nature of political public speaking.",Negative,Sarcastic,Non-Vulgar,Non-Abusive,Person
image_tamil_0630.jpg,"This meme features a humorous exchange between actors Goundamani and Sudeep, framed as a phone conversation with classic Vadivelu-style comedic energy. In the first panel, Goundamani, looking relaxed while shirtless on the phone, tells his friend, ""Macha, listen to the business I am doing,"" to which Sudeep skeptically asks, ""What business are you doing?"" In the middle panel, Goundamani delivers a dry punchline captioned as a ""Mokke joke"" (a lame or bad joke), telling him, ""None of your business."" In the final panels, Sudeep looks visibly annoyed by the anticlimactic response and retorts, ""Hang up the phone, you good-for-nothing pauper,"" a common comedic insult in Tamil cinema. The meme captures the essence of a typical teasing friendship where one person baits the other with a setup for a joke that ultimately falls flat, leading to an immediate and heated shutdown.",Neutral,Sarcastic,Non-Vulgar,Non-Abusive,Group
image_tamil_0731.jpg,"This meme features a humorous juxtaposition between a skeptical expression and a classic student sentiment regarding academic performance. The image displays a close-up of a man looking directly at the camera with a highly doubtful, squinted facial expression that conveys disbelief. Below this, the Tamil text translates to, Friend, I am definitely going to pass this exam, which creates a relatable scenario where a student who chronically fails or struggles with subjects makes an overly optimistic claim that their peers find impossible to believe. The combination of the man's skeptical face and the hopeful statement perfectly captures the lighthearted cynicism often shared among friends who are accustomed to each other's academic failures.",Neutral,Sarcastic,Non-Vulgar,Non-Abusive,Group
image_tamil_0871.jpg,"This comparison meme contrasts the perceived behavior of mothers and fathers through parallel imagery featuring celebrity couples. The top half, titled in girls version, shows Priyanka Chopra holding her daughter followed by a professional portrait of Chopra with her husband, Nick Jonas. The bottom half, labeled in boys version, features a scene from a Tamil film where an actor, Arya, interacts with a child, paired with a photo of the actor with his real-life wife, Sayyeshaa. The watermark in the center, which reads mokka rated 0 percent in Tamil, serves as a self-deprecating signature from the page creator, suggesting a low-effort or humorous take on the stereotype that men transition from being playful or responsible with children to maintaining a cool, casual demeanor with their partners. The overall visual juxtaposition relies on the trope that women are portrayed in nurturing, maternal roles, while men are depicted in a more laid-back, ""cool"" style in their social and marital lives.",Neutral,Sarcastic,Non-Vulgar,Non-Abusive,Group
image_tamil_0044.jpg,"This meme features a frame from a Tamil film showing two men engaged in a lighthearted conversation, with the character on the right wearing a wide, sheepish grin while looking down. The Tamil text overlaid at the top translates to, Hehehe, I was just thinking that, and you ended up saying it, which captures a moment of playful validation or finding humor in a shared thought. The man on the left is shown in profile, appearing to be the one who prompted the reaction, while the overall scene reflects a classic comedic trope used to convey relatable moments of agreement or anticipation in a social interaction.",Negative,Sarcastic,Non-Vulgar,Non-Abusive,Person
image_tamil_0754.jpg,"This meme uses a humorous juxtaposition to mock the disconnect between the glamorous public persona of Indian actress Sakshi Agarwal and the perceived intensity of her speaking voice. The top panel features a professional, polished portrait of the actress, while the bottom panel shows a stern-looking woman addressing a crowd, accompanied by the Tamil text aru, which translates to a sharp or piercing tone. The meme suggests that while Agarwal maintains a soft and appealing image, her actual voice carries a surprisingly aggressive or high-pitched quality, contrasting her beauty with the harshness often associated with that specific character's delivery.",Negative,Sarcastic,Non-Vulgar,Non-Abusive,Person
image_tamil_0309.jpg,"This meme features a still image of the popular Tamil comedian Vadivelu, who is dressed in a saree and feminine attire for a character role. He wears a serious and deadpan facial expression, suggesting a moment of feigned innocence or mock indignation. The Tamil text overlay translates to ""Don't come to conclusions, I am not that kind of person,"" which adds a layer of ironic humor as the character tries to defend their reputation while clearly looking out of place in their disguise. The bottom corner includes a logo for a comedy meme website, framing the image as a classic piece of internet humor based on Vadivelu's iconic cinematic performances.",Negative,Non-Sarcastic,Non-Vulgar,Non-Abusive,Person
image_tamil_0649.jpg,"This meme mocks the political discourse surrounding the 2019 Indian elections by contrasting a serious statement from a political candidate with a humorous cultural reference. The top portion features a photograph of O.P. Ravindranath, the son of the former Deputy Chief Minister of Tamil Nadu, alongside a Tamil text quote that translates to, I do not know if it is the Neutrino project or what project it is, but I will bring projects that benefit the people. Below this, a collage features two stills of the actor Ravichandran from a dramatic film scene, paired with a caption in Tamil that translates to, I will turn seawater into steam, I will level the mountains. By juxtaposing the politician's uncertain and vague stance on the controversial India-based Neutrino Observatory project with the exaggerated, over-the-top cinematic persona known for making impossible promises, the meme highlights the absurdity and perceived insincerity of campaign rhetoric.",Negative,Sarcastic,Non-Vulgar,Non-Abusive,Organization
image_tamil_0893.jpg,"This meme features a four-panel sequence using images from a Rajinikanth film to humorously comment on the musician Hip Hop Tamizha Aadhi. The top-left panel shows Rajinikanth looking serious with the caption, ""Are you trolling me because you don't like my music?"" while the top-right panel shows a man looking dismissive with the caption, ""Yes, we will do exactly that."" The bottom-left panel shows Rajinikanth looking frustrated or ready for a confrontation with the caption, ""Do it now, let’s see,"" and the final panel shows the man dancing awkwardly to the beat of ""Tuckeru Tuckeru,"" a popular song by the artist, implying that despite the criticism, the music's catchy or repetitive nature inevitably forces people to engage with it.",Negative,Sarcastic,Non-Vulgar,Non-Abusive,Person
image_tamil_0082.jpg,"This image features a classic comedic scene from a Tamil film showing two men engaged in a dialogue. On the right, a man with a frustrated expression clutches his head with both hands, looking as though he is suffering from severe exasperation or disbelief. On the left, another man looks on with a bewildered or concerned facial expression. The Tamil text overlaid at the top translates to, Oh Rama, why do you make me hang out with such useless or low-life people, reflecting a sentiment of regret or annoyance regarding one's company. The watermark in the center identifies the image source as a meme website.",Negative,Non-Sarcastic,Non-Vulgar,Abusive,Group
image_tamil_0678.jpg,"This meme features a three-panel sequence derived from a television interview with the popular Tamil actor Vijay. In the first panel, a top-text overlay in Tamil asks how many people here support Kavin, to which the actor listens intently with a serious expression. The second panel shows a wide shot of the audience, where many people have their hands raised, and a text label identifies them as Kavin fans. In the final panel, Vijay is seen making a hand gesture while the bottom-text overlay in Tamil delivers a biting punchline, claiming that all those people are mentally affected. The meme uses the actor's serious demeanor to create a sarcastic, mocking tone directed at the fanbase mentioned.",Negative,Sarcastic,Non-Vulgar,Non-Abusive,Person
image_tamil_0320.jpg,"This image features the popular Tamil comedian Vadivelu sitting in a contemplative and slightly distressed pose, with his head propped up by his hand and a downcast, worried facial expression. He is wearing a brightly patterned shirt and a necklace with small charms. The text at the top is written in Tamil, which translates to ""Where is all this going to end?"" and serves to highlight a sense of exasperation, exhaustion, or hopelessness regarding a difficult or unending situation, making it a classic meme used to express concern about the current state of events or personal frustrations.",Negative,Sarcastic,Non-Vulgar,Non-Abusive,Person
image_tamil_0029.jpg,"This meme features a close-up, still shot of the popular Tamil comedian Senthil looking visibly tired, drowsy, or disinterested with his eyes closed and his face expressionless. The green text overlay at the top of the image translates from Tamil to Good Morning, creating a humorous contrast between the typical cheerful intent of a morning greeting and the actor's unenthusiastic, sleepy appearance. A small logo in the bottom corner indicates the image is from a collection of Tamil comedy memes.",Neutral,Non-Sarcastic,Non-Vulgar,Non-Abusive,Person
image_tamil_0582.png,"This meme features a split-screen composition comparing two scenes from South Indian cinema, each showing a young actress posing or riding a bicycle. The left panel shows an actress in casual western clothing smiling while holding onto the handlebars of a bicycle, while the right panel displays an actress in a school uniform also with a bicycle. The text overlaid at the top and bottom questions why characters in movies often choose to walk when they are clearly in possession of a bicycle. The image includes two watermarks in yellow, one for Tamizhan Trolls and one for Trollywood, which are online communities that create and share humorous content related to regional film industries. The overall tone is playful and satirical, pointing out a common cinematic trope where convenient transportation is ignored for the sake of plot or dramatic effect.",Negative,Sarcastic,Non-Vulgar,Non-Abusive,Other
image_tamil_0888.jpg,"This meme pairs a photograph of a local tutoring business ironically named Tik Tok Coaching Centre with a popular reaction image featuring the famous Tamil comedian Goundamani. The top image shows a printed sign for a tuition center offering classes for students in grades 1 through 12, an odd branding choice that conflates academic education with the short-form video platform. Below this, the reaction image captures Goundamani wearing a skeptical and frustrated facial expression while pointing a finger at a man standing before him. The Tamil text overlaid at the bottom of the meme, edhuku avuthu pottu aadurudhukka, translates roughly to why are you stripping down and dancing, which serves as a punchline criticizing the nonsensical and cringeworthy nature of the coaching center's name choice by comparing it to the perceived superficiality of TikTok dance trends.",Negative,Sarcastic,Non-Vulgar,Non-Abusive,Organization
image_tamil_0602.jpg,"This meme pairs a tweet from the Indian actor Dhanush, who excitedly announces the receipt of the final script for the sequel Maari 3, with a popular reaction image of the comedian Vadivelu. The Tamil text overlaid on the image, Ennathu Maari 3'ku Script Aaiducha, translates to, What, the script for Maari 3 is already done? This caption highlights the fan's surprised and disbelieving reaction to the news, which is mirrored by Vadivelu’s wide-eyed, shocked expression as he looks toward the other characters in the frame. The overall composition captures the humorous and dramatic disbelief often associated with surprise movie announcements in Tamil cinema culture.",Neutral,Sarcastic,Non-Vulgar,Non-Abusive,Person
image_tamil_0665.jpg,"This meme features a four-panel collage from an Indian film scene, depicting a romantic moment between a man and a woman separated by iron prison bars. In the top panels, the woman looks at the camera while the man reaches through the bars to place a thali, a traditional wedding necklace, around her neck. The bottom panels highlight a comedic failure of this gesture, as the thali becomes snagged on a vertical metal bar instead of falling correctly around the woman's neck, leaving both characters with bewildered expressions. The Tamil text overlay at the bottom translates to I forgot about the bar in the middle, humorously pointing out the physical impossibility caused by the prison gate that ruins the intended romantic sentiment.",Negative,Sarcastic,Non-Vulgar,Non-Abusive,Organization
image_tamil_0502.jpg,"The image consists of two parts, starting with a top section displaying the iconic WWE logo accompanied by the warning text Please Do Not Try This At Home. Below this, a caption reads 5 mins later ...Me and my brother, followed by an image of two men in front of a chalkboard covered in complex mathematical equations. The man on the left is holding the other man around the waist while the man on the right strikes a dramatic professional wrestling pose with one leg kicked out and a strained, intense facial expression, humorously contrasting the serious academic environment with the dangerous physicality of wrestling moves children often attempt after watching television. There is a small caricature of a famous Tamil comedian known as Vadivelu in the corner, and the small text in the bottom right watermark reads 90s Pasanga, which translates to 90s Boys or 90s Kids, representing a generation that grew up mimicking such wrestling stunts.",Neutral,Sarcastic,Non-Vulgar,Non-Abusive,None
image_tamil_0339.jpg,"This meme features a still from a Tamil film showing a middle-aged man sitting on a floor with a weathered wall behind him, leaning against a wooden pillar. He wears a traditional lungi and a t-shirt with a towel draped over his shoulder, pointing a finger toward the left side of the frame with a frustrated and accusatory facial expression. The Tamil text overlaid at the top reads, ""அன்னைக்கே சொன்னேன் எவனாவது கேட்டீங்களா..,"" which translates to, ""I told you that very day; did anyone listen to me?"" The image captures a classic comedic trope used to depict feelings of vindication or annoyance when someone’s past warnings or advice are ignored by others.",Positive,Non-Sarcastic,Non-Vulgar,Non-Abusive,Person
image_tamil_0483.jpg,"This meme features a still from a Tamil film starring the famous comedian Vadivelu, who appears on the right wearing a red and blue plaid shirt and pointing a finger toward the man on the left. The man on the left is wearing a white tank top and a pink head covering with a pencil tucked behind his ear, looking back at Vadivelu with a surprised and slightly overwhelmed expression. The Tamil text overlay, which reads, Inga paaru.. idhellam romba overu paathukka, translates to, Look here, this is all too much, mind it. The scene captures a classic comedic confrontation where one character is admonishing the other for their behavior, a recurring dynamic in Vadivelu's comedic roles that remains a popular template for expressing annoyance or calling out excessive behavior in various online situations.",Neutral,Sarcastic,Non-Vulgar,Non-Abusive,Person
image_tamil_0116.jpg,"This meme features the popular Tamil comedian Vadivelu in a still from a film, surrounded by a group of people, with a joyful and slightly mischievous expression on his face as he laughs. The Tamil text overlaid at the top, Olli... Korali vithaiya, roughly translates to Oh... is this a clever trick or a piece of magic, often used in a sarcastic or humorous context to mock someone’s questionable actions or unbelievable claims. The image captures Vadivelu's quintessential comedic timing, often used online to react to situations involving absurdities or unexpected events.",Positive,Sarcastic,Non-Vulgar,Non-Abusive,Person
image_tamil_0054.jpg,"This meme humorously contrasts the societal expectations of New Year's Eve with the mundane reality of many people's experiences. The top panel features four friends in a dimly lit bar, smiling and clinking glasses in a celebratory toast, representing the common perception of a glamorous and social night out. In stark contrast, the bottom panel depicts a man lying flat on his back, eyes closed and looking deeply asleep, suggesting that for many, the holiday is simply an opportunity to catch up on rest rather than party. There is no Tamil text present in this image, as the captions are entirely in English, emphasizing a relatable observation about choosing quiet relaxation over the pressures of a typical high-energy New Year celebration.",Negative,Sarcastic,Non-Vulgar,Non-Abusive,Person
image_tamil_0001.jpg,"This meme features the popular Tamil comedian Vadivelu sitting in an outdoor setting next to a crate of glass bottles, wearing a shirt stained with what appears to be dirt or grime. He sports a look of weary disbelief, with his head tilted slightly and a skeptical, questioning expression on his face as he gestures with his hand. The Tamil text overlay reads ada bikkalippayalugala, which is a colloquial, semi-profane expression of exasperation that roughly translates to Oh, you bunch of good-for-nothing idiots or scoundrels. The image is widely used in social media contexts to convey annoyance or to mock people who say or do something absurd.",Negative,Non-Sarcastic,Non-Vulgar,Non-Abusive,Person
image_tamil_0954.jpg,"This close-up portrait features Indian actress Shriya Saran, who maintains a calm and composed expression with a subtle, gentle smile directed toward the camera. Her features are highlighted by soft, warm backlighting that catches the strands of her dark, voluminous hair, and she is adorned with traditional earrings and a small bindi on her forehead. The image serves as a widely recognized reaction template in South Indian pop culture memes, often used to convey a sense of feigned innocence, polite disagreement, or a knowing look when someone is subtly judging a situation or providing a sarcastic response to a conversation. There is no Tamil text overlay present in this specific version of the image.",Positive,Non-Sarcastic,Non-Vulgar,Non-Abusive,Group
image_tamil_0610.png,"This meme consists of a top panel comparing a photograph of a statue that bears a striking resemblance to Tamil politician O. Panneerselvam against a real-life portrait of him, contrasting his political image with the sculpted version. Below this, the image features a still from a popular Tamil movie scene where comedian Vadivelu is laughing heartily while seated in a river with two other actors. The combination is a humorous commentary on the visual disparity between the statue's sculpted look and the person's actual appearance, using the laughing reaction shot to imply that the statue is an inaccurate or funny representation. There is no specific Tamil text to translate in this image, as the humor is derived entirely from the visual juxtaposition of the statue's features and the meme's classic reaction template.",Neutral,Sarcastic,Non-Vulgar,Non-Abusive,Group
image_tamil_0260.jpg,"This meme features a close-up shot of the popular Tamil comedian Goundamani, who appears to be in a state of extreme exasperation or exhaustion. With his eyes tightly shut and his mouth pursed in a look of profound frustration, he captures a classic expression of being overwhelmed by a situation. The Tamil text overlaid on the image, sssssappa mudiyala, translates to an emphatic expression of I cannot handle this anymore or I am absolutely exhausted, which is frequently used in pop culture to mock situations that are tedious, annoying, or mentally draining.",Negative,Non-Sarcastic,Non-Vulgar,Non-Abusive,Person
image_tamil_0179.jpg,"This meme features a close-up shot of the popular Tamil comedian Vadivelu, who appears with a slightly weary and unimpressed expression while leaning his head on his hand. Behind him, a blurred promotional poster suggests a lighthearted movie scene. The Tamil text overlay translates to: I thought I could sleep peacefully for one day on a Sunday, but as soon as I saw that it was the day itself, I woke up early. The meme captures the relatable irony of waking up at an early hour on a day intended for rest, perfectly complemented by the actor's comical, resigned look.",Neutral,Non-Sarcastic,Non-Vulgar,Non-Abusive,Other
image_tamil_0967.jpg,"This meme features a close-up still of the well-known Tamil comedic actor Senthil, who is captured in a contemplative pose with a finger pressed against his chin, his eyebrows raised, and his eyes looking upward in a classic expression of confusion or deep curiosity. The image is framed by yellow text at the top that reads in a mix of Tamil and English, translated as, Even if the internet connection is slow, and white text at the bottom completing the thought, how does the ad play without buffering? The overall humor derives from the relatable and frustrating irony of online streaming, where users experience lag during their desired content, yet advertisements often manage to load and play perfectly without interruption.",Neutral,Sarcastic,Non-Vulgar,Non-Abusive,Group
image_tamil_0747.jpg,"This image features a collage at the top showcasing the actor Sarath Kumar with his wife Radhika and a baby, accompanied by a caption that mocks the complex family connection. The Tamil text describes the relationship as Sarath Kumar being blessed with the son of the daughter from the first husband of his second wife, Radhika, which is intended to be humorously confusing. Below this, a popular scene from a Tamil film depicts a group of men looking on with bewildered and confused expressions, accompanied by the Tamil text that translates to, ""Is this an aptitude question?"" The meme collectively uses these confused faces to highlight the convoluted and difficult nature of the genealogical relationship described in the caption.",Negative,Sarcastic,Non-Vulgar,Non-Abusive,Person
image_tamil_0935.jpg,"This meme features a split-screen composition comparing a broadcast image of an IPL presenter with a reaction shot from a popular Tamil film. The top panel shows an anchor standing on a cricket field wearing a short, patterned dress, while the bottom panel displays a still from the movie Anniyan featuring the characters Remo and Chandru. The actors are seen smiling and nodding at each other with suggestive, knowing expressions. The Tamil text overlay at the bottom translates to, ""Hey Chandru... looks like there is a technique to attract the breeze as well,"" a cheeky, double-entendre comment on the anchor's outfit and the way she is standing, suggesting that her choice of clothing is a deliberate attempt to gain attention.",Negative,Sarcastic,Vulgar,Non-Abusive,Group
image_tamil_0171.jpg,"This meme features a two-panel sequence from a Tamil film starring actor Goundamani, capturing his annoyance toward fans who flood social media with repetitive birthday wishes for actor Vijay. The top panel shows the character looking exasperated with his hands outstretched as he laments, Happy birthday Thalapathy, happy birthday Vijay brother, mocking the excessive nature of these fan posts. The bottom panel depicts him being slapped by another character while the Tamil text translates to an angry demand asking why they cannot just post a single status update instead of cluttering feeds with so many, questioning who is even interested in watching all of them. The visual contrast between the actor’s frustrated, complaining expression and the sudden physical slap serves to highlight the comedic irritation many social media users feel toward obsessive celebratory post-spamming.",Negative,Non-Sarcastic,Non-Vulgar,Non-Abusive,Person
image_tamil_0361.jpg,"This meme features a still from a classic Tamil film showing two men engaged in an intense conversation surrounded by onlookers. On the left, a man in a white shirt points his finger authoritatively at the person beside him, his expression conveying frustration or a stern lecture. To his right, a man wearing a pink shirt appears downcast, looking downward with a pained or submissive facial expression, suggesting he is being scolded. The text overlay at the top, written in Tamil, translates to ""Why do we need this unnecessary show-off,"" which serves as a humorous caption for situations where someone is being called out for acting pretentious or overly dramatic without any real reason.",Positive,Non-Sarcastic,Non-Vulgar,Non-Abusive,Other
image_tamil_0921.jpg,"This meme humorously captures the intense anticipation felt during a traditional South Indian wedding feast. In the image, a man wearing a white skullcap is seen serving food along a row of guests seated at long tables with banana leaves, while a man in a striped shirt looks on with an expectant gaze as the server approaches his neighbor. The top text explains that this is the happiest moment when a sweet called kesari is served to the person sitting on your immediate side, known as the pakkathu leaf, while the bottom text emphasizes the mounting excitement as you realize you are the next person to be served. The image is watermarked with a small graphic of a vadai, a popular fried snack, to fit the theme of the community page sharing the content.",Neutral,Sarcastic,Non-Vulgar,Non-Abusive,Group
image_tamil_0689.jpg,"This meme features a humorous and absurdist digital manipulation of a motorcycle. A person is shown hunched over the handlebars while a second person is balanced precariously on their back, both wearing helmets. The motorbike itself has been edited to appear unusually short and compact, emphasizing the awkward and impossible posture of the riders. The Tamil text at the top reads Aduthu 2020 Aandil, which translates to Next in the year 2020. The image serves as a satirical commentary, using the exaggerated visual of the distorted motorcycle to imply that the year 2020 would be strange or unconventional. The signature at the bottom attributes the creation to an individual named Raja.",Negative,Sarcastic,Non-Vulgar,Non-Abusive,Person
image_tamil_0766.jpg,"This meme features a famous still of the Tamil comedian Goundamani, who is shown with a bruised, bloodied face and a look of intense, pained shock while holding up his hand in a gesture of disbelief. The Tamil text overlaid on the image translates to a humorous and dark comparison regarding pain. The top text reads, those who say that the pain of love is the greatest pain, while the bottom text finishes the joke by advising them to try putting their hand between a door and its frame to see which pain is truly greater, accompanied by laughing and silly face emojis. The humor relies on the juxtaposition of the actor's physically battered appearance with the suggestion of a far more immediate and visceral injury to trivialize the abstract concept of heartbreak.",Negative,Sarcastic,Non-Vulgar,Non-Abusive,Person
image_tamil_0168.jpg,"This four-panel meme features the popular Tamil comedian Vadivelu in a sequence of contrasting facial expressions while leaning against a wall. In the top-left frame, he is shown crying with a somber, heartbroken expression, while the subsequent three frames depict him transitioning into a joyful, beaming, and laughter-filled state. The sequence illustrates a humorous progression from sorrow to pure elation, often used to represent moments of sudden relief or the discovery of a happy outcome following a period of distress. The yellow banner across the center displays the website name roflphotos.com, and there is no Tamil text included in the image to translate.",Neutral,Non-Sarcastic,Non-Vulgar,Non-Abusive,Person
image_tamil_0997.jpg,"This meme uses a split-screen layout to contrast the romanticized expectations of encountering a former flame with the mundane reality of such situations. In the top half, which represents expectation, a young couple sits on a park bench looking longingly at each other with soft, cinematic lighting, capturing a sentimental moment from the Tamil film Vinnaithaandi Varuvaayaa. In contrast, the bottom half shows a humorous reality check featuring a scene from a different film where the woman is seen smiling and holding a child while standing next to her husband, clearly indicating that she has moved on and started a family. The expression on the man on the far right in the bottom panel is one of awkward or surprised realization, highlighting the comedy of seeing an ex who is now living a completely different domestic life. The text overlaid on the images labels the top panel as Meeting EX/Crush after few years, followed by the labels Expectation and Reality to emphasize the humorous disappointment often felt when these chance encounters occur.",Neutral,Sarcastic,Non-Vulgar,Non-Abusive,Group
image_tamil_0706.jpg,"This meme uses a comparison format to highlight the contrast between a child-friendly situation and its more comedic, grounded counterpart. The top panel features Dora the Explorer and Boots the monkey sleeping peacefully while wearing oxygen masks, conveying a sense of gentle care or recovery. In stark contrast, the bottom panel features a still from a South Indian film depicting two middle-aged men lying on the ground with their eyes closed, appearing exhausted or perhaps comically unconscious. The visual humor relies on the juxtaposition of the innocent, animated medical scenario with the gritty, exaggerated realism of the movie scene, emphasizing a shift from cartoon comfort to a more absurd and mundane adult reality. There is no Tamil text present in the image to translate.",Neutral,Non-Sarcastic,Non-Vulgar,Non-Abusive,Person
image_tamil_0355.jpg,"The image features a popular still of the Tamil comedian Vadivelu, who appears distressed and confused with a wide-eyed, slightly frantic facial expression as he looks off-camera. The text overlay at the top, written in Tamil, reads Aama ippa inga enna nadandhuchi, which translates to ""Yes, what actually happened here right now?"" The caption perfectly captures the actor’s trademark physical comedy, reflecting a sense of bewilderment or disbelief in response to an unexpected or chaotic situation.",Negative,Non-Sarcastic,Non-Vulgar,Non-Abusive,Person
image_tamil_0767.jpg,"This meme juxtaposes a news headline with a reaction image to express skepticism about a political development in Tamil Nadu. The top portion features a tweet from the news outlet Dinamalar reporting that Deepa Jayakumar, the niece of the late J. Jayalalithaa, has merged her political organization, Deepa Peravai, with the ADMK party. Below this, a popular Tamil film comedian, Vadivelu, is shown with a puzzled and dismissive facial expression, accompanied by the Tamil text ethukku, which translates to why or for what purpose. Together, the meme conveys a sense of confusion and disbelief from the public regarding the necessity or logic behind this political merger.",Neutral,Non-Sarcastic,Non-Vulgar,Non-Abusive,Person
image_tamil_0857.jpg,"This meme features a classic optical illusion known as the impossible trident, where three rectangular bars on one end visually transform into four bars on the other, sparking a disagreement between two illustrated figures who claim to see either three or four items respectively. Below this illustration is a popular Tamil cinema screenshot of comedian Vadivelu looking confused and distressed, which acts as a comedic reaction to the visual paradox. The top Tamil text asks how many items are actually present, whether three or four, while the bottom Tamil text humorously translates to a sentiment expressing that such puzzles are confusing enough to make one forget even the simplest basic math, accompanied by an exasperated plea asking for the correct answer.",Neutral,Sarcastic,Non-Vulgar,Non-Abusive,Person
image_tamil_0866.jpg,"This meme contrasts a political statement with a humorous reaction image to convey sarcasm regarding the Prime Minister’s relationship with the Tamil language. The top panel features a news graphic of Indian Prime Minister Narendra Modi with a Tamil caption that translates to, I am always an admirer of the Tamil language; however, I am unfortunate enough not to know how to speak it. Below this, a two-part reaction image uses a scene from a popular Tamil movie where a person lies in bed appearing stunned or overwhelmed, while another individual sits nearby looking at them with a blank, confused expression. The person in bed is labeled as Tamil Nadu people, and the person sitting up is labeled as Modi Ji, suggesting that the public finds the Prime Minister's claim of being an admirer of the language while lacking the ability to speak it to be insincere, bewildering, or performative.",Negative,Sarcastic,Non-Vulgar,Non-Abusive,Organization
image_tamil_0614.jpg,"This meme uses a multi-panel collage of comedian Vadivelu in a thoughtful, contemplative pose while holding a cup to illustrate the surreal and humorous lyrics of the viral Tamil song Jimikki Kammal. In the first panel, the text translates to my father took it, referring to the earring mentioned in the song, with the caption noting the absurdity of the family context. The second panel translates to my mother drank my father's brandy, highlighting the bizarre domestic scene depicted in the song's verses. The final panel translates to my brother and I looked at it and enjoyed it, as Vadivelu maintains his dazed, deadpan expression, effectively poking fun at how strange and disconnected the lyrics are from the upbeat musical tone. The meme relies on the contrast between the actor's serious, perplexed face and the increasingly chaotic narrative details provided in the overlaid text.",Neutral,Sarcastic,Non-Vulgar,Non-Abusive,Organization
image_tamil_0329.jpg,"This meme features a widely recognizable close-up shot of the popular Tamil comedian Vadivelu, who is shown wearing an orange shirt and a distinctively styled wig. His facial expression is one of exaggerated, cheeky, or slightly awkward amusement, characterized by a wide, toothy grin that is frequently used in pop culture to sarcastically signify a forced or insincere sense of gratitude. The green text at the top of the image translates from Tamil to English as thank you, which, when paired with the actor's iconic smirk, serves as a humorous way to acknowledge a situation with irony or feigned politeness.",Positive,Non-Sarcastic,Non-Vulgar,Non-Abusive,Other
image_tamil_0911.jpg,"This meme features a still of the Indian actor Silambarasan TR, wearing sunglasses and a patterned shirt, looking toward the camera with an expression of disbelief and shock. The text at the top announces a release date for the movie VRV on February 1st, while the text at the bottom is a Tamil phrase that translates literally to Will milk come in the pot, which is a colloquial way of expressing deep skepticism or asking if something is actually possible. The image also includes a watermark for the content creator Chennai Pattinam, utilizing the actor's intense, confused reaction to sarcastically mock the unlikely or unbelievable nature of the movie's announced release date.",Negative,Sarcastic,Non-Vulgar,Non-Abusive,Other
image_tamil_0454.jpg,"This meme features a close-up, still shot of the popular Tamil comedian Vadivelu, who is shown with a tearful, distressed facial expression that conveys a mix of intense grief and comedic frustration. The text overlay is written in Tamil and reads Ivangalaoda periya rodhanaiya poche, which translates to English as This has become a huge misery/lamentation because of them. The image is widely used in South Indian social media culture to humorously express feelings of being burdened, annoyed, or overwhelmed by the antics or presence of others.",Negative,Sarcastic,Non-Vulgar,Non-Abusive,Person
image_tamil_0284.jpg,"This six-panel meme features iconic Tamil comedian Vadivelu alongside another actor, capturing a transition from lighthearted amusement to sudden, stunned realization. In the top two rows, Vadivelu is seen laughing and gesturing animatedly as if sharing a funny story or joke with his companion. However, the tone shifts abruptly in the bottom panels; his expression transforms into one of shock and disbelief as he looks upward, reacting to the entrance of a serious-looking man shown in the final frame. The small text in the center reads Tamil Comedy Memes, which serves as a watermark for the source of the image. The sequence effectively depicts the comedic trope of someone being caught in a compromising or foolish moment by an authoritative figure, leading to an immediate and awkward cessation of their fun.",Negative,Sarcastic,Non-Vulgar,Non-Abusive,Person
image_tamil_0083.jpg,"This meme features a humorous still from a classic Tamil film starring the renowned comedian Vadivelu. In the image, a man stands shirtless with his head being held down by another person, his tongue sticking out in a look of exaggerated distress or comical suffering. On the left, Vadivelu stands in a pink shirt with an expressive, dismissive hand gesture, looking unbothered by the scene. The Tamil text overlaid on the image translates to, I sent the request unknowingly... please let me go, which serves as a relatable joke about users who accidentally hit the send button on messages, friend requests, or other digital interactions and immediately regret it. The overall composition uses the absurdity of the scene to depict the feeling of panic and desperate pleading after making an impulsive online mistake.",Neutral,Non-Sarcastic,Non-Vulgar,Non-Abusive,Person
image_tamil_0550.jpg,"This meme juxtaposes older film scenes with contemporary celebrity age gaps to poke fun at the aging process of millennials. The top two panels show a young girl greeting a much older man as uncle, while the middle panels highlight the 17-year age gap between the married actors Sayeesha, who is 21, and Arya, who is 38. The bottom panel features two actors looking confused or frustrated with a caption labeling them as 90s kids. The yellow text overlay at the very bottom is in Tamil and translates to, It is only the 2k kids who are calling us uncle nowadays... then what about us, implying that the generation born in the 90s feels targeted and aged by the younger generation's terminology.",Neutral,Sarcastic,Non-Vulgar,Non-Abusive,Person
image_tamil_0025.jpg,"This meme features a widely recognized expression from the popular Tamil comedian Vadivelu, who appears to be looking slightly to the side with an incredulous, skeptical, and slightly weary facial expression. The top text overlay is written in Tamil, which translates to ""Is this not the same nuisance you said you didn't want?"" This image is frequently used in internet culture to mock or highlight situations where someone complains about a recurring problem or individual, only to find themselves dealing with the exact same thing again later. The composition emphasizes his characteristic look of disbelief, making it a versatile template for expressing frustration with repetitive and unwanted circumstances.",Negative,Sarcastic,Non-Vulgar,Non-Abusive,Person
image_tamil_0366.jpg,"This meme features the popular Tamil comedian Vadivelu standing outdoors with his arms outstretched and an expression of exaggerated shock, confusion, or desperate pleading on his face. He is wearing an unbuttoned shirt over a red undershirt and holding a white cloth in one hand, capturing a classic cinematic moment of him reacting to an absurd situation. The Tamil text overlay reads Guru-natha, which translates to Oh Master or Oh Teacher, a common comedic trope used by the actor when he is feigning extreme reverence or helplessness toward a mentor figure during a chaotic scene.",Positive,Non-Sarcastic,Non-Vulgar,Non-Abusive,Person
image_tamil_0458.jpg,"This meme features two men sitting together in a dimly lit indoor setting, with one man resting his head on his hand while looking distressed and the other looking at him with a concerned or weary expression. The Tamil text overlaid on the image translates to, ""I thought you people wouldn't let me live in peace, but you aren't even letting me put up a status update."" The image captures a sense of humorous frustration regarding the pressures of social media, where the subject feels as though their personal choices and even their online activities are constantly being monitored or judged by others.",Neutral,Sarcastic,Non-Vulgar,Non-Abusive,Other
image_tamil_0184.jpg,"This meme features a still from a Tamil film depicting a humorous and violent scene where a man in a green shirt is poised to strike another person’s head with a metal plate. The individual being targeted is crouching on the ground with his hands covering his head in a defensive posture, conveying a sense of mock fear and helplessness. The Tamil text overlay translates to ""Will you post like this hereafter? Will you post like this hereafter?"" which suggests the image is being used in online discussions to humorously threaten or chastise someone for sharing content that others find annoying, repetitive, or inappropriate.",Negative,Non-Sarcastic,Non-Vulgar,Abusive,Person
image_tamil_0084.jpg,"This meme features a still from a Tamil film showing an actor with a sweat-drenched shirt holding his hand up in a gesture of refusal or warning toward another person, whose back is turned to the camera. The actor wears an intense, confrontational expression, conveying a sense of frustration or a demand for authenticity. The Tamil text overlay, Nadikkatha, translates to Don't act, a phrase often used in internet culture to call out someone for being fake, insincere, or putting on a facade during a conversation or social interaction.",Negative,Non-Sarcastic,Non-Vulgar,Non-Abusive,Person
image_tamil_0067.jpg,"This image features a scene from a Tamil film where actor Kamal Haasan, wearing a red shirt and jeans, stands in the aisle of a tiered lecture hall, appearing to toss or offer a small packet of snacks to a student. The students surrounding him look up with various expressions of curiosity and amusement. The yellow Tamil text overlaid at the top translates to, Take this sea along with your nuts, which is a playful pun using the word kadalai, which in Tamil colloquialism refers to both roasted peanuts and the act of flirting. The caption captures the humorous, classroom-setting dynamic where the actor is effectively poking fun at the students' attempts at romance by linking their flirtatious behavior to the snack he is holding.",Negative,Non-Sarcastic,Non-Vulgar,Non-Abusive,Person
image_tamil_0030.jpg,"This image features the popular Tamil comedian Vadivelu dressed in a formal magician's tuxedo complete with a top hat, standing on a stage in front of a banner that reads The Great Magic Show. His expression is one of exasperated authority, as he points a finger directly at the viewer with a stern and impatient look on his face. The Tamil text overlay translates to Hey, stop the performance, capturing the humorous irony of a character known for his slapstick comedy demanding that someone else cease their antics. The overall tone is playful and dismissive, frequently used in social media to mock someone who is acting out or trying too hard to seek attention.",Negative,Sarcastic,Non-Vulgar,Non-Abusive,Person
image_tamil_0095.jpg,"This meme features a humorous still from a Tamil film showing three men engaged in conversation, with the central character, a middle-aged man in a striped shirt, laughing hysterically while looking at the person to his right. The man on the far left stands with his arms crossed, watching the interaction with a stoic and slightly detached expression, while the man on the right gestures with his hand as if making a point. At the top of the image, the Tamil text reads ennaiya kalaayichittaraamam, which translates to it seems they have made fun of me, accompanied by laughing emojis to emphasize the sarcastic or self-deprecating nature of the scene. A small logo in the bottom left corner identifies the source as a Tamil comedy meme page, framing the scene as a relatable moment of being the subject of a joke among friends.",Neutral,Sarcastic,Non-Vulgar,Non-Abusive,Person
image_tamil_0541.jpg,"This meme juxtaposes a serious tweet from actress Hansika Motwani announcing that her phone and Twitter account were compromised with a comedic scene from a popular Tamil movie. In the tweet, she alerts her followers not to respond to any suspicious messages while her team works to restore control. Below this, a screenshot from a film captures an older woman looking up with a worried or skeptical expression as two men, labeled as ""we,"" observe her, accompanied by the Tamil text ""Hacked pae,"" which translates to ""Oh, hacked!"" The humor relies on the contrast between the urgent, official nature of the celebrity's security warning and the colloquial, dramatic reaction of the characters in the movie, effectively capturing the audience's amused response to the common occurrence of hacked social media accounts.",Neutral,Sarcastic,Non-Vulgar,Non-Abusive,Person
image_tamil_0674.jpg,"This meme features a still from a Tamil comedy film where an actor, labeled as Ramanan, is shown holding up a heavy, sagging ceiling or roof structure with both hands to protect a group of school and college students sleeping on the floor beneath him. His face is captured in a strained, frantic expression that conveys a sense of panic and urgent effort as he bears the weight of the structure to keep it from collapsing on the individuals below. The text overlay identifies the man as Ramanan, while the groups of children and young adults huddled underneath are labeled as school students and college students, respectively, humorously depicting the character as a lone figure trying to prevent a catastrophic situation from crushing the educational system or the students themselves.",Neutral,Non-Sarcastic,Non-Vulgar,Non-Abusive,Group
image_tamil_0943.png,"This meme features a top panel displaying a Sun News graphic about Nithyananda, with a Tamil headline stating that 4 million applications have been received for citizenship in his self-proclaimed nation of Kailaasa. The bottom panel uses a famous still from the Tamil film VIP, showing the actor Dhanush and a laughing man labeled as Nithi, looking toward a group of people labeled as singles who are walking toward an under-construction building site. The meme satirically compares the desperate, hopeful pursuit of citizenship in Nithyananda's fictional island to the desperate, humorous struggle of single men looking for romantic partners or a place to belong, suggesting that these applicants are as naive or misled as characters in a comedy film.",Negative,Sarcastic,Non-Vulgar,Non-Abusive,Person
image_tamil_0972.jpg,"This meme uses a humorous juxtaposition to comment on the recurring promise of release dates for long-delayed Tamil films. The top portion displays two posters for films, specifically Madha Gaja Raja and an unnamed project, both prominently advertising a release date of September 6th. Below, the famous Tamil comedian Goundamani is shown with a weary, skeptical expression wrapped in a shawl, accompanied by the Tamil text, ""Idhe than avanum sonnan,"" which translates to ""He said the exact same thing."" The meme mocks the pattern of films repeatedly announcing and missing their release dates, with the comedian’s deadpan reaction serving as a cynical response to yet another optimistic September 6th premiere claim.",Neutral,Sarcastic,Non-Vulgar,Non-Abusive,Person
image_tamil_0962.jpg,"This meme uses a three-panel format featuring actor Vivek to illustrate the evolving priorities of men as they age and face the realities of life. In the first panel, labeled kids, a character prays with folded hands, accompanied by Tamil text that translates to, Oh God, if I get married, it should be to the girl I love. In the second panel, labeled men, the character looks more serious and grounded, with the text stating, Oh God, I must buy my own house before I get married. In the final panel, labeled legends, the character has a weary, resigned expression, with the text reading, Oh God, please let me keep my hair from falling out before I get married. The progression highlights a shift from romantic idealism to financial responsibility and finally to the humorous, cynical concerns regarding aging and physical appearance.",Positive,Sarcastic,Non-Vulgar,Non-Abusive,Group
image_tamil_0049.jpg,"This meme features a scene from a Tamil film where the comedian Vadivelu is gesturing defensively while standing between a man in an orange turban and a woman in a yellow sari. The man on the left appears to be confronting him, and the expression on Vadivelu’s face conveys a mix of feigned innocence and nervous justification as he tries to diffuse the situation. The Tamil text overlay, which translates to everything has been going fine until now, captures the comedic irony of someone attempting to maintain a facade of normalcy despite an impending conflict or disaster.",Negative,Sarcastic,Non-Vulgar,Non-Abusive,Person
image_tamil_0076.jpg,"This meme features two iconic Tamil cinema comedians, Goundamani and Senthil, captured in a still from a classic film. On the left, Senthil appears distressed and is covering his mouth with a towel, while Goundamani, standing to his right, looks on with a look of mock concern or realization. The text overlay at the top is written in Tamil and translates to ""it is indeed a matter to be very sad about,"" which is often used in social media contexts to sarcastically or ironically comment on unfortunate situations, failures, or disappointing news. The contrast between Senthil's distressed demeanor and Goundamani's expression serves to amplify the humorous and ironic tone typical of their legendary comedy partnership.",Negative,Sarcastic,Non-Vulgar,Non-Abusive,Person
image_tamil_0623.jpg,"This edited movie poster features a group of men and women dressed in traditional white clothing, posing for a group portrait with a comedic twist. The central figure, portraying the iconic character Nesamani, has been digitally altered to have a bright blue face, which starkly contrasts with the otherwise realistic and formal tone of the image. The participants exhibit various expressions, including laughter and forced smiles, contributing to the humorous atmosphere. At the top, the Tamil text reads Vantha Rajavathan Varuven, which translates to I will come only as a king, while the top right corner indicates a February release. Above the blue-faced character, a small inset photo of the comedian Goundamani is labeled with the text Body Soda, a playful reference to a well-known catchphrase associated with his character Sathya.",Neutral,Sarcastic,Non-Vulgar,Non-Abusive,Other
image_tamil_0599.jpg,"This meme features a close-up image of a person holding a television remote aimed at a blurred television screen. The top text in Tamil reads, things needed to eat, while the bottom text lists plate, tumbler, and spoon, jokingly adding the TV remote to this list of essential dining utensils. The humor stems from the relatable habit of many people who feel unable to enjoy a meal without watching television, effectively equating the TV remote with basic cutlery. A laughing emoji is placed at the end to emphasize the comedic nature of this observation about modern eating habits.",Positive,Non-Sarcastic,Non-Vulgar,Non-Abusive,None
image_tamil_0946.jpg,"This meme features two panels derived from a classic Tamil comedy film scene starring the actor Vadivelu. In the top panel, a fan of actor STR enthusiastically points at a superimposed image of actress Amala Paul, with the caption Aiiii Amala Paul expressing excitement at seeing her. The bottom panel depicts the same characters looking shocked and concerned as the comedian urgently gestures for them to protect a child from the actress, with the Tamil text translating to save this child from her and take him inside immediately. The humor relies on the juxtaposition of the fan's harmless admiration with the comedian's hyperbolic and absurd protective reaction, playing on the tropes of slapstick cinema.",Negative,Sarcastic,Non-Vulgar,Non-Abusive,Person
image_tamil_0960.jpg,"This meme utilizes a two-panel still from a classic Tamil comedy film featuring actors Vivek and Mayilsamy to mock the perceived bias in Vijay TV's award ceremonies. In the top panel, one character presents an award, while the text ""Indhanga sir ungluku ana award"" (Here is the award meant for you) sets up the punchline, accompanied by an inserted image of comedian Vadivelu exclaiming ""Yaar paatha vela da ithu"" (Whose job is this?). In the bottom panel, the recipient reacts with visible frustration and shock, clutching his head, while the caption ""Yov na anchor pana vandhavan ya"" (Hey, I came here to be an anchor) expresses his dismay at receiving an unexpected award instead of fulfilling his professional role. Together, the images convey a sarcastic critique suggesting that these awards are often distributed inappropriately or unfairly to those who do not deserve or expect them.",Neutral,Sarcastic,Non-Vulgar,Non-Abusive,Other
image_tamil_0488.jpg,"This meme features a still from a classic Tamil film starring actor Goundamani, who is captured in a moment of frustration while scratching his head and looking down with a weary, perplexed expression. The Tamil text overlay translates to, ""In the middle of all these existing problems, these guys are another nuisance,"" perfectly capturing the sentiment of being overwhelmed by additional stressors or annoying individuals during an already difficult time. The image is frequently used on social media to express exasperation when people or events add unnecessary complications to an already stressful or chaotic situation.",Neutral,Sarcastic,Non-Vulgar,Non-Abusive,Person
image_tamil_0180.jpg,"This meme features a still of the popular Tamil comedian Vadivelu addressing an audience while speaking into a microphone. His expression is stern and intense, with his arm outstretched in a warning gesture, perfectly capturing the humorous tone of his cinematic characters when they attempt to feign toughness. The bold yellow text overlay reads, En kobatha kilarthathinga appuram thanga mattinga, which translates to, Do not provoke my anger, because you will not be able to handle it afterwards.",Negative,Non-Sarcastic,Non-Vulgar,Non-Abusive,Person
image_tamil_0262.jpg,"This meme features a close-up shot of the popular Tamil comedian Vadivelu, who wears a mischievous, slightly apologetic, and sheepish grin while looking directly at the camera. The image includes a prominent watermark for a meme creation website and uses the Tamil text overlay ""சாரி தோழி,"" which translates to ""Sorry friend"" (specifically addressed to a female friend). The combination of the actor's iconic, exaggerated facial expression and the caption is typically used in social media to represent a sarcastic or playful apology, often employed when someone is teasingly admitting a fault or trying to smooth over a lighthearted disagreement with a female acquaintance.",Positive,Non-Sarcastic,Non-Vulgar,Non-Abusive,Other
image_tamil_0894.jpg,"The image is a humorous meme featuring a still frame from a Tamil movie comedy scene, showing a group of men standing outdoors, with one man appearing to be scolded or hit by others. The top text in Tamil translates to, Why are you beating him up so early in the morning? The bottom response text translates to, Because this guy asks if his mobile phone will fly if he puts it on flight mode and throws it down, followed by laughing emojis. The expressions of the characters reflect a chaotic and comedic confrontation, capturing the essence of the joke about a naive or foolish individual who misunderstands the term flight mode.",Negative,Sarcastic,Non-Vulgar,Abusive,Person
image_tamil_0826.jpg,"The image features a light green background containing two stanzas of Tamil text presented as a metaphorical observation about gender dynamics in relationships. The text compares a husband to wet concrete, suggesting that he should not be poked or disturbed immediately, but rather allowed to set completely so that he can be shaped or handled later without being ruined. Conversely, it compares a wife to clay pottery, arguing that she must be molded into the desired shape right from the beginning because once she sets or dries, it becomes impossible to change her. There are no faces, figures, or characters in this image, as it serves as a purely text-based social media meme or status update intended to convey a humorous and stereotypical perspective on marital adjustment.",Neutral,Sarcastic,Non-Vulgar,Non-Abusive,Group
image_tamil_0843.png,"This meme features a still of actor Paresh Rawal from the movie Hungama, wearing glasses and a formal suit while looking at the camera with an expression of confused realization. The text overlay, written in a mix of English and Tamil, humorously compares the compulsion to check one's Facebook feed with the tendency to repeatedly open the refrigerator. The Tamil portion translates to even if there is nothing you like inside, you still feel like opening it and checking frequently. The overall sentiment captures the repetitive, mindless nature of digital and physical habit patterns where one constantly seeks something new or interesting despite being aware that the content has not changed.",Neutral,Sarcastic,Non-Vulgar,Non-Abusive,Other
image_tamil_0409.jpg,"This meme features a still from a Tamil film showing the popular comedian Vadivelu looking shocked and distressed while an older man holds him horizontally by his waist. The visual humor relies on the exaggerated, painful expression on Vadivelu’s face and the awkward, intrusive posture of the man behind him. At the top of the image, the Tamil text reads Azhuththamaana Pathivu, which translates to a powerful or deep post/comment, often used sarcastically in social media contexts to describe content that is unexpectedly intense, shocking, or cringe-worthy.",Negative,Non-Sarcastic,Non-Vulgar,Non-Abusive,Person
image_tamil_0671.jpg,"This meme features a split-panel composition with a central image of the popular Tamil comedian Goundamani, who is shown looking upward with a prayerful and dramatic expression, his hands clasped together in a pleading gesture. The upper text overlay, written in Tamil, translates to ""Oh God, I don't feel like eating or sleeping, have I fallen in love?"", capturing a humorous tone of exaggerated romantic infatuation. Below the image, a contrasting Tamil text overlay delivers the punchline, which translates to ""You rascal, the semester exams have arrived, go and study,"" effectively mocking the character's delusions of love by grounding them in the harsh reality of impending academic responsibilities. The combination of the actor's melodramatic expression and the juxtaposition of romantic drama against the pressure of exams creates a relatable, lighthearted commentary on student life.",Negative,Sarcastic,Non-Vulgar,Non-Abusive,Person
image_tamil_0303.jpg,"This meme features a still from a Tamil film showing two men engaged in an intense argument in a rural outdoor setting. On the left, a man in a light-colored shirt and dhoti is gesturing animatedly while speaking, his expression conveying frustration or scolding. Opposite him, the other man looks somewhat flustered or defensive while clutching his open shirt. The text overlay written in green at the top reads in Tamil as ""Adutha jenmathulayavathu, manushana porangada..!"", which translates to ""At least in the next birth, get born as human beings."" This sarcastic caption suggests that the person is so frustrated with the behavior of others around them that they wish for everyone to be born as actual humans in their next life rather than the problematic figures they are currently.",Negative,Non-Sarcastic,Non-Vulgar,Non-Abusive,Person
image_tamil_0016.jpg,"This meme features a still from a classic Tamil movie showing three men standing in what appears to be a traditional, somewhat modest interior setting, with a man in the center holding a silver platter while an older man to his left looks on and a man to the right counts a stack of currency. The facial expressions are a mix of intense focus and contemplative resignation, capturing the characters in the middle of a transaction or discussion. The Tamil text overlay translates to: Instead of selling appalams, if we had sold idlis at Apollo, we would be at the level of Ambani by now. The caption highlights a humorous irony, suggesting that their current business venture is far less lucrative than a hypothetical high-end catering or medical-adjacent business model, using the popular Ambani family as the benchmark for extreme wealth.",Positive,Non-Sarcastic,Non-Vulgar,Non-Abusive,Other
image_tamil_0624.jpg,"This meme contrasts a photograph of a school board displaying rows of young children labeled as toppers in classes ranging from nursery to first grade with a famous still of the Tamil comedian Vadivelu looking bewildered and deeply skeptical. The humor stems from the absurdity of highlighting academic achievement at such an early developmental stage, which is captured by the Tamil text overlay that translates to, ""Are these LKG and UKG toppers?"" Vadivelu's confused expression perfectly mirrors the viewer's reaction to the incongruity of ranking toddlers based on academic performance in a way that suggests he is questioning the logic behind such competitive labeling for small children.",Neutral,Sarcastic,Non-Vulgar,Non-Abusive,Organization
image_tamil_0463.jpg,"This meme features a close-up shot of the popular Tamil comedian Vadivelu, who has a stern and warning expression on his face as he holds up a finger to his ear, suggesting that someone should listen carefully or behave properly. The Tamil text overlay, which translates to Hey, respect, respect, emphasizes his demand for decorum or attention. His intense, wide-eyed stare combined with the gesture makes the image a classic reaction meme used to mock someone who is being disrespectful or to demand that others pay attention to what is being said.",Negative,Sarcastic,Non-Vulgar,Non-Abusive,Person
image_tamil_0786.jpg,"This three-panel meme features a comedic exchange between a couple and a group of friends. In the first panel, a woman reacts with delight to being offered a bowl of food, saying in English, Wooooow My Favourite. The second panel shifts to her partner’s confused and slightly annoyed reaction, with the Tamil text Sollave Illa, which translates to You didn't even tell me. The final panel shows a comedic group of men standing together, with one gesturing expressively as he delivers the punchline in Tamil, Saptura Item Poooramae En Favourite Thaan, meaning Anything that is edible is my favourite, highlighting a humorous contrast between the woman's specific preference and the man's gluttonous or indiscriminate appetite.",Negative,Sarcastic,Non-Vulgar,Non-Abusive,Person
image_tamil_0769.png,"This meme contrasts a candid photograph of a smiling young man surrounded by a group of women and a child with a popular cinematic reaction image of the Tamil comedian Vadivelu. In the top image, the group appears happy and friendly, while the bottom panel features Vadivelu looking skeptical and distressed with the text anathai grps, which translates to orphan groups. The bottom caption, Yaara Ivalugalam..Anbu dhan anadhai nu sonniye da, translates to Who are these people? You said that Anbu was an orphan. The meme uses irony to suggest that the man in the photo, who is presumably named Anbu, claimed to be alone or orphaned, yet is clearly shown surrounded by many companions, leading to the comedic expression of disbelief from the character below.",Negative,Sarcastic,Non-Vulgar,Non-Abusive,Group
image_tamil_0266.jpg,"This two-panel meme features a still from a Tamil film where an older man in a black hoodie is speaking to someone off-camera. In the top panel, the man wears a stern, serious, and somewhat weary expression while listening. In the bottom panel, his expression shifts into a knowing, slightly mischievous, and amused smirk, implying a moment of realization or a witty retort. There is a small logo in the bottom right corner with the Tamil word Thamizh, which simply translates to Tamil, identifying the origin of the meme. Overall, the sequence captures a transition from a guarded demeanor to one of secret amusement or confidence.",Negative,Sarcastic,Non-Vulgar,Non-Abusive,Person
image_tamil_0331.jpg,"This meme features a still from a classic Tamil comedy film starring the actor Goundamani. On the right, the character is captured with an aggressive, frustrated facial expression, holding a long wooden pole as if prepared to strike or drive someone away. The Tamil text overlaid on the image translates to, Yes, he is a big ship merchant... get lost, which is a sarcastic remark used to mock someone who is acting arrogantly or pretending to be of higher status than they actually are. The scene conveys a sense of humorous confrontation, portraying a situation where a person is being dismissed or belittled by the speaker.",Negative,Non-Sarcastic,Non-Vulgar,Non-Abusive,Person
image_tamil_0280.jpg,"This meme features a screen capture of the popular Tamil comedian Vadivelu, who appears to be in a state of distressed, pleading supplication with his palms turned upward and a pained expression on his face. The Tamil text overlay translates to, Give us back at least the money we spent on recharges; we are switching to another network. Below the image, the caption Aircel Customers highlights the context of the joke, referencing the frustration of former Aircel subscribers demanding refunds or compensation following the telecom provider's insolvency and service shutdown.",Negative,Non-Sarcastic,Non-Vulgar,Non-Abusive,Person
image_tamil_0804.jpg,"This meme uses a two-panel sequence from a Tamil film featuring actor Dhanush in the top frame and an older actor in the bottom frame. In the first panel, the son asks his father for 100 rupees, stating that he wants to see a ""porambokku,"" a Tamil slang term often used as a derogatory insult for a person, implying that he wants to watch a movie or find someone foolish. In the second panel, the father responds with a sarcastic deadpan expression, telling the son to go look in a mirror instead, effectively calling his own son the very insult he asked for. The humor stems from the quick, cutting verbal comeback where the father uses the son's own request to insult him back while maintaining a calm, nonchalant demeanor.",Negative,Sarcastic,Non-Vulgar,Non-Abusive,Person
image_tamil_0900.jpg,"This meme features a photograph of a restaurant signboard at the top, where a circled Tamil phrase is humorously misspelled as ""pirakevegamaga"" instead of the intended word for breakfast. Below the sign is a reaction image of the popular Tamil comedian Goundamani looking confused and shielding his eyes as if squinting to understand something. The caption below him, written in Tamil, translates to, ""Oh, so that is how they have written breakfast, is it?"" This caption highlights the absurdity of the misspelling, with the comedian's skeptical expression serving as a witty reaction to the poor translation on the signage.",Negative,Sarcastic,Non-Vulgar,Non-Abusive,Person
image_tamil_0692.jpg,"This meme utilizes a scene from a Tamil film featuring a man dressed in a green mosquito costume interacting with the comedian Vadivelu, who is holding a wooden board. The six-panel layout parodies Good Knight mosquito repellent advertisements, which famously feature normal and active modes to combat mosquitoes. The meme humorously compares the number of mosquitoes present to different social situations, labeling 10 mosquitoes as normal mode, 50 as a boy, and 30 as a girl, ultimately culminating in a confused or heated exchange between the two characters in the final panel. The Tamil text in the bottom right corner translates to a frustrated remark: ""I told you to sleep, you brat... stop talking too much, you brat.""",Negative,Sarcastic,Non-Vulgar,Non-Abusive,Person
image_tamil_0119.jpg,"This meme features a close-up shot of a young woman with a wide, expressive smile, suggesting a reaction to a humorous situation or a funny observation. The image captures a candid, joyful moment, conveying a sense of genuine amusement or laughter. At the top of the image, there is a Tamil text overlay that translates to Oh my god, what great comedy, which reinforces the intended sentiment of finding something extremely funny or sarcastically absurd. The overall composition creates an informal, lighthearted reaction image often used on social media to express laughter or mockery toward a ridiculous statement or event.",Positive,Sarcastic,Non-Vulgar,Non-Abusive,Other
image_tamil_0234.jpg,"This meme features a widely recognized still of the popular Tamil comedian Vadivelu, who appears in front of a microphone with a stoic, wide-eyed, and slightly bewildered facial expression. The Tamil text overlay reads payapulla nallathane irundhan, which translates to the guy was actually doing just fine or the boy was acting perfectly normal. This classic reaction image is frequently used in social media contexts to express genuine shock or ironic confusion when someone who previously appeared to be well-behaved or normal suddenly acts in an unexpected, strange, or problematic manner.",Neutral,Non-Sarcastic,Non-Vulgar,Non-Abusive,Other
image_tamil_0906.jpg,"This four-panel meme juxtaposes dramatic scenes of actress Nayanthara appearing frightened and distressed in a horror movie setting with a third panel featuring a man looking directly at the camera with a nonchalant, informative expression. The top and bottom right panels show the actress reacting to supernatural events like a cracked glass surface and a dark, eerie environment, while the man in the bottom left serves as the cynical commentator. The Tamil text overlay translates to, As usual, going into a haunted bungalow and then getting stuck and shouting jin-tha-ko jin-tha-ko, mockingly summarizing the repetitive and predictable plot tropes often found in South Indian horror films where characters foolishly enter dangerous locations only to suffer the inevitable consequences.",Negative,Sarcastic,Non-Vulgar,Non-Abusive,Organization
image_tamil_0031.jpg,"This meme features the popular Tamil comedian Vadivelu holding a large pitcher of orange juice while wearing a white shirt. He is making a distinctive facial expression characterized by squinted eyes and a wide, mischievous, and slightly awkward smile. The text overlay at the top of the image reads Avl, which is a Tamil expression of disappointment, shock, or a sarcastic way of acknowledging that something has gone wrong or a plan has failed. The overall visual captures a classic comedic moment from a Tamil film where the character's exaggerated reaction serves as a relatable template for responding to unfortunate or ironic situations.",Neutral,Sarcastic,Non-Vulgar,Non-Abusive,Person
image_tamil_0545.jpg,"This meme features a still image of the actress Sai Pallavi, who played the beloved character Malar in the film Premam, shown with a natural, minimalist appearance. Her facial expression is warm and genuine, characterized by a soft smile that conveys confidence and simplicity. The text overlay across the top and bottom of the image, written in English, reads, Malar - who proved that makeup is not always necessary for a heroine. The image serves as a tribute to the actress for challenging traditional beauty standards in cinema by portraying a character who remains visually appealing and authentic without the use of heavy cosmetics. A watermark for Troller Boss is visible on the right side of the frame, identifying the origin of the image as a social media creation.",Positive,Non-Sarcastic,Non-Vulgar,Non-Abusive,None
image_tamil_0622.jpg,"This meme uses a scene from a Tamil film, featuring actor Kamal Haasan with a serious expression, to mock an incident where a live television caller on Sun Music mistakenly or jokingly referred to the adult film actor Johnny Sins as their role model. The top text labels the incident as a Sun Music Johnny Sins atrocity, while the middle text identifies the speaker as the caller proclaiming Johnny Sins as their role model. The lower portion of the image shows police officers and media personnel, assigning them roles such as viewers, cameraman, show anchor, Kalanithi Maran, and show director to humorously depict the confusion and reaction of the media crew and the public witnessing the bizarre on-air blunder.",Negative,Sarcastic,Non-Vulgar,Non-Abusive,Person
image_tamil_0484.jpg,"This meme features a still from a Tamil film showing the actor Vadivelu sitting with a somber, downtrodden expression while another man points towards him as if mockingly dismissing his status. The Tamil text overlaid at the top translates to: You don't even get a single laugh reaction for your profile picture... are you even a celebrity? This caption highlights the humorous nature of social media validation, using the comedian's famously expressive, dejected face to sarcastically criticize someone who considers themselves popular online despite receiving very little engagement on their profile photos.",Neutral,Sarcastic,Non-Vulgar,Non-Abusive,Person
image_tamil_0233.jpg,"This meme features a close-up still of the popular Tamil comedian Vadivelu, who is shown with wide, startled eyes and a finger pressed against his lips in a gesture for silence. The Tamil text overlaid at the top, Ushhshshsh, is an onomatopoeic expression used to signal someone to be quiet or keep a secret. The image captures a classic comedic reaction typical of Vadivelu’s film performances, conveying a sense of urgent hushed caution or mock alarm that is commonly shared in social media circles to humorously demand silence or highlight a situation requiring discretion.",Negative,Non-Sarcastic,Non-Vulgar,Non-Abusive,Person
image_tamil_0923.jpg,"This meme features a four-panel sequence from a classic Tamil comedy film scene involving the actors Bharath and Vadivelu. In the image, Bharath holds a basket of fruit while Vadivelu speaks to him with animated, deadpan facial expressions. The text overlay is written in Tanglish and critiques a stereotypical software team lead. The dialogue translates to a conversation where the lead asks, Who am I in this team? The manager responds by defining the lead as someone who does no actual work, only intimidates the juniors, and is a person who has no idea why they are even in the team. The overall tone is a satirical jab at corporate management culture in the IT industry.",Neutral,Sarcastic,Non-Vulgar,Non-Abusive,Group
image_tamil_0157.jpg,"This image features a popular meme of the renowned Tamil comedian Goundamani dressed in a police uniform, captured with a distinctly skeptical and mocking facial expression that conveys a sense of sarcasm or disbelief. The Tamil text overlay translates to avvavvavva, which is an onomatopoeic expression commonly used in Tamil culture to mimic or mock someone who is boasting or acting arrogant, often implying that the person is talking nonsense. The comedian's pursed lips, arched eyebrows, and side-eye glance perfectly capture the feeling of someone unimpressed by a ridiculous statement, making it a classic reaction image for highlighting absurdity or insincerity in social interactions.",Negative,Sarcastic,Non-Vulgar,Non-Abusive,Person
image_tamil_0889.jpg,"This meme uses a still from a classic Tamil comedy film featuring actors Vadivelu and Goundamani to provide a satirical commentary on social and religious debates regarding beef consumption. The top caption attributes a quote to filmmaker Pa. Ranjith, which translates to: If the cow is your god, then I will eat your god. In the top frame, one character whispers something to the other, while the bottom frame shows the second character reacting with a slap. The bottom caption, attributed to the public, serves as a sharp retort by stating: We even mold cow dung into a Pillaiyar (Ganesha) idol, but would you eat the cow dung? The meme highlights the tension between progressive social commentary and traditionalist responses by using a slapstick cinematic scene to underscore the absurdity of the conflicting arguments.",Neutral,Sarcastic,Non-Vulgar,Non-Abusive,None
image_tamil_0854.png,"This meme features a still image from a news conference showing several men, including one in the center wearing glasses and speaking into multiple microphones, looking stern and serious as if addressing a pressing public concern. The image is used to mock the Flipkart Big Billion Day sales event, with Tamil text at the top reading, We can start the Big Billion Day with these guys, followed by text at the bottom that translates to, They will put up a show by marking out-of-stock products as sold out for just one rupee to deceive us. The combination of the solemn newsroom atmosphere and the cynical caption humorously critiques the common consumer perception that e-commerce platforms create fake demand or misleading availability status during their major promotional sale periods.",Negative,Sarcastic,Non-Vulgar,Non-Abusive,Group
image_tamil_0243.jpg,"This meme features a still image of the popular Tamil comedian Vadivelu, who is looking toward the camera with a distinctively disappointed, cynical, and condescending facial expression, characterized by a slight smirk and an arched eyebrow. The Tamil text overlay translates to why are you doing like this, ma'am, a phrase that has become a widely used cultural idiom in Tamil Nadu to express disbelief, frustration, or judgment toward someone's questionable actions. The image is framed as a humorous reaction meme, often used online to mock or criticize situations where someone's behavior seems illogical, foolish, or disappointing.",Negative,Non-Sarcastic,Non-Vulgar,Non-Abusive,Person
image_tamil_0840.jpg,"This meme humorously illustrates the generational divide regarding sentimental value versus clutter by contrasting a pile of old chocolate wrappers with reaction shots from two different South Indian comedic actors. The top portion of the image shows a collection of discarded candy wrappers from brands like Dairy Milk, Dark Fantasy, and Silk. Below, the meme is split into two sections: on the left, an actor expressing annoyance and frustration is accompanied by the Tamil text, ""Ethuku intha kupaiya poruki vachuruka,"" which translates to ""Why have you collected and kept this trash?"" On the right, another actor looks back with a defensive or emotional expression labeled as ""*90's girls,"" paired with the phrase ""Kuppai illa memories-u,"" translating to ""These are not trash, these are memories."" Together, the meme captures the common household conflict where one person sees junk, while the other sees a cherished archive of nostalgic experiences.",Negative,Sarcastic,Non-Vulgar,Non-Abusive,Person
image_tamil_0949.jpg,"This meme uses a split-screen composition to express viewer frustration regarding television programming choices. The top panel shows a promotional graphic from Vijay Television announcing a lineup of new blockbuster films scheduled for broadcast on January 15 and 16, featuring actors like Vijay Sethupathi. The bottom panel features a popular meme image of the Tamil comedian Vadivelu looking dejected and disappointed, accompanied by a crying emoji and a caption in Tamil that translates to: they air all the new movies on a single day, and on other days, it is just Raja Rani. Together, the visual contrast highlights the common annoyance viewers feel when channels exhaust their best content during holidays, leaving the rest of the year filled with repetitive daily soap operas like the aforementioned serial.",Negative,Sarcastic,Non-Vulgar,Non-Abusive,Group
image_tamil_0590.jpg,"This meme features a humorous comparison between a stern teacher and a distressed character from a popular Tamil movie. The upper portion displays a black background with white Tamil text translating to, Math teacher: If you don't know how to solve this sum, what are you going to do on your first night, accompanied by a small graphic of a character adjusting his glasses. Below this, a still from the film Doctor shows an intense, heated interaction where a woman is gesturing wildly while speaking to a confused-looking man. The bottom text, written in Tamil, translates to, Don't talk like a fool, Dhanasekara, conveying a sense of exasperated dismissal that contrasts the absurdity of the teacher's original comment with the chaotic energy of the film scene.",Negative,Sarcastic,Vulgar,Abusive,Person
image_tamil_0317.jpg,"This image features a popular Tamil cinema meme template showing a man with an expressive, distressed, and questioning facial gesture, standing with his hands outstretched as if in disbelief. The Tamil text overlaid at the top translates to, Is it truly democracy when a government kills its own people just to secure the future of its next generation? The combination of the actor's exaggerated, questioning posture and the politically charged critique creates a sarcastic tone, commonly used on social media to express frustration or cynicism toward political leadership and government actions.",Negative,Sarcastic,Non-Vulgar,Non-Abusive,Person
image_tamil_0357.jpg,"This image features a popular meme from a Tamil film starring comedian Vadivelu, who is dressed in a lawyer's robe and engaged in an intense, frustrated conversation with another man. Vadivelu wears an exasperated expression, gesturing with his hand as if he is at his wit's end, while the man opposite him listens intently. The green text overlay in Tamil, Ennya innaikunnu ippadi uyirai vangura, translates to Why are you pestering me like this specifically today, or more colloquially, Why are you draining the life out of me today. The scene captures a moment of classic comedic irritation often used on social media to express the feeling of being overwhelmed or annoyed by someone's persistent questions or behavior.",Negative,Non-Sarcastic,Non-Vulgar,Non-Abusive,Person
image_tamil_0981.jpg,"The image features a meme captioned Wireless Data Transfer at the top, which humorously characterizes a group of five women sitting together and engaged in an animated conversation as an analog form of information sharing. The women are dressed in traditional Indian sarees and are captured in a candid moment, with the individuals in the center and to the right leaning in toward each other with focused, expressive facial expressions suggesting they are sharing gossip or news. Their body language, characterized by directed gazes and hand gestures, reinforces the comedic premise that their verbal exchange serves as a human equivalent to digital communication. A small circular watermark containing a stylized head and the text Razur Rao is visible on the left side of the frame, but there is no Tamil text present in the image to translate.",Positive,Sarcastic,Non-Vulgar,Non-Abusive,Group
image_tamil_0862.jpg,"This image is a six-panel collage showcasing a disturbing visual transformation applied to a romantic scene from an Indian film. The original footage depicts a man playfully applying colorful powder to a woman's face during a festive outdoor celebration, where they both appear happy and relaxed. However, in several of the panels, the woman's face has been digitally manipulated with unsettling, dark, and demonic features, including pitch-black eyes and an exaggerated, sinister grin that contrasts sharply with the lighthearted setting and the man’s unaffected, smiling expression. The top right panel includes a small overlay of text in Tamil, which reads Vishai Thamil, the name of the YouTube channel or production source. The meme relies on the jarring juxtaposition of a joyful, vibrant scene with grotesque horror-movie elements to create a dark, ironic, and unsettling effect.",Negative,Non-Sarcastic,Non-Vulgar,Non-Abusive,Person
image_tamil_0469.jpg,"This meme features a close-up shot of the popular Tamil comedian Yogi Babu, who has a shocked and distressed expression on his face with blood trickling from his nose, seemingly following a physical altercation or a comedic mishap. The text overlay is written in Tamil, which translates to, Hey brother-in-law, seeing your post is making my nose bleed, a hyperbolic and sarcastic way of expressing that someone's social media content is so absurd, cringe-worthy, or intense that it has caused physical pain or a visceral reaction. The visual of the bleeding nose is used to emphasize the comedic exaggeration of the viewer's negative or overwhelming reaction to the post being discussed.",Positive,Non-Sarcastic,Non-Vulgar,Non-Abusive,Person
image_tamil_0758.jpg,"This meme features a two-part critique of actress Oviya for her role in the controversial Kollywood film 90ML. The top section depicts Oviya in scenes from the movie, accompanied by the text, one of the bold top actress in Kollywood who have guts to act movie like 90ML. Below this, a screenshot of actor Dhanush from a different film shows him looking visibly concerned and frustrated with a bandage on his head, serving as a reaction image to mock the premise of the top panel. The Tamil text overlaid on the bottom image translates to, just because she speaks bad words, that doesn't mean it should be considered a bold attempt. The overall tone is sarcastic, dismissing the notion that the film’s explicit language or transgressive themes constitute genuine artistic boldness.",Negative,Sarcastic,Vulgar,Non-Abusive,Person
image_tamil_0657.jpg,"This image features a humorous text-based meme presented in Tamil against a plain white background, framed by decorative floral symbols at the top and bottom. The Tamil text translates to: If I say this, people will say I am talking with the arrogance of having money. Still, I will say it... Today in our house... Tomato chutney! The post is accompanied by four grinning squinting eye emojis, which convey a playful, ironic tone. The humor relies on the common satirical format of building up anticipation for a significant or luxurious revelation, only to undercut it with a mundane, everyday household detail, effectively mocking social media posts that boast about wealth.",Negative,Sarcastic,Non-Vulgar,Non-Abusive,Group
image_tamil_0192.jpg,"This meme features the popular Tamil comedian Vadivelu looking directly at the camera with a skeptical, knowing expression and a slightly raised eyebrow while wearing a patterned blue shirt, set against a garden background. The Tamil text overlaid at the top translates to ""Oh, so that is how the story is going... let it be, let it be,"" reflecting a sense of mock surprise and a calculated decision to observe how a situation unfolds rather than intervening immediately. The visual combination of his suspicious look and the sarcastic caption is frequently used in social media contexts to express feigned ignorance or to imply that one has figured out someone else's hidden agenda.",Neutral,Non-Sarcastic,Non-Vulgar,Non-Abusive,Person
image_tamil_0636.jpg,"This four-panel meme juxtaposes glamorous scenes from a cooking oil advertisement featuring actress Catherine Tresa with a classic comedic reaction from Tamil cinema. The top panels show Tresa smiling while holding a product and hosting a large family dinner, while the middle panel features her looking cheerful and elegant. The Tamil text overlaid on the middle section, ""Apo intha Samayal elam Nenga than panenga apdi thane,"" translates to, ""So you are the one who cooked all this food, right?"" This questioning tone is directed at the bottom panel, which features the popular comedian Goundamani leaning out of a car window looking skeptically at the comedian Vadivelu, who appears embarrassed and sheepish. The meme humorously implies that while the ad suggests the actress prepared a grand feast, the reality is likely quite different, using the expressive and familiar comedic dynamic between the two actors to mock the unrealistic portrayal of domestic perfection in advertising.",Negative,Sarcastic,Non-Vulgar,Non-Abusive,Person
image_tamil_0777.jpg,"This four-panel meme juxtaposes movie stills with reaction shots to create a humorous observation about celebrity doppelgängers. In the top left image, actors Dhanush and Sai Pallavi are shown standing next to a third person, accompanied by the text 1+1=2 MAMA, suggesting a simple addition. The top right panel features actor Silambarasan looking confused with the Tamil text APO PURIYALA, which translates to I did not understand then. The bottom left image reveals a group photo where two women bear a striking resemblance to Sai Pallavi, creating a comedic visual of double the likeness. Finally, the bottom right panel shows Silambarasan with a look of realization, captioned with the Tamil text IPO PURIYUTHU, meaning I understand now, effectively illustrating the humorous realization of why the first panel math equation was being presented.",Neutral,Sarcastic,Non-Vulgar,Non-Abusive,Person
image_tamil_0127.jpg,"The image features a scene from a classic Tamil film starring the famous comedian Goundamani, who displays a look of mild annoyance or resigned amusement while a hand extends toward his face to offer a small coin. The Tamil text overlaid at the top, ""Indha ettana vaangittu odi poyiru,"" translates to ""Take this eight annas and run away,"" a phrase frequently used in meme culture to mock someone for providing an insignificant or insultingly small contribution to a situation. The comedian's stoic facial expression combined with the act of being offered a measly coin creates a humorous, dismissive tone often employed on social media to belittle someone's cheap or ineffective efforts.",Negative,Non-Sarcastic,Non-Vulgar,Non-Abusive,Other
image_tamil_0638.jpg,"This meme features a close-up, desaturated still of an Indian actor looking distressed and crying while wearing a yellow jacket, capturing a sense of deep frustration and resignation. The text overlay is written in Tamil-English (Tanglish) and translates to: ""I am telling you from my experience, they only created this 'revaluation' process to loot money from us."" The image uses the actor's mournful expression to humorously express a cynical student perspective that academic revaluation procedures are merely a predatory scheme designed by institutions to extract additional fees from desperate test-takers rather than a genuine service to correct grading errors.",Negative,Sarcastic,Non-Vulgar,Non-Abusive,Person
image_tamil_0501.jpg,"This meme features a still from a Tamil film depicting a comedic situation where a woman is aggressively pulling a man by his arm, accompanied by a caption that humorously translates to When trying to understand a woman's mind. The man, who appears to be in distress or pain, has an expression of alarm and is saying Aiyo... Amma..., which is a common Tamil exclamation equivalent to Oh my God or Mother help me. The contrast between the philosophical caption about understanding complex emotions and the physical slapstick action of the man being manhandled creates a lighthearted, self-deprecating joke about the difficulty of navigating relationships.",Negative,Non-Sarcastic,Non-Vulgar,Non-Abusive,Person
image_tamil_0214.jpg,"This four-panel image features a series of expressive close-ups of the popular Tamil comedian Vadivelu dressed in an ornate, traditional costume and crown, a look famously associated with his role as the king in the movie Imsai Arasan 23rd Pulikecei. The panels capture his evolving comedic reactions, beginning with a surprised or bewildered expression in the top left, transitioning to an open-mouthed, dramatic realization in the top right, a confident thumbs-up accompanied by a sly grin in the bottom left, and concluding with a satisfied, mischievous smirk in the bottom right. The watermark ROFLPHOTOS.COM is visible across the center, and there is no Tamil text overlay to translate, as the humor relies entirely on the actor's versatile and iconic facial gymnastics.",Negative,Non-Sarcastic,Non-Vulgar,Non-Abusive,Person
image_tamil_0992.jpg,"This meme features a humorous exchange between two characters from a popular Tamil film, utilizing a witty double entendre on the word fan. In the top panel, the character played by Vadivelu points an accusatory finger and declares, you are speaking to me without knowing whose fan I am, using the word fan to refer to being a follower of a celebrity. In the bottom panel, the other character retorts with a sarcastic expression, claiming that because the person started spinning around like a dizzy blade the moment they were bumped into, it was obvious even then that they are a fan of Dhanush, playing on the word fan to literally mean an electric cooling fan. The contrast between the dramatic posturing of the characters and the absurd pun creates a comedic effect common in Tamil internet humor.",Positive,Sarcastic,Non-Vulgar,Non-Abusive,Group
image_tamil_0335.jpg,"This meme features a still from a classic Tamil comedy film starring actor Vadivelu, who is shown kicking his friend in the rear while standing in a rural, muddy field. Vadivelu is wearing a blood-stained white t-shirt and a dhoti, while his friend appears visibly distressed and is holding a pair of shoes. The Tamil text overlaid at the top translates to, How did you kick the grease tin, which serves as a humorous caption highlighting the absurdity of the scene. The overall comedic impact is derived from Vadivelu's aggressive stance contrasting with his friend's confused and pained expression, typical of the slapstick humor found in his films.",Negative,Sarcastic,Non-Vulgar,Non-Abusive,Person
image_tamil_0601.jpg,"This meme humorously compares a young girl to actress Sayyeshaa and the comedic actor Vadivelu to the actor Arya, playing on the real-life age gap between the two stars. The top panels feature individual shots of the girl and the injured-looking Vadivelu with the text ""Uncle"" and ""Enna ma,"" the latter of which translates from Tamil to ""What is it?"" The bottom panel shows the girl gesturing toward the man, accompanied by text that translates to ""Buy some chocolate, Happy Chocolate Day,"" turning a famous comedic scene into a lighthearted jab about the celebrity couple's personal life.",Neutral,Sarcastic,Non-Vulgar,Non-Abusive,Person
image_tamil_0977.jpg,"This humorous meme features a split-screen composition contrasting a shirtless photo of Indian cricketer Hardik Pandya with a scene from a popular Tamil film. In the top panel, Hardik Pandya is shown with a red cloth draped over his head and a chain around his neck, looking toward the camera. The bottom panel depicts the iconic Tamil comedian Vadivelu, wearing a yellow jersey and an orange headband, smiling and gesturing enthusiastically as if pointing at someone or something with a look of joyful recognition. The Tamil text at the bottom, Deii anga paaru da Hardik Pandya, translates to Hey, look over there, it is Hardik Pandya, framing the comedic situation as if the characters in the movie are excitedly spotting the cricketer.",Positive,Sarcastic,Non-Vulgar,Non-Abusive,Group
image_tamil_0060.jpg,"This meme features a still image of the popular Tamil comedian Vadivelu, who is edited to wear a festive Santa hat, capturing a relatable moment of holiday-season financial stress. The actor’s facial expression conveys a sense of weary confusion or deep thought, perfectly matching the humorous text overlay which reads, ""The salary hasn't been credited yet! I need to buy a gift for my girlfriend for Christmas."" The caption highlights the irony of wanting to participate in gift-giving traditions during the holidays while facing the common real-world struggle of waiting for a delayed paycheck.",Negative,Sarcastic,Non-Vulgar,Non-Abusive,Person
image_tamil_0446.jpg,"This meme features a close-up screen capture of the renowned Tamil comedian Goundamani, known for his signature deadpan and sarcastic delivery. His facial expression, characterized by a slightly tilted head, narrowed eyes, and a skeptical, weary look, perfectly encapsulates a mood of exhausted disbelief or annoyed questioning. The Tamil text overlaid at the top, adhukku ippo ennaangura, translates to so what are you saying now? or what do you want now for that?, which is typically used in social media conversations to mockingly challenge someone’s illogical reasoning or to express impatience with a repetitive and frustrating topic.",Positive,Non-Sarcastic,Non-Vulgar,Non-Abusive,Person
image_tamil_0989.jpg,"This meme juxtaposes the official movie poster for the Tamil film Vantha Rajavathaan Varuven, which features a large ensemble cast, with a humorous scene from the comedy film Friends involving the actor Vadivelu. The poster highlights the film’s release date as February, while the bottom panel shows the protagonist with a skeptical expression alongside Vadivelu, who looks suspicious and untrusting. The Tamil text overlay translates to, Will you come this year in February or not? Let us not believe it, effectively mocking the recurring uncertainty and frequent release delays often associated with the film. The visual juxtaposition highlights the skepticism of the audience regarding the reliability of the movie's planned release timeline.",Positive,Sarcastic,Non-Vulgar,Non-Abusive,Group
image_tamil_0176.jpg,"This meme features a still from a Tamil comedy film depicting a tense confrontation between two men, where the man on the left is pointing an accusatory finger at the man on the right. The man on the left has a look of stern insistence, while the man on the right wears a frustrated and defensive expression, suggesting an argument over social standing or behavior. The caption at the top, Give Respect! Take Respect!, serves as a moralizing punchline about reciprocal treatment. The small logo in the lower left corner contains the words Tamil Comedy, which identifies the source of the scene as a classic piece of comedic cinema from that industry.",Neutral,Non-Sarcastic,Non-Vulgar,Non-Abusive,Person
image_tamil_0456.jpg,"This meme features the popular Tamil comedian Vadivelu in a two-panel sequence where he initially appears to be checking or wiping his armpit with a towel draped over his shoulder, followed by a second panel showing a look of intense, grimacing disgust on his face. The visual context suggests a moment of unpleasant realization or shock, often used in social media humor to represent the experience of encountering something repulsive, such as a bad smell, a cringeworthy situation, or an awkward social interaction. There is no Tamil text overlay on this image, only a watermark for a website, so the focus remains entirely on the actor's expressive physical comedy and his exaggerated reaction to a perceived negative stimulus.",Negative,Sarcastic,Non-Vulgar,Non-Abusive,Person
image_tamil_0940.jpg,"This meme features a humorous interaction between a construction worker, a laborer, and a civil engineer, utilizing classic comedy scenes featuring actors Senthil and Goundamani. In the top panels, the construction worker throws a brick at a laborer, who catches it easily, and then tosses the same brick at the civil engineer, who fails to catch it. The text overlays translate as follows: the worker tells the laborer to catch the brick, to which the laborer replies to throw it over. When the engineer fails to catch the brick, the worker expresses disbelief, asking him why he spent four years in college if he cannot even catch a brick as well as a laborer does. In the final panel, the embarrassed engineer sheepishly asks why they were never taught such skills in college. The facial expressions capture the worker's condescending surprise at the engineer's incompetence and the engineer's awkward, panicked look as he realizes his lack of practical experience.",Negative,Sarcastic,Non-Vulgar,Non-Abusive,Person
image_tamil_0273.jpg,"This image features a still from a Tamil film showing a group of men dressed in white shirts gathered in what appears to be a public or village setting. In the foreground, a man with a distinct hairstyle gestures emphatically toward another man, his expression a mix of urgency and accusation, while others around him watch with serious or concerned looks. The Tamil text overlaid at the top translates to Catch him sir, catch him and put him in jail, sir. The meme captures a moment of dramatic confrontation or reporting, often used in social media contexts to humorously depict someone demanding action or punishment against another person.",Negative,Non-Sarcastic,Non-Vulgar,Non-Abusive,Person
image_tamil_0293.jpg,"The meme features a still from a Tamil film showing an actor in a red shirt sitting at a table with a focused and visibly frustrated or annoyed expression, directed at a person whose back is partially turned to the camera. The text at the top reads Semma kandula irukken, which translates from colloquial Tamil to English as I am extremely frustrated or I am really pissed off. The visual composition, paired with the blunt, informal text, is used to convey a state of intense irritation or boiling anger in response to a frustrating situation or someone else's annoying behavior.",Negative,Non-Sarcastic,Non-Vulgar,Non-Abusive,Person
image_tamil_0058.jpg,"This four-panel image features the popular Tamil comedian Vadivelu playing a bus conductor who is humorously observing passengers pushing a stalled bus from the outside. In the top panels, he wears a slightly confused and stoic expression while monitoring the situation, while the bottom panels capture him looking toward the camera with a startled and dramatic reaction, implying that he has noticed something absurd or unexpected about their collective effort. The overall visual humor lies in the irony of an authority figure witnessing a group of people doing the heavy lifting while he remains detached, and there is no Tamil text overlay on the image, only the watermark for the hosting website roflphotos.com.",Negative,Sarcastic,Non-Vulgar,Non-Abusive,Person
image_tamil_0626.jpg,"This meme nostalgia-driven piece contrasts the practical childhood task of reinforcing a cricket bat with a comical reaction from a popular Tamil cinema scene. The top two panels show a hands-on process where thick white thread is meticulously wrapped around the base and blade of a wooden cricket bat to prevent it from splitting during play. Below these images, a scene featuring comedian Vadivelu and other actors captures a humorous sentiment, with the text overlay in Tamil translating to, ""The struggle we faced to wind thread around a new bat so it wouldn't break!"" Vadivelu’s joyful, animated expression signifies the shared, relatable pride and effort 90s kids felt while performing this DIY maintenance, while his companions look on with expressions of understanding and amusement, collectively highlighting the distinct cultural memory of preserving one's most prized possession during childhood street cricket.",Neutral,Non-Sarcastic,Non-Vulgar,Non-Abusive,Group
image_tamil_0358.jpg,"This meme features a close-up of the popular Tamil comedian Vadivelu, who wears a formal tuxedo and a black hat while sporting a distinctive mustache. His facial expression, characterized by a subtle, pained smile and narrow eyes, perfectly captures a sense of weary frustration or exasperation. The Tamil text overlaid on the image translates to, Do I have to take on so many different avatars just to get a like? I cannot take this anymore, oh god. The combination of his iconic look and the relatable text highlights the struggle of content creators who feel they must constantly reinvent themselves or resort to extreme measures just to gain social media engagement.",Positive,Non-Sarcastic,Non-Vulgar,Non-Abusive,Person
image_tamil_0740.jpg,"This meme features a close-up, comedic expression of the popular Tamil actor Vadivelu, who appears to be contemplating something with a finger pressed to his lips in a pensive or slightly mischievous manner. The text at the top explains that since everyone in his neighborhood calls the name Aishwarya simply as Jus, he decided to be different and called her Variya instead, only to face the unexpected consequences of his actions from the people around him. The bottom text expresses his mock surprise and frustration at the reaction he received for his unique choice of nickname. The overall tone is lighthearted and self-deprecating, relying on Vadivelu's iconic facial expressions to convey the humor of a social misunderstanding.",Negative,Sarcastic,Non-Vulgar,Non-Abusive,Group
image_tamil_0882.jpg,"This meme features a composite image comparing two newspaper headlines from the Hindu Tamil Thisai alongside a reaction image of the famous Tamil comedian Goundamani. The top portion shows a newspaper from yesterday with a headline stating that a Tamil pilot was captured in Pakistan, while the bottom portion shows the same newspaper from today reporting that an Indian pilot is being released, creating a stark contrast in the information provided. Below these headlines is a screen capture of the actor Goundamani looking at a piece of paper with a highly skeptical, unimpressed, and confused expression, which serves as a punchline to highlight the contradictory or confusing nature of the news reporting. The Tamil text labels at the far left translate to yesterday for the top paper and today for the bottom paper, while the underlined headlines translate to Tamil pilot captured in Pakistan and Indian pilot released today, respectively.",Negative,Sarcastic,Non-Vulgar,Non-Abusive,Organization
image_tamil_0427.jpg,"This meme features a still from a Tamil film starring the famous comedian Vadivelu, who is dressed in a bright pink blazer and appears to be in the middle of a lively or argumentative conversation with someone off-camera. His facial expression is animated and slightly exasperated, with his hand gestures suggesting he is trying to make a point or explain a situation. The Tamil text overlay translates to, ""Even if the fight is happening in front or behind, the noise level is just too much, man."" The caption reflects a common comedic trope where the character is complaining about the surrounding chaos or unnecessary commotion while maintaining his distinctively loud and humorous persona.",Neutral,Sarcastic,Non-Vulgar,Non-Abusive,Person
image_tamil_0240.jpg,"This meme features a still from a Tamil film starring the popular comedian Vadivelu, who is depicted with a wide, exaggerated smile and his hands pressed together above his head in a gesture of greeting or farewell. He wears traditional attire and a garland, adopting a persona that is both theatrical and mockingly humble. The Tamil text overlaid at the top translates to, ""Okay, I shall take my leave now; let's meet at the next village council meeting."" The image is frequently used in internet culture to convey a sarcastic or dismissive way of ending a conversation or debate, signaling that the speaker is walking away from an argument with a sense of ironic superiority.",Negative,Non-Sarcastic,Non-Vulgar,Non-Abusive,Person
image_tamil_0050.jpg,"This meme features a still of the popular Tamil comedian Vadivelu wearing a white cloth wrapped around his head and shoulders with a pained, teary-eyed expression of sorrow. Above the image, the Tamil text Aadi Maasam is written in red, and below that, the English words Newly married are overlaid in yellow. In Tamil culture, the month of Aadi is traditionally considered an inauspicious time for newly married couples to consummate their marriage or spend time together, often resulting in them living apart during this period. The humor lies in using Vadivelu's dramatic, distressed facial expression to sarcastically highlight the perceived misfortune of a newly married couple being separated due to these cultural traditions.",Negative,Sarcastic,Non-Vulgar,Non-Abusive,Person
image_tamil_0681.jpg,"This meme features a split-screen composition using stills from an Indian film, highlighting the stereotypical portrayal of government officials in older cinema. The top panel shows an actor with a mustache wearing thick, round-rimmed glasses, while the bottom panel shows an actress wearing similar, large framed glasses while sitting at an office desk. The yellow text overlay reads Madras Memoirs followed by the English and transliterated Tamil phrase, if you are a collector, you should wear a sodabuddi. The term sodabuddi is a colloquial Tamil slang used to describe extremely thick-lensed glasses, likening them to the bottom of a soda bottle, which serves as a humorous commentary on the trope that fictional district collectors or high-ranking officials are almost always depicted wearing heavy spectacles to appear studious or serious.",Negative,Sarcastic,Non-Vulgar,Non-Abusive,Person
image_tamil_0613.jpg,"This meme features a top panel with a photograph of politician Tamilisai Soundararajan accompanied by a Tamil text overlay that translates to ""BJP is not a fascist BJP; it is an affectionate BJP."" Below this, a scene from a Tamil film shows a man speaking expressively to a group, paired with a bottom caption that sarcastically comments on the politician's wordplay, stating ""Super akka, your rhyme and alliteration have even surpassed A.R. Rahman,"" effectively mocking the rhetorical effort made to rebrand the party's image.",Neutral,Sarcastic,Non-Vulgar,Non-Abusive,Other
image_tamil_0757.png,"This meme features a bright green and blue pair of flip-flops positioned against a white background, serving as a humorous metaphor for companionship. The Tamil text overlaid on the image translates to, Do you know who the truest lovers in the world are? It then answers, It is our two slippers; if one is separated, the other cannot live alone. The visual composition relies on the inherent link between a pair of footwear to deliver a lighthearted, observational joke about dependency and devotion in relationships, complete with a radio station branding logo and a host name.",Neutral,Non-Sarcastic,Non-Vulgar,Non-Abusive,Person
image_tamil_0415.jpg,"The image features a scene from a Tamil movie comedy sequence where a group of men stands in a line, with one man seemingly checking or inspecting the heads of the others in front of him. The characters display expressions of frustration, resignation, and mild annoyance, characteristic of a slapstick comedic scenario. The Tamil text overlaid at the top translates to, ""It seems like only men are coming to Inba's [place]... yuck/disgusting."" The caption highlights the character's disappointment at encountering a male-only crowd rather than the expected company, utilizing the visual of the men shuffling in a line to emphasize his irritated state of mind.",Positive,Non-Sarcastic,Non-Vulgar,Non-Abusive,Person
image_tamil_0896.jpg,"This meme features a two-part composition starting with a mock Google search query asking who the search engine's lover is, which returns no results, implying that Google is single. Below this, a still from a Tamil film depicts three men, with one in the center laughing hysterically while a man on the right, labeled as Google, looks on with a neutral expression. The Tamil text overlay translates to ""My goodness, even Google is a single person just like us,"" using humor to relate the perceived loneliness of an AI to the audience's own single status.",Positive,Sarcastic,Non-Vulgar,Non-Abusive,None
image_tamil_0973.jpg,"This four-panel meme features a conversation between an older woman and a man, reflecting the lighthearted, often competitive nature of Tamil cinema fandom. In the first panel, the woman asks, Why didn't you go watch the movie Petta? to which the man replies in the second panel, I only watch Superstar movies. In the third panel, the woman presses him, asking, But isn't Petta a movie starring the Superstar? The man concludes the exchange in the fourth panel with a mischievous expression, responding, Did you hear that Simbu is the new Superstar of Tamil Nadu? The visuals utilize typical expressive reactions from the actors, with the woman looking inquisitive and the man maintaining a stoic yet ironic demeanor to deliver the punchline about the shifting fan perception of who holds the title of Superstar.",Positive,Sarcastic,Non-Vulgar,Non-Abusive,Group
image_tamil_0468.jpg,"This meme features a frame from a Tamil film showing a woman in a blue sari holding the head of a man dressed in a khaki shirt, appearing as though she is forcibly grabbing his hair or head in a moment of intense confrontation. The woman’s expression is animated and slightly aggressive, while the man’s face is obscured as he leans forward. The text overlaid in green Tamil script translates to, It is a big deal that you even liked the post, and now you want me to comment too, followed by three devil emojis. The overall intent of the meme is to humorously mock viewers who feel entitled to expect interactions like comments from content creators when they have barely bothered to hit the like button.",Neutral,Sarcastic,Non-Vulgar,Non-Abusive,Person
image_tamil_0252.jpg,"This three-paneled meme features a classic comedic scene from a Tamil film starring the actor Jayaram, joined by the iconic comedians Vadivelu and Venniradai Moorthy. In the first panel, a man in a beige shirt gestures authoritatively toward his two companions, who look on with expressions of confusion and mild apprehension. In the second panel, the man in the beige shirt lowers his hand while maintaining a stern look, while the man in the red cap appears to be explaining something with a small gesture. By the final panel, the man in the red cap has turned to his friend, placing a reassuring hand on his shoulder while speaking, while the first man looks on with a skeptical and unimpressed glare. The interaction captures a typical trope of slapstick confusion, where a misunderstanding or a failed attempt at an explanation leads to a moment of awkward silence or realization among the characters. There is no Tamil text overlay in the image, only a watermark from the website roflphotos.com.",Negative,Non-Sarcastic,Non-Vulgar,Non-Abusive,Person
image_tamil_0611.jpg,"This meme features a famous still of the Tamil comedian Vadivelu, who appears with his eyes closed and a pained, frustrated expression on his face, perfectly capturing the feeling of being stressed. The image is framed by two lines of Tamil text that highlight the irony of a workplace-life balance struggle. The top line translates to: If I am happy at the office, my wife calls, while the bottom line translates to: If I am happy at home, the manager calls. Together, they create a relatable comedic situation where the person is never allowed to enjoy a moment of peace, regardless of where they are.",Neutral,Sarcastic,Non-Vulgar,Non-Abusive,Group
image_tamil_0128.jpg,"This meme features a still from a Tamil film showing the popular comedian Vadivelu dressed as a police officer while speaking to another officer who looks distressed and is covering his mouth with his hand. The text overlay at the top, written in Tamil, translates to what is the point of feeling bad now, serving as a sarcastic or cynical commentary on a situation where someone is regretting their actions after the damage has already been done. The combination of Vadivelu's inquisitive, slightly mocking expression and the other character's somber, regretful demeanor captures a classic comedic trope used to mock people who act remorseful too late in the process.",Negative,Sarcastic,Non-Vulgar,Non-Abusive,Other
image_tamil_0400.jpg,"This meme features a frame from a Tamil film showing a character with disheveled hair and a distinct, wide-eyed facial expression that conveys a sense of crazed enthusiasm or eccentricity. The person is situated in a dense, outdoor setting surrounded by bamboo-like vegetation, wearing a simple white shirt. The superimposed Tamil text reads ""Jaangu jakku jajakku jakku... jaangu jakku ja,"" which is a nonsensical rhythmic chant or nonsensical exclamation often used in Tamil pop culture to represent chaotic or humorous gibberish. Together, the image and text are used to humorously portray someone acting in a bizarre, incoherent, or overly animated manner.",Negative,Non-Sarcastic,Non-Vulgar,Non-Abusive,Person
image_tamil_0189.jpg,"In this comedic scene from a Tamil film, the iconic actor Goundamani is captured with a terrified and bashful expression, huddled against a wall while holding his own neck in a defensive gesture. Opposite him stands a larger, imposing man who appears to be confronting him. The Tamil text overlaid at the top, ""நான் ஒன்னும் பாக்கலைங்க,"" translates to ""I didn't see anything, sir,"" capturing the character's typical cowardice and his humorous attempt to feign ignorance when caught in an awkward or guilty situation. The contrast between the menacing figure and the comical, cowering pose of the actor is a classic example of situational comedy often used in internet memes to depict someone trying to look innocent while they are clearly at fault.",Neutral,Non-Sarcastic,Non-Vulgar,Non-Abusive,Other
image_tamil_0203.jpg,"This image features a popular Tamil film comedian, Vadivelu, captured in a moment of intense thought or hesitation. He is wearing an orange collared shirt and has a contemplative, slightly nervous expression on his face as he bites his fingernail while staring off to the side. The text overlaid at the top of the image is written in Tamil, which translates to ""What is this fellow trying to say..."" This meme is widely used in South Indian social media culture to express confusion, disbelief, or the act of waiting for someone to finish making a questionable or nonsensical argument.",Positive,Non-Sarcastic,Non-Vulgar,Non-Abusive,Person
image_tamil_0314.jpg,"This meme features a well-known comedic scene from the Tamil movie Friends, starring actor Vadivelu as he attempts a clumsy home improvement task. In the image, Vadivelu is standing in a hallway, holding a light fixture up to the ceiling with a look of extreme frustration and bewilderment on his face, while his castmates watch him from the stairs with skeptical expressions. The text at the top reads Aaniye pudunga venam, which translates to You don't need to pull out the nail, a popular catchphrase used to dismiss an unnecessary or foolish suggestion. The overall composition captures the essence of a failed effort and conveys a sense of exasperated humor, making it a classic template for expressing when someone should simply stop what they are doing.",Negative,Sarcastic,Non-Vulgar,Non-Abusive,Person
image_tamil_0453.jpg,"This meme features the popular Tamil comedian Goundamani in a humorous scene from a film where he is captured mid-air, hanging from a rope with an incredulous and bewildered expression on his face while holding a lime in one hand. His hair is styled in a tall, exaggerated knot beneath a red-checkered head wrap, adding to the absurdity of the moment. The text overlay written in Tamil, which translates to ""What the heck is going on here?"" or ""What is happening here?"", perfectly complements his confused and panicked appearance, making it a classic reaction image used to express surprise or disbelief at confusing situations.",Negative,Non-Sarcastic,Non-Vulgar,Non-Abusive,Person
image_tamil_0422.jpg,"This meme features a split-screen composition showing two iconic Tamil comedians, Goundamani and Senthil, both displaying expressions of comical shock, bewilderment, or disbelief. In the top panel, Goundamani looks slightly dazed with his mouth open, while the bottom panel depicts Senthil looking directly at the camera with wide, frantic eyes and a pursed mouth, perfectly capturing a moment of extreme confusion or sudden realization. The watermark for the website ROFLPHOTOS.COM is visible on the right side of the lower frame, and there is no Tamil text included in this image to translate.",Neutral,Non-Sarcastic,Non-Vulgar,Non-Abusive,Person
image_tamil_0410.jpg,"This image features a screenshot of the popular South Indian actor Vijay, captured during a scene from a Tamil film where he wears a patterned bandana and appears to be speaking intensely to someone off-camera with a frustrated or exasperated facial expression. The word displayed in large, bold text at the top of the frame is the Tamil term Aiyaiyo, which serves as a common exclamation used to express shock, dismay, distress, or a sense of Oh no! in response to an unfortunate or frustrating situation.",Negative,Sarcastic,Non-Vulgar,Non-Abusive,Person
image_tamil_0359.jpg,"This image is a popular meme featuring a scene from a Tamil film where the iconic comedian Vadivelu, wearing a brightly patterned shirt, confronts another actor. Vadivelu is captured in a heated moment with his hand gestures and facial expression indicating he is scolding or lecturing the other man. The Tamil text overlay translates to, ""I am sparing you only out of pity."" The setting appears to be a busy, cluttered street scene, with a yellow road sign pointing toward Gandhi Street visible in the background, serving as a classic example of Tamil cinema humor used to convey a sense of mock frustration or condescending mercy toward someone else.",Negative,Sarcastic,Non-Vulgar,Non-Abusive,Person
image_tamil_0771.jpg,"The image depicts a young, impoverished boy wearing a tattered, striped green shirt, captured in a moment of pure, heartfelt joy as he holds a small piece of food and a small cup of liquid. His wide, genuine smile radiates a sense of overwhelming triumph and contentment, which stands in stark contrast to his obvious state of deprivation. The Tamil text overlaid on the image translates to, ""The smile of this child, who rejoices as if he has conquered the world upon seeing food, speaks of the pain of poverty."" Together, the visual of his ecstatic expression and the poignant caption serve as a powerful commentary on the deep, often invisible struggle of hunger and the profound relief found in even the simplest of meals.",Negative,Non-Sarcastic,Non-Vulgar,Non-Abusive,Person
image_tamil_0333.jpg,"This meme features the popular Tamil comedian Vadivelu looking at the camera with a distinctively annoyed and exhausted facial expression while the actor Vijay stands partially in the frame to his left. The Tamil text overlaid at the top translates to ""You seem to be here just to take my life,"" an idiomatic expression often used in casual conversation to complain about someone who is constantly annoying, nagging, or pestering them. The image is a classic example of using Vadivelu's relatable, expressive humor to convey a sense of exasperation or frustration toward someone else's persistent behavior.",Negative,Non-Sarcastic,Non-Vulgar,Non-Abusive,Person
image_tamil_0217.jpg,"This meme features a two-panel vertical layout showcasing two popular characters from Tamil cinema, often associated with domestic comedy sketches. In the top panel, an older man with a mustache looks wide-eyed and stunned, while the bottom panel shows an older woman with a similar expression of shock or annoyance. The text at the top reads 96 Parithabangal, which translates to 96 Pities or 96 Miseries, a reference to a well-known Tamil web series style. Below the man, the text says Kaamatchi, a common traditional name, while the text next to the woman says Ennanga, a casual way to say What or What is it in Tamil. Together, the image captures a humorous, exaggerated domestic exchange between a husband and wife, portraying a moment of surprise or conflict.",Neutral,Non-Sarcastic,Non-Vulgar,Non-Abusive,Person
image_tamil_0499.jpg,"The image features a scene from a Tamil movie showcasing two men in an emotional, comedic embrace. The man on the left is holding a staff and has a wide, comical expression of mock sorrow, while the man on the right leans into him with his eyes closed and a dramatic, pained expression on his face. In the background, several other men stand observing the interaction in a rural setting. The Tamil text overlay reads Unnai ninaikkumbothu ennala mudiyala, which translates to ""I cannot handle it when I think of you,"" a common meme format used to express exaggerated emotional distress or satirical sentiment.",Positive,Non-Sarcastic,Non-Vulgar,Non-Abusive,Person
image_tamil_0723.jpg,"This meme uses a collage of images to create a crude joke about the appearance of the person's knees. On the left and top right, actress Pooja Hegde is shown posing in a white dress, while the middle right panel provides a zoomed-in, low-quality crop of her knee. This is paired with an image of the late Tamil actor Senthil in the bottom right panel, who is shown making a signature facial expression characterized by squinted eyes and a grimace, implying that the knee's appearance is unpleasant or shocking. There is no explicit Tamil text in this image, but the meme relies on the cultural shorthand of using Senthil's iconic comedic reactions to convey a hyperbolic sense of disgust or disbelief regarding the visual detail pointed out in the preceding panels.",Neutral,Non-Sarcastic,Non-Vulgar,Non-Abusive,Person
image_tamil_0457.jpg,"This meme features a still from a Tamil period film showcasing the iconic comedian Goundamani dressed as a king, gesturing towards his head while standing alongside another man in traditional royal attire. The text overlay translates to saying that just having a tuft of hair on top of your head is not enough, as one also needs wisdom. Goundamani’s expression is mockingly intellectual and condescending, suggesting he is criticizing someone for appearing regal or authoritative while lacking the necessary intelligence to support their position. The humor relies on the juxtaposition of the elaborate, imposing costume with the comedic actor's signature sarcastic delivery, emphasizing that true stature comes from intellect rather than mere outward appearance or status.",Positive,Non-Sarcastic,Non-Vulgar,Non-Abusive,Person
image_tamil_0123.jpg,"This meme features a still from a Tamil film showing a group of village men gathered outdoors, with a central character in a light yellow shirt gesturing emphatically while speaking with a strained, agitated expression. Behind him, another man stares intensely with a serious, slightly stern gaze, while others in the background observe the situation with somber faces. The Tamil text overlaid at the top translates to, ""Like a goat that went missing at the Aal Munchiya festival,"" a humorous comparison used to describe someone who looks lost, confused, or desperately searching for something in a chaotic situation. The bottom left corner includes a small watermark of two popular Tamil comedians, consistent with regional internet meme culture.",Negative,Sarcastic,Vulgar,Non-Abusive,Person
image_tamil_0979.jpg,"This meme features a humorous juxtaposition where two young men are seen riding a bicycle together on a rural road, with one wearing a black Messi jersey and the other a red Ronaldo jersey. The caption in Tamil, which translates to, Messi and Ronaldo on their way to their home countries, uses the visual irony of these global football icons depicted as ordinary local commuters traveling on a bicycle to create a comical scenario. The scene captures the lighthearted fan culture in South Asia, where the intense rivalry and fame of these players are playfully contrasted with the simplicity of the boys' everyday travel, creating an amusing image that suggests a humble journey home for these sports legends.",Positive,Sarcastic,Non-Vulgar,Non-Abusive,Group
image_tamil_0287.jpg,"This meme features the popular Tamil comedian Vadivelu standing in a bright red shirt with a patterned collar, displaying a pensive and skeptical facial expression as he points his finger toward his chin while lost in thought. The text overlay written in Tamil, oruvelai love failure-a irukkumo, translates to perhaps this might be a love failure, capturing a humorous moment of exaggerated self-reflection or ironic speculation. The image serves as a classic reaction template used in internet culture to comically suggest that someone is overanalyzing a situation or attributing an unlikely problem to the disappointment of a failed romance.",Positive,Non-Sarcastic,Non-Vulgar,Non-Abusive,Person
image_tamil_0589.png,"This image features a man dressed in a white collared shirt and a blue cap branded with the logo for Harpic, a toilet cleaning product, holding a bottle of the cleaner while pointing at it with a confident, slightly mischievous smile. The composition is structured as a classic internet meme with yellow text at the top reading Ice Bucket Challenge Is Temporary and white text at the bottom reading Harpic Challenge Is Permanent, creating a satirical juxtaposition between a popular social media viral trend and the ongoing nature of household chores. There is no Tamil text present in the image, as the overlay text is entirely in English, including the watermark on the left that reads Troll Cinema. The man's purposeful gaze and gesture toward the product reinforce the humorous, hyperbolic assertion that the daily reality of cleaning is the only true enduring challenge.",Neutral,Sarcastic,Non-Vulgar,Non-Abusive,Group
image_tamil_0311.jpg,"This meme features a scene from a Tamil film starring the comedian Vadivelu standing between two other men on a bridge surrounded by palm trees. Vadivelu is shirtless with his clothes disheveled and worn, gesturing with his hands while wearing a look of intense frustration, grievance, and defeat. The other two men look on with confused or indifferent expressions, contributing to the comedic atmosphere of the scene. The Tamil text overlaid at the top reads, Asingap paduthittangale anne, which translates to ""They have humiliated/disgraced me, brother!"" This combination of his distressed expression and the desperate cry of injustice is frequently used in Tamil internet culture to humorously express feelings of being insulted, embarrassed, or taken advantage of in various social situations.",Negative,Sarcastic,Non-Vulgar,Non-Abusive,Person
image_tamil_0878.jpg,"This meme uses a popular two-panel template featuring the iconic Tamil comedian Goundamani to mock the disconnect between actor Rajinikanth and his fanbase in Tamil Nadu. The top portion displays a 2019 congratulatory tweet sent by Rajinikanth to Narendra Modi following the general election results, while the lower panels show Goundamani looking at a blank piece of paper with a deadpan, unimpressed expression. The text overlay identifying the person on the right as TN ppl (Tamil Nadu people) and the person on the left as Rajini conveys the joke that, while the actor was publicly celebrating the political victory, his fans and the general public in Tamil Nadu were left speechless or unimpressed, represented by the empty, blank document held in the meme.",Neutral,Sarcastic,Non-Vulgar,Non-Abusive,Organization
image_tamil_0183.jpg,"The image features a scene from a popular Tamil movie showing two men, with the man on the right sitting in a luxurious chair with a dismissive, upward-waving hand gesture, while the man on the left looks toward him with an expression of disbelief or annoyance. The overlay text, which is written in a mix of Tamil and English script as Ithellam oru page ah??, translates to Is this even a page? This phrase is typically used in internet meme culture to mock social media accounts or content creators that post low-quality, uninteresting, or recycled material, expressing frustration and disdain toward the worthlessness of the content being presented.",Negative,Sarcastic,Non-Vulgar,Non-Abusive,Other
image_tamil_0408.jpg,"This two-panel image features the popular Tamil comedian Vadivelu standing in front of a temple entrance while wearing a brightly colored, multicolored shirt. In the top panel, he has his back to the camera with his hands clasped above his head in a gesture of prayer or supplication. In the bottom panel, he has turned around to face the camera with a look of utter bewilderment, confusion, and exasperation, holding his arms out to the sides as if questioning why his request was not fulfilled or expressing shock at an unexpected turn of events. There is no Tamil text overlay on the image, only the recurring watermark for a website.",Positive,Non-Sarcastic,Non-Vulgar,Non-Abusive,Other
image_tamil_0704.jpg,"This image captures a humorous, pun-based meme featuring three tigers soaking in a large, round metal tub filled with brownish water that resembles tamarind extract, commonly used as a base for the South Indian dish rasam. The Tamil text overlay translates to, ""Hey, I asked you to soak the tamarind for the rasam... you seem to have misunderstood it,"" playing on the visual similarity between the tigers in the water and the culinary process of soaking tamarind. The tigers appear calm and stoic as they sit in the water, their neutral expressions contrasting with the absurdity of the suggestion that they are ingredients being prepared for a meal. The rustic, outdoor setting of the enclosure further emphasizes the ironic juxtaposition between wild animals and the domestic task of cooking mentioned in the caption.",Negative,Sarcastic,Non-Vulgar,Non-Abusive,Person
image_tamil_0846.jpg,"This meme features a two-panel composition using famous imagery from Tamil cinema to express anticipation for upcoming television programming. The top panel shows the feet of a person wearing a traditional dhoti, paired with the Tamil word iruku, which translates to it is there or we have it. The bottom panel displays a close-up of the iconic character Velu Nayakar from the film Nayakan, who bears a intense, focused facial expression. The top text explains that the films Mankatha and Tiruppachi will air on Sun TV the following day, while the bottom caption reads, Naalaiku social media'la full entertainment iruku, which translates to there will be full entertainment on social media tomorrow, implying that fans will be busy discussing and reacting to these movies online.",Neutral,Sarcastic,Non-Vulgar,Non-Abusive,Other
image_tamil_0496.jpg,"This meme features a close-up shot of the popular Tamil comedian Vadivelu lying flat on his back, eyes closed and mouth slightly agape in a state of deep, relaxed slumber. The humorous tone is set by the Tamil text overlay, which translates to: What a pleasure it is to sleep peacefully on a holiday, lying flat on one's back and snoring away. The image perfectly captures the universal joy and comfort of sleeping in on a day off, using the actor's iconic comedic facial expression to emphasize the feeling of pure, undisturbed relaxation.",Positive,Non-Sarcastic,Non-Vulgar,Non-Abusive,Person
image_tamil_0360.jpg,"This meme features the popular Tamil comedian Vadivelu wearing a vibrant, decorative ceremonial headpiece and a yellow floral garland, looking downward with a pensive, slightly smug, and calculating facial expression as he touches his nose. The text overlay written in Tamil, translated as ""Whether I am boasting or blustering, it is enough if four people believe what I say,"" captures the humorous essence of a person who is comfortable with being insincere or exaggerating as long as they successfully manipulate others into believing their narrative. The image is a classic example of Vadivelu's comedic persona, which often relies on portraying characters who are hilariously delusional, dishonest, or overly confident in their own fabricated importance.",Negative,Non-Sarcastic,Non-Vulgar,Non-Abusive,Person
image_tamil_0197.jpg,"This meme features a still from a classic Tamil movie comedy scene involving actors Goundamani and Senthil. In the image, Goundamani is seen speaking animatedly and gesturing with his hand while looking at Senthil, who appears confused and slightly disheveled with his shirt partially open. The text overlay at the top is written in Tamil as Neengallam thirundhave mattingala da, which translates to Are you people ever going to change your ways? The overall visual context conveys a sense of frustration or mock exasperation, frequently used in social media to express disbelief or annoyance at the repetitive or foolish behavior of others.",Neutral,Non-Sarcastic,Non-Vulgar,Non-Abusive,Person
image_tamil_0307.jpg,"This meme features a still from a Tamil film showing the actor Vivek, whose face is covered in dark soot, pleading with his hands held out in a desperate, humorous gesture while two other men, including actor Suriya, watch him with confused expressions. The Tamil text overlaid at the top translates to, God, please do not touch my salary, which creates a comical contrast between the character's ragged, distressed appearance and the relatable, everyday frustration of wanting to protect one's hard-earned income from deductions or expenses.",Negative,Sarcastic,Non-Vulgar,Non-Abusive,Person
image_tamil_0112.jpg,"This image is a popular Tamil comedy meme featuring the well-known actor Senthil, who is looking toward the camera with a puzzled, skeptical, and slightly unimpressed facial expression. The Tamil text displayed at the top reads ""Ennachchi?"", which translates to ""What happened?"" or ""What's the matter?"" The overall aesthetic conveys a sense of confusion or disbelief, typically used in social media contexts to react to something illogical, unexpected, or ridiculous. A small watermark in the lower-left corner identifies the source as a collection of Tamil comedy memes.",Neutral,Non-Sarcastic,Non-Vulgar,Non-Abusive,Other
image_tamil_0956.jpg,"This meme features a montage of various screenshots depicting the Indian film actor Rajinikanth in diverse roles and styles from his earlier career, set against a backdrop that highlights his iconic status in cinema. The top text reads 21 years before, Nagma had Imagino Romanso Philia, a play on the title of the famous song Ilamai Thirumbudhe from the movie Petta, which translates from Tamil to English as Youth is returning. The images capture Rajinikanth across decades, showing him in formal wear, playing a trumpet, wearing traditional attire, acting as a police officer, and displaying varied facial expressions ranging from confident and heroic to comedic and expressive. The overall composition serves as a nostalgic celebration of the actor's enduring screen presence and youthful energy that has spanned several decades in the film industry.",Positive,Sarcastic,Non-Vulgar,Non-Abusive,Person
image_tamil_0416.jpg,"This meme features a scene from a Tamil film where a man in a plaid shirt stands over another man lying on the ground dressed in pink traditional clothing, creating a scene of humorous intimidation. The man standing points authoritatively at the person on the ground, who appears to be knocked out or playing dead, emphasizing a power dynamic often used in internet comedy. The Tamil text overlay translates to, If you post like this again, there won't be a head left to hold your hair bun, which acts as a hyperbolic and threatening warning to those who share annoying or undesirable content online. The overall tone is playful and reflects a common trend in South Indian social media culture, where film stills are repurposed to jokingly threaten others against posting irritating content.",Negative,Non-Sarcastic,Non-Vulgar,Non-Abusive,Person
image_tamil_0340.jpg,"This meme features a still from a Tamil film showing three men sitting in a row, all wearing matching white shirts and traditional vibhuti marks on their foreheads while holding white handkerchiefs over their mouths. Their facial expressions are stoic, serious, and somewhat suspicious, creating an atmosphere of secrecy and enforced silence. The Tamil text overlaid at the top, nam vaaye thirakkakkoodathu, translates to we should not even open our mouths, which humorously emphasizes their collective decision to remain silent, likely in a situation where speaking could lead to trouble or disclose a secret.",Negative,Non-Sarcastic,Non-Vulgar,Non-Abusive,Person
image_tamil_0776.jpg,"This meme features a frame from a film starring the Indian actor Vijay, who is dressed in a professional black suit and tie, looking directly at the camera with a calm, composed, and slightly questioning expression while seated at a desk. The overlaid text includes English subtitles stating, At least let me know the reason I have been summoned here, which is accompanied by a line of Tamil text that translates to, Please tell me the reason for the arrest, sir. The image is commonly used in social media contexts to humorously depict situations where someone feels confused or unfairly targeted by authority or social expectations, serving as a template for expressing frustration when one is being interrogated or questioned without knowing the cause.",Neutral,Sarcastic,Non-Vulgar,Non-Abusive,Person
image_tamil_0895.jpg,"This meme juxtaposes a scene from the Tamil film Viswasam, where actor Ajith Kumar is shown performing a wedding ritual by tying a thaali (sacred thread) around a bride’s neck, with a humorous edit in the bottom panel. In the bottom half, a photo of director Vignesh Shivan has been superimposed onto a scene featuring actor Vijay sitting at a table. The text overlay reads, Naa iruka vendiya idam, which translates to ""That is the place where I should be."" The meme playfully implies that Vignesh Shivan, who is the real-life partner of the actress Nayanthara, is jokingly expressing a desire to replace the lead actor in the wedding scene of the film.",Negative,Sarcastic,Non-Vulgar,Non-Abusive,Person
image_tamil_0274.jpg,"This meme features a well-known still of the popular Tamil comedian Goundamani, who is shown looking intensely confused and frustrated while scratching his head in a state of bewilderment. He is standing in front of a Coca-Cola display stand, and his pained facial expression perfectly encapsulates the feeling of being completely perplexed by a situation. The text overlaid at the top is written in Tamil as ""ஒண்ணுமே புரியலையே,"" which translates to ""I don't understand anything at all"" or ""nothing is making sense,"" serving as a relatable reaction image for users expressing confusion or an inability to comprehend something happening in their lives.",Negative,Non-Sarcastic,Non-Vulgar,Non-Abusive,Person
image_tamil_0672.jpg,"This meme features two identical still frames from a Tamil film, each showing actors Vivek and Santhanam laughing with their hands raised in a gesture of exaggerated excitement. The top frame contains the Tamil text ""NGK 1st part illayam,"" which translates to ""They say it is the first part of NGK,"" while the bottom frame includes a Joker graphic and the text ""LKG 2nd partam,"" meaning ""The second part of LKG."" The meme uses the actors' jubilant expressions to mockingly imply that the films NGK and LKG are linked or sequels, likely poking fun at fans or media reports that make such unfounded or confusing claims about these movies.",Negative,Sarcastic,Non-Vulgar,Non-Abusive,Group
image_tamil_0890.png,"This meme features a close-up, aggressive-looking photograph of the late South Indian actor Vijayakanth, who is pointing his fist directly toward the viewer with an intense, furious expression. The image is overlaid with text that humorously parodies the frustration of receiving repetitive game notifications, specifically targeting Candy Crush requests by swapping the words to read if you send one more gandy grush request i will grush your gandies. In the upper left corner, there is a gaming-style logo featuring a grim reaper motif, while the lower right corner displays the branding for Chennai Memes. The overall composition uses the actor’s famous hyper-masculine and dramatic film persona to comically exaggerate the petty annoyance of social media gaming spam.",Negative,Sarcastic,Non-Vulgar,Non-Abusive,Group
image_tamil_0158.jpg,"This meme features a still image of the popular Tamil comedian Vadivelu, who appears to be in an outdoor setting at night wearing a white sleeveless vest. He has his eyes closed and his hands placed over his chest in a gesture that conveys exaggerated confidence, theatrical arrogance, or a humorous attempt at being heroic. The Tamil text overlaid on the image translates to, Don't worry, I am the one who is going to save the honor of Tamil Nadu. The contrast between the grandiose, self-important message and the actor's typically slapstick, comedic persona creates an ironic effect, often used in internet culture to mock individuals who make inflated claims about their own importance or their ability to solve complex social or political issues.",Positive,Sarcastic,Non-Vulgar,Non-Abusive,Other
image_tamil_0540.jpg,"This meme uses a popular still from the Tamil film Mankatha to mock the corporate sentimentality of the Mumbai Indians cricket team. In the top panel, the character on the left labeled Ambani holds up an image of his cricket players carrying a banner that reads, ""Thank you to the largest family in the world,"" projecting a sense of pride in his massive fan base. In the bottom panel, the character on the right, labeled as IPL fans, reacts with a skeptical expression, and the Tamil text ""ithu yallam nambura mari ah ga irruku"" translates to ""is all of this even believable?"" The overall visual context suggests that fans are cynical about the billionaire owner’s attempt to characterize a commercial cricket franchise as a genuine family, framing the marketing effort as forced or insincere.",Positive,Non-Sarcastic,Non-Vulgar,Non-Abusive,Group
image_tamil_0974.png,"This meme features a humorous juxtaposition between an advertisement for Aswini Hair Oil and the appearance of the man speaking into a microphone. The man in the image is completely bald, which directly contradicts the implied promise of the product. The Tamil text overlaid on the image translates to, I have been using Aswini Hair Oil for 60 years, and now my hair fall has stopped completely, signifying the irony that the product has seemingly done nothing to prevent his total hair loss. His expression remains earnest while he speaks, highlighting the absurdity of a hair growth testimonial coming from someone with no hair, turning a standard brand advertisement into a sarcastic critique or joke about the efficacy of such hair care products.",Positive,Sarcastic,Non-Vulgar,Non-Abusive,Group
image_tamil_0269.jpg,"This meme features a still from a popular Tamil film starring comedians Vadivelu and actor Vijay. On the left, Vadivelu sports a distressed and inquisitive facial expression while looking toward Vijay, who sits on the right looking somewhat somber and contemplative. The text overlay written in Tamil, pavam avare confuse-aagitaaru, translates to poor guy, he himself has become confused. The image captures a classic comedic interaction where the visual dynamic between the two actors emphasizes a sense of shared bafflement or awkward realization, making it a frequently used template to poke fun at someone who is struggling to understand a situation.",Positive,Non-Sarcastic,Non-Vulgar,Non-Abusive,Person
image_tamil_0801.jpg,"This meme compares a scene from the film 96 featuring Vijay Sethupathi and Trisha with a similar-looking shot from the movie Gulu Gulu featuring Santhanam and Athulya Ravi. The top half shows both pairs riding a motorcycle, suggesting a visual parallel between the two films. Below this, a screenshot from a different Tamil movie depicts an actor holding up two different sandals and looking confused, with the accompanying Tamil text translated as, Why are these two things looking exactly the same? The meme uses this comedic template to poke fun at the perceived similarity between the two cinematic moments, implying that the second film might be imitating the romantic aesthetic or staging of the first.",Neutral,Sarcastic,Non-Vulgar,Non-Abusive,Person
image_tamil_0821.jpg,"The meme features an image of a man working at a street food stall, skillfully preparing multiple dosas on a large, blackened hot plate heated by an open fire beneath it. The top text overlay in Tamil translates to even if they prepare it by hitting it with a broom, while the bottom text translates to we eat the hotel dosa without any shame. The humor relies on a satirical observation about street food culture, suggesting that people are willing to ignore or overlook unhygienic preparation methods because they find the taste of restaurant-style dosas irresistible. The man in the image remains focused on his cooking, unaware of the implied commentary on the sanitary standards of the environment.",Neutral,Sarcastic,Non-Vulgar,Non-Abusive,Other
image_tamil_0659.jpg,"This meme features a humorous image of two young men riding a bicycle together on a quiet, sunlit road near a temple in Kerala, India. The person driving the bike is wearing a black jersey with Messi printed on the back, while the passenger is wearing a red jersey with Ronaldo printed on the back. The Tamil text overlay translates to, ""Messi and Ronaldo on their way to their home countries,"" and is accompanied by laughing and heart-eye emojis, mocking the idea of these two global soccer icons traveling together on a humble bicycle as they head home. Both individuals are seen from behind, facing forward toward the road, and they appear to be unaware of the photo being taken as they travel through the rural setting.",Neutral,Sarcastic,Non-Vulgar,Non-Abusive,Person
image_tamil_0875.jpg,"This comparative meme features a split-screen layout contrasting a real-life political event with a scene from a Tamil comedy film. The top panel shows Indian Prime Minister Narendra Modi engaged in conversation alongside former Tamil Nadu Chief Minister Edappadi K. Palaniswami, who is laughing heartily, with a security guard in sunglasses positioned between them. The bottom panel replicates this composition using a still from a Vadivelu comedy sketch, where an agitated actor in a patterned black shirt gestures intensely toward a colleague, while a character played by the famous comedian Vadivelu mirrors the laughing expression of the politician in the panel above. The visual juxtaposition uses the comedic scene to satirize the political interaction by equating the politician’s reaction with the slapstick expressions of the actors, highlighting the parallel through their similar positioning and emotional displays.",Neutral,Sarcastic,Non-Vulgar,Non-Abusive,Person
image_tamil_0194.jpg,"This meme features a close-up photograph of the prominent Indian actor Prakash Raj with a stern, deadpan expression as he holds a single finger to his nose in a gesture suggesting silence or a warning. The text overlay, written in Tamil, reads Kovam vara mathiri comedy pannathe, which translates to don't do comedy that makes me angry. The overall visual tone conveys a sense of frustration or intolerance toward someone else's behavior, positioning the actor as a person who has lost patience with a nonsensical or irritating joke.",Negative,Non-Sarcastic,Non-Vulgar,Non-Abusive,Person
image_tamil_0809.jpg,"The top panel of the meme features a romantic, close-up photograph of film director Vignesh Shivan and actress Nayanthara sharing an intimate moment with their foreheads touching. The bottom panel depicts a scene from a Tamil comedy film featuring actor Vadivelu, who appears distressed and frustrated while surrounded by others. The text overlay on the bottom panel assigns the labels Vignesh Shivan and Nayan fans to different characters in the scene, while the Tamil caption Intha Tha**li Vera translates to this nuisance again or this problem again, serving to humorously portray the frustration of Nayanthara's fans regarding the frequent romantic posts shared by the couple.",Negative,Sarcastic,Vulgar,Abusive,Person
image_tamil_0462.jpg,"This meme features a screenshot from a Tamil film showing the iconic comedian Goundamani speaking intensely to another man, with his signature comical yet dramatic facial expression and a raised finger indicating he is giving a lecture or clarification. The Tamil text overlay translates to, It is only body language, there is nothing else inside, serving as a humorous commentary on situations where someone’s outward gestures or demeanor do not align with any actual substance or intelligence.",Positive,Non-Sarcastic,Non-Vulgar,Non-Abusive,Person
image_tamil_0406.jpg,"This meme features a close-up, dramatic shot of the late Tamil actor Vijaya T. Rajendar, known for his intense and recognizable screen presence. With a stern, slightly suspicious, and inquisitive expression, he is captured looking directly at the camera while adjusting his mustache with his hand. The superimposed yellow text in Tamil reads Ennangada! Crupula aattam jaasthiya irukku???, which translates to What is this! Is the group performance or mischief a bit too much? The overall tone of the image conveys a sense of mock disbelief or skepticism, making it a popular reaction template used to call out someone for acting out of line or for being overly boastful in a group setting.",Negative,Non-Sarcastic,Non-Vulgar,Non-Abusive,Person
image_tamil_0988.jpg,"This meme features two panels contrasting the expressions of two contestants from the reality television show Bigg Boss Tamil. In the upper panel, a woman is shown speaking with a somewhat empathetic or consoling expression under the caption Don't worry Julie, while the lower panel shows another woman, identified as Julie, looking visibly upset or sullen as she rests her chin on her hand. The text overlay positioned at the bottom serves as a sarcastic or humorous punchline, stating There is Always Someone, Somewhere worse off than you. While there is no Tamil text present in the image other than the watermark ""Cinema paridhabangal"" at the top, the context relies on the known interpersonal dynamics and public perception of these contestants within the show's narrative.",Positive,Sarcastic,Non-Vulgar,Non-Abusive,Other
image_tamil_0200.jpg,"This meme features a still from a Tamil film showing two men sitting together outdoors, with one man gesturing while speaking intently to his listener, who maintains a calm and focused expression. The text overlay written in Tamil translates to, Go and tell this to someone who sits and eats puffed rice during a cyclone, which is a colloquial way of dismissing someone's statement as unbelievable, dramatic, or highly unrealistic. The overall tone of the image uses this sarcastic expression to mock someone for sharing exaggerated or untrustworthy information.",Negative,Non-Sarcastic,Non-Vulgar,Non-Abusive,Person
image_tamil_0937.jpg,"In this scene, a man with a jovial expression and sunglasses resting on his forehead is feeding a piece of food to a woman dressed in a police uniform. The woman has an intense, wide-eyed, and slightly distressed or shocked expression as she consumes the food. The image features Tamil text at the top which translates to ""The state of the public,"" creating a satirical commentary. The meme relies on the juxtaposition of the professional authority figure in a compromising, vulnerable position being fed by a member of the general public, suggesting a humorous or ironic take on social dynamics and roles.",Neutral,Non-Sarcastic,Non-Vulgar,Non-Abusive,Person
image_tamil_0341.jpg,"This meme features a well-known still of the iconic Tamil comedian Goundamani, captured with a shocked expression, wide eyes, and an open mouth. The man is wearing a traditional head wrap and a white undershirt, looking directly at the camera with an intense, comedic look of disbelief. At the top of the image, the Tamil text reads ""Vaai pilakka vaitha pathivu,"" which translates to ""A post that made [my] mouth gape open"" or ""A post that left me stunned."" The image is commonly used in social media threads to express extreme surprise, astonishment, or disbelief at a piece of information or a particularly shocking post.",Negative,Sarcastic,Non-Vulgar,Non-Abusive,Person
image_tamil_0492.jpg,"This meme features a still from a classic Tamil comedy film starring the actors Goundamani and Senthil. In the image, Goundamani is seen holding a cloth to his mouth with a distressed and panicked expression, while Senthil stands beside him looking shocked and concerned. The Tamil text overlaid at the top translates to, What, has our senior passed away? The scene captures a moment of comedic confusion or dramatic reaction, using the actors' signature exaggerated facial expressions to frame a humorous or sarcastic comment about someone reaching the end of their career or life.",Positive,Non-Sarcastic,Non-Vulgar,Non-Abusive,Person
image_tamil_0664.jpg,"This meme features a still from a Tamil film showing a group of people sitting in a movie theater, with a top text overlay in Tamil that reads Enga Vote ah Eppo sir Ennuvinga, which translates to When, sir, will you count our votes? The two men labeled Seeman and Kamal look down with somber, downcast expressions while sitting in the dim theater lighting, effectively using the scene to portray a sense of frustration, disappointment, or irony regarding political accountability or the delayed results of electoral processes in Tamil Nadu. The stark contrast between the cinematic setting and the direct, cynical question about democratic procedure highlights the common satirical practice of using popular movie clips to mock contemporary political figures and situations.",Neutral,Sarcastic,Non-Vulgar,Non-Abusive,Person
image_tamil_0302.jpg,"This meme features a close-up screen capture of the popular Tamil comedian Vadivelu, known for his expressive and often skeptical facial reactions. In this image, he is captured with a raised eyebrow and a dubious, slightly questioning gaze, conveying a sense of mock sincerity or ironic disbelief. Above his head, the Tamil text reads velangidum, which translates literally to it will flourish but is almost exclusively used as a sarcastic expression in this context, meaning it will never work out or you are doomed to fail. The image serves as a common internet reaction template used to mock someone's foolish plans, poor decisions, or unrealistic expectations.",Positive,Non-Sarcastic,Non-Vulgar,Non-Abusive,Person
image_tamil_0038.jpg,"The image features a classic comedic scene from a Tamil film starring actors Senthil and Goundamani, where Goundamani is seen speaking intensely to Senthil, who looks down with a somewhat clueless or sheepish expression while holding a small bundle of money. The Tamil text overlay translates to, ""What feeling are you having? I am asking you if you have any feeling or not,"" which is a humorous rhetorical question often used in memes to mock someone who is acting oblivious or failing to react appropriately to a situation. The visual interplay between Goundamani's aggressive, questioning stance and Senthil's blank look encapsulates a dynamic of frustration, making it a popular template for situations involving awkward interactions or dense individuals.",Negative,Sarcastic,Non-Vulgar,Non-Abusive,Person
image_tamil_0455.jpg,"This meme features a still from a Tamil film showcasing the popular comedian Vadivelu in a red shirt standing alongside another man in a red vest, both looking toward someone off-screen with skeptical and unimpressed expressions. The Tamil text overlaid at the top translates to ""I can hear your mind voice,"" which is a common phrase used to sarcastically suggest that the speaker knows exactly what someone else is thinking about them, often implying that the other person's thoughts are foolish or transparent. The comedic tension is highlighted by the characters' deadpan facial expressions, making it a classic template for reacting to someone who is silently judging others or hiding obvious intentions.",Negative,Non-Sarcastic,Non-Vulgar,Non-Abusive,Person
image_tamil_0907.jpg,"This black-and-white portrait features a smiling man dressed in a formal white shirt with a dark garment draped over his shoulder, a look commonly associated with politicians or public figures in Tamil Nadu. His expression is one of warmth and approachability, characterized by a soft smile and gentle eyes. The text overlaid on his shirt is written in Tamil script and translates to S. Udhayanna, which is a respectful honorific term meaning Elder Brother Udhayan, likely serving as a tribute or an identifying label used by his supporters or followers.",Negative,Sarcastic,Non-Vulgar,Abusive,Person
image_tamil_0094.jpg,"This meme features a still from a South Indian film showing two men anxiously staring at a computer screen, with a caption at the top that reads Watching result on online The server is loading. The man on the left appears nervous and contemplative with his hand held near his mouth, while the man on the right has an expression of intense shock or worry. In the bottom left corner, a small logo containing two comic characters is present with the text Tamil Comedy Memes, which is the native language label for the specific style of humor found in this genre of internet content. The overall composition captures the universal feeling of suspense and frustration experienced when waiting for important information to appear on a slow or overloaded website.",Neutral,Non-Sarcastic,Non-Vulgar,Non-Abusive,None
image_tamil_0281.jpg,"This meme features a still from a Tamil film showing the popular comedian Vadivelu looking bewildered and deeply confused while standing opposite a woman who appears to be talking to him with an intense or animated expression. The text at the top reads, ""Soru thanae thingura,"" which translates from Tamil to English as ""You are only eating rice, right?"" The humor lies in the disconnect between the woman’s serious or dramatic demeanor and the mundane, trivial nature of the question being asked, creating a classic reaction template used to mock someone who is overreacting to a very simple or insignificant situation.",Positive,Non-Sarcastic,Non-Vulgar,Non-Abusive,Person
image_tamil_0527.jpg,"This three-panel meme features a popular comedic scene from a Tamil film starring actors Vadivelu and Livingston, using a classic deadpan dialogue structure to poke fun at the movie trailer for the film VRV. In the first frame, the character labeled as Simbu declares in Tamil, Ne vesham podura Raja Na Poranthula Irrunthu Raja Dhan, which translates to I have been a king since I was born, even if you are just acting like one. In the second frame, the character labeled as the villain looks on with a confused expression as he asks, Athu Eppadi Irruka Mudium, meaning How is that even possible? In the final frame, the first character maintains a blank, stoic expression while delivering the punchline, Na Porantha Udaney En Peru Raja Nu Vechitanga, which translates to Because they named me Raja the moment I was born. The meme humorously highlights the protagonist's self-importance in the trailer by contrasting a grand, philosophical-sounding claim with a mundane, literal explanation.",Neutral,Sarcastic,Non-Vulgar,Non-Abusive,Person
image_tamil_0552.jpg,"The meme features a split-screen composition that uses humor to lament the struggle of finding a marriage partner. The top frame shows a blurry, dramatic scene of Rajinikanth from a movie, accompanied by Tamil text that translates to marriage is not something that ends at the third attempt. Below it, the bottom frame features a well-known, frustrated facial expression from the comedian Vadivelu, labeled as 90s kids, with text beneath him that translates to the fourth attempt is about to finish, and still, I have not found a girl. Together, the imagery and text convey the cynical frustration of millennials who remain unmarried despite numerous attempts at finding a bride.",Positive,Sarcastic,Non-Vulgar,Non-Abusive,Group
image_tamil_0727.jpg,"This meme uses a popular Tamil cinema template to comment on political criticism. At the top, the actor in the first panel is labeled as Kamal (referring to actor-politician Kamal Haasan) with a caption above him reading ""Godse... the first Hindu terrorist,"" which alludes to a controversial remark he made in 2019. The second panel features an actor labeled as the Tamil people, who expresses frustration through a caption that translates to, ""I feel like cursing you... after seeing the election results, are you still alive?"" The imagery relies on the contrast between the first character's lighthearted expression and the second character's exasperated look to depict public dissatisfaction and the political fallout of Kamal Haasan's comments following his party's electoral performance.",Negative,Sarcastic,Non-Vulgar,Non-Abusive,Person
image_tamil_0006.jpg,"This meme features a close-up, disgruntled expression from the popular Tamil comedian Senthil, who is looking slightly off-camera with a skeptical and annoyed frown. His furrowed brows and unimpressed gaze convey a sense of disbelief or irritation toward someone else's behavior. Superimposed in yellow text at the top is the Tamil phrase Konjam adakki vaasinga, which translates to please tone it down or take it easy. The overall composition is a common template used in social media to sarcastically tell someone to stop showing off or to lower their intensity during a heated or exaggerated situation.",Positive,Non-Sarcastic,Non-Vulgar,Non-Abusive,Person
image_tamil_0596.jpg,"This meme uses two still images of Indian actor Ajith Kumar to depict the running style of sprinter Usain Bolt during his competitive 100-meter races. In the top panel, labeled with the yellow text First 50 meters, the actor appears distressed and pained, representing the intense struggle and high physical effort Bolt exhibits at the start of a race when he is still accelerating. The bottom panel, labeled Last 50 meters, shows the same actor with a relaxed, joyful, and wide-mouthed smile, humorously contrasting the initial strain with the effortless way Bolt would cruise past his competitors and celebrate as he approached the finish line.",Positive,Non-Sarcastic,Non-Vulgar,Non-Abusive,Person
image_tamil_0782.jpg,"This meme uses a four-panel grid from the Tamil film Chandramukhi to highlight the irony of societal expectations regarding marriage. The top panels feature actress Dhanya Balakrishna holding a child, accompanied by text that translates to, Oh my god, I am already married and have a child. The bottom panels show actress Nayanthara dancing or moving about, with the text stating, But my elder sister is still not married. The humor relies on the contrast between the younger sister's settled domestic life and the single status of the elder sibling, a common trope in South Indian family dynamics, as the images depict the lighthearted contrast between their two life stages.",Negative,Sarcastic,Non-Vulgar,Non-Abusive,Person
image_tamil_0208.jpg,"This image features the popular Tamil comedian Vadivelu looking bewildered and distressed, his white shirt noticeably stained with dirt or grime, which highlights the comedic chaos of the scene. His expression captures a sense of shock and disbelief, often used in internet culture to react to ridiculous or over-the-top situations. The yellow text overlay at the top reads Idhellam over lollu, which translates from Tamil to English as This is all too much drama or This is completely over the top.",Negative,Non-Sarcastic,Non-Vulgar,Non-Abusive,Person
image_tamil_0363.jpg,"This meme features a still shot from a popular Tamil comedy film scene involving the actor Vadivelu, who appears in two separate historical costumes—one on the left dressed as a king or commander and another on the right in a turban. Both versions of the character are captured with their mouths open, looking upward with exaggeratedly dramatic and intense facial expressions that suggest a state of extreme shock, confusion, or a theatrical declaration. The Tamil text overlay at the top reads ""Por. Aamam Por,"" which translates to ""War. Yes, war."" The combination of the melodramatic posing and the simple, blunt dialogue highlights the humorous juxtaposition of high-stakes historical warfare tropes with the character's typical bumbling and comedic persona.",Positive,Non-Sarcastic,Non-Vulgar,Non-Abusive,Other
image_tamil_0774.jpg,"The meme features a split-screen design with text at the top and a classic comedic movie still at the bottom. The Tamil text translates to: ""Do you know the difference between a cow and a mosquito? The cow gives its blood as milk, whereas the mosquito drinks our blood as milk. Put the stones down below and let's talk this out,"" followed by four laughing emojis. The bottom panel displays a scene from a Tamil film starring the comedian Vadivelu, who is shown in a yellow shirt looking stern and defensive, holding his collar as if he is about to start a confrontation. The juxtaposition of the absurd philosophical comparison with the comedian's aggressive yet humorous stance is intended to provoke laughter by suggesting a mock-serious debate over a nonsensical biological claim.",Negative,Sarcastic,Non-Vulgar,Non-Abusive,Group
image_tamil_0913.jpg,"This four-panel meme features scenes from the Tamil film Enthiran, depicting a humorous interaction between two friends discussing the supernatural. In the top panels, the man labeled Me asks if ghosts exist and what they look like, while the other man responds that ghosts are terrifying to behold. In the bottom panels, the first man points at his best friend, who is also labeled as Bestie, and concludes that since his friend is a ghost, they must certainly exist. The Tamil text translates to the first man asking if ghosts exist and how they appear, the second man stating that they are scary to see, and the final caption confirming that because his best friend is a ghost, then ghosts must be real.",Neutral,Sarcastic,Non-Vulgar,Non-Abusive,Group
image_tamil_0265.jpg,"This two-panel image captures a comedic scene from a Tamil movie featuring the actor Vadivelu as a frightened man covered in white powder, standing next to a bald, shirtless man holding a wooden staff. In the top panel, Vadivelu holds out his hands in a pleading or confused gesture while the man with the staff looks toward him. In the bottom panel, both men appear to be in the middle of a tense or absurd dialogue, with Vadivelu maintaining a look of distress and the other man gesturing emphatically. The text overlay, which is a watermark for roflphotos.com, does not contain Tamil language content, and the scene is widely recognized in South Indian internet culture as a popular template for portraying situations of helplessness, confusion, or being caught in a ridiculous predicament.",Negative,Non-Sarcastic,Non-Vulgar,Non-Abusive,Person
image_tamil_0124.jpg,"This meme features the popular Tamil comedian Vadivelu in a scene where he is gesturing intensely while holding a mobile phone. With a stern and aggressive facial expression, he points a finger at the device as if issuing a warning or threatening the person on the other end of the call. The Tamil text overlaid on the image translates to, If you get caught by me now, you will be crushed to pieces, keep that in mind. The image captures a classic comedic moment often used in social media contexts to depict a humorous or exaggerated sense of confrontation or warning.",Negative,Non-Sarcastic,Vulgar,Non-Abusive,Other
image_tamil_0442.jpg,"This meme features the popular Tamil comedian Vadivelu captured in a close-up shot with a questioning and exasperated facial expression, his mouth slightly agape and his hands raised in a gesture of confusion or disbelief. The text overlay at the top of the image is written in Tamil, which translates to ""What exactly are you trying to say now?"" The meme is commonly used in online social media conversations to express frustration or mock someone who is being vague, long-winded, or incomprehensible in their explanation.",Negative,Sarcastic,Non-Vulgar,Non-Abusive,Person
image_tamil_0795.jpg,"This three-panel comic features the popular Be Like Bro character interacting with his father. In the first panel, the son asks his father to buy him a new mobile phone. The father responds in the second panel by saying that the current phone must break before they can consider buying a new one. In the final panel, the son is shown crying while holding a classic, nearly indestructible Nokia 3310 phone, lamenting in Tamil that the device will never break so he can get a replacement. The humorous irony lies in the well-known reputation of the Nokia 3310 for being practically indestructible, rendering the father's condition impossible for the son to meet.",Negative,Sarcastic,Non-Vulgar,Non-Abusive,Person
image_tamil_0402.jpg,"This meme features a frame from a Tamil film showing a man in the foreground pointing aggressively at someone off-camera, accompanied by a woman and an older man looking on with serious and concerned expressions. The yellow text overlay at the top, which translates to ""You stand on the side and watch the fight,"" reflects a confrontational or dismissive tone, suggesting a situation where the speaker is commanding someone to stay out of a conflict and remain a passive observer. The characters' stern faces and the man's pointed gesture emphasize the intensity of the scene, typically used in social media context to mock someone who is getting unnecessarily involved in matters that do not concern them.",Negative,Non-Sarcastic,Non-Vulgar,Non-Abusive,Person
image_tamil_0277.jpg,"This meme features the popular Tamil comedian Vadivelu captured in a medium close-up shot, wearing a patterned button-down shirt and sporting his signature hairstyle. He is looking directly at the camera with a suspicious and knowing facial expression, holding up his index finger as if to signal that something is amiss or that he has uncovered a secret. The text overlaid at the top in Tamil, ""எதோ சம்பவம் நடந்திருக்கு,"" translates to ""Something has happened here,"" or more colloquially, ""Something big has gone down."" The overall tone conveys a sense of humorous realization, implication, or the suspicion that an unexpected event has occurred, making it a common template for social media reactions involving intrigue or hidden truths.",Positive,Non-Sarcastic,Non-Vulgar,Non-Abusive,Person
image_tamil_0098.jpg,"This two-panel meme features a popular comedic scene from Tamil cinema. The top panel depicts an older man with a mustache and glasses looking upward with a questioning or indignant expression, surrounded by a crowd of onlookers. The bottom panel shows the famous comedian Vadivelu standing in the foreground with a skeptical and unimpressed look on his face, reacting to the situation in the previous frame. The small text logo in the corner, which includes the word Tamil, serves as a watermark for the source website, roflphotos.com, and indicates the meme's origin in the Tamil film industry. The overall composition captures a classic comedic contrast between an oblivious or dramatic character and a cynical observer, a common trope used to express confusion, disbelief, or the absurdity of a situation.",Neutral,Non-Sarcastic,Non-Vulgar,Non-Abusive,None
image_tamil_0668.png,"This meme is a dark humor joke presented in white Tamil text against a solid black background. The text uses a play on words regarding the Tamil term mayangavillai, which can mean both to be unimpressed or unaffected by someone and to be physically unconscious or fainted. The top two lines translate to I winked at her, but she was not impressed, while the bottom two lines translate to I hit her with a wooden stick, and she fainted immediately. The humor relies on the subversion of a romantic trope, where a common flirting attempt fails, and the narrator resorts to sudden, literal violence to achieve the desired reaction of her losing consciousness.",Neutral,Sarcastic,Non-Vulgar,Non-Abusive,Person
image_tamil_0677.jpg,"This humorous meme uses a photoshopped image of N. Srinivasan wearing the iconic spacesuit from the film Interstellar to jokingly explain a cricket match incident as a science fiction event. The text overlays combine English and Tanglish, with the phrase Dei Badavas.. Mama vithai erakifying in 4th dimention da!! roughly translating to Hey rascals, uncle is dropping his magic in the 4th dimension. The right side of the image features a three-panel sequence from a Chennai Super Kings versus Delhi Daredevils match, showing Albie Morkel hitting a shot that unexpectedly drops to the ground as if affected by a sudden increase in gravity, ultimately resulting in a boundary. The overall intent is to mockingly suggest that the unlikely ball trajectory during the final moments of the game was a result of supernatural manipulation rather than typical cricket physics.",Neutral,Sarcastic,Non-Vulgar,Non-Abusive,Other
image_tamil_0213.jpg,"This meme features a still image of the Indian film actor Rajinikanth surrounded by a crowd of reporters and police personnel while holding a press conference. He is wearing glasses and a tan shirt, pointing his finger forward with an intense, stern, and slightly frustrated expression as he addresses the media. The text overlay at the top is written in Tamil, which translates to ""Hey... do you have any other questions??"", serving as a humorous way to express exhaustion or irritation toward someone asking repetitive or unnecessary questions.",Positive,Non-Sarcastic,Non-Vulgar,Non-Abusive,Person
image_tamil_0632.jpg,"This meme features the popular Tamil comedian Vadivelu in two frames, both displaying a look of profound disbelief and frustration. In the first panel, he expresses exasperation, while in the second, he gestures as if making a point about absurdity. The Tamil text translates to, ""Is it really necessary to wait for six days just for the meat curry cooked on a Sunday?"" The humor lies in the hyperbolic frustration of having to endure an entire work week just to look forward to a specific weekend meal, capturing the common feeling of longing for a special Sunday tradition while trapped in the monotony of daily life.",Negative,Sarcastic,Non-Vulgar,Non-Abusive,Person
image_tamil_0166.jpg,"This meme features a still from a classic Tamil film showing the actor Vivek dressed in traditional clothing with his arms outstretched as if in a state of confused explanation, surrounded by a group of men who are looking at him with expressions of doubt and skepticism. The text overlaid in Tamil reads, ""Believe me, Ambi! They are lady friends I gained because of my Uppuma post. I didn't send a request to anyone."" The humor lies in the irony of the character desperately trying to convince his skeptical peers that his female social media connections were organic and not the result of him actively pursuing them, playing on the common trope of people making excuses for their online activity.",Positive,Sarcastic,Non-Vulgar,Non-Abusive,Person
image_tamil_0090.jpg,"This four-panel image features the popular Tamil comedian Vadivelu in a dramatic scene from a film where he is restrained by metal chains, appearing as if he is behind bars. In the top two frames, he conveys a sense of shock, disbelief, and intense seriousness while gazing off-camera. In the bottom two frames, his expression shifts to one of aggressive indignation and frustration, culminating in him pointing a finger and shouting toward someone, clearly conveying a sense of being wronged or demanding an explanation for his current predicament. There is no Tamil text overlay on this specific version of the meme, but the visual sequence is universally recognized in South Indian pop culture to represent moments of sudden realization, confrontational outrage, or the feeling of being unfairly trapped in a difficult situation.",Positive,Non-Sarcastic,Non-Vulgar,Non-Abusive,None
image_tamil_0686.jpg,"This meme features a split-screen composition using stills from Tamil cinema, centered on a humorous interaction between characters portrayed by actors Karthi and Vadivelu. The top text reads, ""Hmm... acting quite well,"" which serves as the setup. The bottom text, aimed at the character played by the comedian Vadivelu, translates to, ""Hey, big-mouth, he is actually acting well... are you even capable of doing any proper acting?"" The visual context highlights a contrast between the serious, composed demeanor of the first character and the bewildered, iconic facial expression of Vadivelu, which is frequently used in internet culture to depict confusion or being out of the loop. The overall tone is sarcastic, using the popular comedian's recognizable image to mock an insincere or incompetent person by pointing out the hypocrisy of their criticism.",Negative,Sarcastic,Non-Vulgar,Non-Abusive,Person
image_tamil_0682.jpg,"This two-panel meme uses a scene from a Tamil film to depict an interaction between aggressive fans and the actor they follow. In the top frame, a man with a stern expression and a bindi on his forehead is gesturing aggressively while labeled as the fans, and the overlaid Tamil text translates to, Hey, you are coming to take an interview with a microphone in your hand, get up and go inside, go inside. The bottom frame features an older woman shielding her eyes while peering forward, labeled as the actor STR, representing his reaction of dismissively ignoring or avoiding the unwanted media presence.",Negative,Sarcastic,Non-Vulgar,Non-Abusive,Person
image_tamil_0679.jpg,"This meme features a humorous juxtaposition between an action movie still and classic reaction images from Tamil cinema. The top panel shows an actor performing a dramatic, gravity-defying stunt mid-air, reminiscent of a superhero jump. Below this, the left panel displays a confused man holding a cup, questioning if the figure above is Spider-Man. The right panel shows a woman smiling coyly while covering her mouth, with the Tamil text, ""Aiyoo adhu namma Puratchi Thalapathy da ambi,"" which translates to, ""Oh, that is our revolutionary leader [an honorific title often used for specific stars], you silly boy."" The meme creates a comedic effect by contrasting the exaggerated nature of the action sequence with the grounded, fan-centric dialogue of the observers.",Neutral,Sarcastic,Non-Vulgar,Non-Abusive,Person
image_tamil_0616.jpg,"This meme juxtaposes the official movie poster for the 2019 Indian Tamil-language superhero film Hero, starring actor Sivakarthikeyan holding a sleek superhero mask, with a still from a popular Tamil comedy scene featuring actor Vadivelu. In the bottom half, the character is wearing the same mask awkwardly over his face, looking disheveled and slightly dazed with a bruised nose and a blank expression. The text overlay identifying the character as Krish is a playful jab, likely mocking the contrast between the intense, polished aesthetic of the film's marketing and the humorous, unrefined look of the edited image, implying that the reality of a hero figure might be far less glamorous than the promotional materials suggest.",Neutral,Sarcastic,Non-Vulgar,Non-Abusive,Person
image_tamil_0435.jpg,"This meme features a scene from a popular Tamil film starring the comedian Goundamani and his frequent co-star Senthil, set in a rural outdoor setting. In the image, a man stands while gesturing toward another man who is sitting and holding a small yellow object, while two others look on in the background. The text at the top reads, The license photocopy is here... where is the original? and the response at the bottom says, That is what this is! The humor relies on the absurdity of the tiny, nondescript item being presented as the original document, juxtaposed with the serious, deadpan expressions of the characters involved.",Positive,Non-Sarcastic,Non-Vulgar,Non-Abusive,Other
image_tamil_0832.jpg,"This meme juxtaposes a promotional post from Vijay Television with a reaction image featuring a bewildered-looking man. The top portion shows a Facebook post for the Tamil serial Chinna Thambi, which includes a scene of a romantic embrace and Tamil text announcing the show airs every Monday to Friday at 9:30 PM. Beneath this, the bottom image shows the popular Tamil actor Senthil peering through foliage with a shocked and skeptical expression. The caption at the bottom, written in Tamil, translates to What are you doing, Vijay TV uncle? The meme humorously mocks the television channel for broadcasting romantic or intimate content, with the actor's confused reaction serving as a comedic commentary on the perceived inappropriateness or unexpected nature of the show's content.",Neutral,Sarcastic,Non-Vulgar,Non-Abusive,Other
image_tamil_0850.jpg,"This meme uses two screenshots from a scene in the Tamil movie Kaththi, featuring the actor Vijay. In the top panel, a woman asks what IPL is in Tamil, while the bottom panel shows Vijay explaining the concept with a serious and slightly cynical expression. The Tamil text translates to: what is IPL? and it is the act of mocking our own Indian players to find joy among ourselves. The visual focuses on the contrast between the question and the sarcastic, critical nature of the explanation, highlighting the toxic side of sports fandom where fans often disparage their own national players for entertainment.",Neutral,Sarcastic,Non-Vulgar,Non-Abusive,Other
image_tamil_0332.jpg,"This two-panel image features a popular scene from a Tamil film featuring the well-known comedian Vadivelu. In the top frame, a young boy holds a green object while looking intensely toward an unseen person, creating a sense of impending mischief or confrontation. The bottom frame shows the comedian Vadivelu reacting with a look of visible distress, covering his face with his hands as if expecting to be hit or pelted by the object held by the boy. The small watermark at the top left includes a logo and the Tamil word for Tamil, followed by the website address roflphotos.com, which serves as a source for regional comedy memes. The meme is typically used to represent situations where someone is about to face an unavoidable or humorous consequence at the hands of a person in a position of power or unexpected authority.",Negative,Sarcastic,Non-Vulgar,Non-Abusive,Person
image_tamil_0172.jpg,"This meme features a close-up, high-intensity expression from a South Indian film comedian, characterized by wide, bulging eyes and a tense, slightly aggressive mouth, which conveys a sense of shock, intimidation, or mock horror. The Tamil text overlaid at the top reads ""paakka bayangarama irukkinga,"" which translates to ""you look terrifying"" or ""you look fierce."" The image is frequently used in internet culture to sarcastically react to someone’s intimidating appearance, a surprisingly bold statement, or a situation that has taken a sudden, intense turn.",Negative,Non-Sarcastic,Non-Vulgar,Non-Abusive,Person
image_tamil_0829.jpg,"This meme features a two-panel interaction using still images from Tamil cinema to create a humorous exchange about salt in food. In the top panel, the actress Trisha Krishnan is shown holding a microphone and asking in Tamil, Unga tooth paste la uppu irukka?, which translates to, Does your toothpaste have salt in it? The bottom panel features the popular comedian Vadivelu, who looks back with a dazed and disgruntled facial expression as he responds in Tamil, Enga college saapadulaye uppu illa, Unaku toothpaste la uppu kekudha?, meaning, There is no salt even in our college food, are you asking for salt in toothpaste? The contrast between the mundane question about toothpaste ingredients and the cynical, relatable complaint about poor-quality cafeteria food creates a comedic effect that highlights the frustration of college students.",Neutral,Sarcastic,Non-Vulgar,Non-Abusive,Other
image_tamil_0756.jpg,"This meme juxtaposes the trailer of the movie NGK with the classic film Ayutha Ezhuthu, both starring actor Suriya, to express a sense of disappointment or skepticism. The left side features posters for the two films, while the right side displays three frames of the popular Tamil comedian Vadivelu. In the first two frames, his hand gestures indicate a dismissal or rejection of the movie NGK in favor of the critically acclaimed Ayutha Ezhuthu. In the final frame, labeled with the text me, he wears a blank, unimpressed facial expression, effectively conveying the audience's letdown when comparing the new project to the legacy of the actor's past work.",Negative,Sarcastic,Non-Vulgar,Non-Abusive,Person
image_tamil_0594.jpg,"This meme features a satirical commentary on film director Atlee, known for his controversial penchant for drawing heavy inspiration from previous movies. The image is a four-panel composition consisting of a disc labeled Master Copy, a traditional prayer lamp being lit, and a screenshot from the Tamil film Ayan featuring actors Soori and Suriya. The text on the disc reads Aandavan Kattalai, while the meme labels Soori as Atlee and Suriya as Kalpathi, the producer. The bottom caption, written in Tamil, translates to Even the person who wrote the original story for the film wouldn't have performed this much puja, mocking the irony of Atlee treating his derived works with such excessive reverence and ritualistic dedication. The actors' expressions show a mix of bewilderment and earnest explanation, further emphasizing the sarcastic critique of Atlee's filmmaking style.",Neutral,Sarcastic,Non-Vulgar,Non-Abusive,Person
image_tamil_0604.jpg,"This meme features a four-panel sequence from an Indian film depicting a tense interaction between a customs official and a traveler. In the top panels, the official asks, in Tamil, what the person's problem is, while the traveler responds by curtly telling him to mind his words. In the bottom panels, the official switches to an aggressive English inquiry, asking what the fuck is wrong with you, to which the traveler calmly smiles and retorts that the tone is much better. The humor derives from the traveler’s calm, unimpressed reaction to the official’s escalation, highlighting a sarcastic power dynamic where the traveler prefers the directness of the profanity over the previous condescending tone.",Neutral,Sarcastic,Vulgar,Abusive,None
image_tamil_0018.jpg,"This meme features a popular still from a Tamil film starring the comedian Vadivelu, who appears with his face covered in dark soot or paint, gesturing with his hands in an expression of frustration or mock disbelief. The text overlay written in Tamil, Innumada idhayellam nambikittu irukkinga, translates to Are you still believing all of this. The combination of his exaggerated, soot-covered look and the cynical tone of the text is frequently used in social media contexts to mock individuals who continue to believe in rumors, false news, or naive ideas despite overwhelming evidence to the contrary.",Positive,Non-Sarcastic,Non-Vulgar,Non-Abusive,Person
image_tamil_0621.png,"The image shows a hand holding a classic DIY paper fortune teller, a simple origami toy traditionally used by children to play prediction games. The paper is folded into a four-pointed shape with the words green, blue, purple, and red written on each of the outer flaps, reflecting a common nostalgic childhood pastime. The text overlaid at the top of the image asks, Remember you did this as a child?, serving as a prompt to evoke fond memories of schoolyard play and the simplicity of paper-based entertainment. There are no facial expressions visible as the focus remains entirely on the hand-held object and the accompanying nostalgic message, and there is no Tamil text present in the image to translate.",Positive,Sarcastic,Non-Vulgar,Non-Abusive,Person
image_tamil_0944.jpg,"This meme uses a popular courtroom scene featuring the comedian Vadivelu to illustrate the relatable tension of sibling rivalry regarding academic performance. In the top panel, the text labeled as sibling translates to Father, you have given him the rank card, implying a tattletale moment where one sibling reveals the other's test results. Vadivelu, acting as the judge, looks on with a stern expression. The bottom panel features a large smirk emoji over the sibling's face, accompanied by text that translates to, He will know how to handle it, so be quiet, representing the smug attitude of a sibling who is about to face the consequences of being exposed or is simply taunting their counterpart. The juxtaposition of the serious courtroom setting with the petty, familiar dynamic of siblings creates a humorous take on familial conflict.",Negative,Sarcastic,Non-Vulgar,Non-Abusive,Person
image_tamil_0150.jpg,"This meme features a still of the popular Tamil comedian Vadivelu, who appears to be lost in thought or deep contemplation while touching his lip with his finger. The text overlay written in Tamil translates to ""It seems like he is in love with someone without us even knowing,"" which is often used in social media contexts to mockingly suggest that a friend is secretly dating someone or hiding a relationship. The combination of his skeptical, observant facial expression and the humorous caption creates a sarcastic tone typically used to tease peers about their suspected romantic interests.",Neutral,Non-Sarcastic,Non-Vulgar,Non-Abusive,Other
image_tamil_0278.jpg,"This meme features a still from a classic Tamil comedy film depicting a humorous and absurd scenario where a man dressed as a woman lies in bed, looking upward with a deadpan expression while another man sits in the background observing with a bewildered or concerned look. The text overlay written in Tamil reads Happy Fake Idols Day!, which adds an ironic layer to the visual by implying a sarcastic celebration of impersonation or deceit. The contrast between the cross-dressing character's relaxed posture and the confused observer’s gaze emphasizes the comedic awkwardness typical of regional cinema slapstick humor.",Negative,Non-Sarcastic,Non-Vulgar,Non-Abusive,Person
image_tamil_0729.jpg,"This meme features a black-and-white still of the popular Tamil comedian Goundamani from a film, standing in a desolate, sun-drenched outdoor setting. He appears to be gesturing with his hands in a questioning or frustrated manner, capturing a look of exasperation that perfectly complements the humorous tone of the text. The Tamil overlay translates to a sarcastic suggestion that just as the government provides relief funds for cyclone and rain-related disasters, they should also allocate relief funds for the extreme summer heat, humorously complaining that the scorching sun is becoming unbearable to endure.",Neutral,Sarcastic,Non-Vulgar,Non-Abusive,Person
image_tamil_0064.jpg,"This meme features a still from a popular Tamil movie comedy scene involving actors Vadivelu and Ponnambalam, who are standing outdoors in a casual setting. Vadivelu, dressed in a plaid shirt, wears a weary and annoyed expression while holding up his hand in a gesture signaling for someone to stop. Ponnambalam stands beside him, looking toward him with a slight, knowing smile. The Tamil text overlaid at the top translates to Enough, stop it right here... I cannot take it anymore, a phrase commonly used in social media contexts to express exasperation, frustration, or the desire to end a tiresome conversation or situation.",Positive,Non-Sarcastic,Non-Vulgar,Non-Abusive,None
image_tamil_0272.jpg,"This meme features a close-up still of the popular Tamil comedic actor Vadivelu, who rests his head on his hand with a deadpan, slightly weary, and cynical facial expression that suggests he is unimpressed or resigned to an outcome he predicted. The text overlaid at the top of the image is written in Tamil and translates to I knew even back then that things would turn out like this, capturing a sense of sarcastic foresight or the feeling of being unsurprised by an inevitable misfortune. The overall composition highlights the actor's iconic comedic style, using his deadpan demeanor to humorously convey the universal experience of having an ""I told you so"" moment when faced with a predictable failure.",Negative,Sarcastic,Non-Vulgar,Non-Abusive,Person
image_tamil_0806.jpg,"This meme uses a four-panel split-screen format featuring two popular Tamil cinema actors, Nasser on the left and Vadivelu on the right, to humorously compare serious Hollywood horror films with the increasingly absurd installments of the Tamil horror-comedy franchise Kanchana. In each panel, Nasser wears a confused and serious expression while Vadivelu appears to be explaining something with intense, comedic gestures. The text below them correlates classic Western horror titles like The Conjuring, Insidious, and The Nun with the progressively sillier sequels of the Kanchana series. The final panel features the Tamil colloquialism deiii, a common expression of exasperation or disbelief used here to mock the repetitive and declining quality of the later films in the Kanchana franchise, which the meme labels with growing hesitation as Kanchana 4 uh.",Neutral,Sarcastic,Non-Vulgar,Non-Abusive,Group
image_tamil_0205.jpg,"This meme features a still from a Tamil film showing two men in a heated confrontation, captioned with the text After rejected on interview to set the scene. On the left, the person labeled #ME wears an orange shirt and displays an angry, dismissive facial expression while gesturing with his hand as if shooing the other person away. On the right, the individual labeled #HR looks back with a confused and slightly offended expression. The Tamil text overlaid on the image, poda neeyum un velaiyum, translates to get lost, you and your job, which serves as a humorous reaction from a candidate who has just been rejected and is pretending to be uninterested in the position to save face.",Negative,Sarcastic,Non-Vulgar,Non-Abusive,Person
image_tamil_0525.jpg,"This two-panel meme features a popular scene from a Tamil film starring actors Mayilsamy and Vadivelu, who are engaged in a whispered conversation against a red background. In the top panel, the text identifies the man in the white shirt as Mark mama and notes that he and his friend are celebrating a one-year anniversary, while Vadivelu wears a neutral, inquisitive expression. In the bottom panel, the text #me is placed over Vadivelu, who is now gesturing with his hand and sporting a skeptical, dismissive smirk as he delivers the punchline. The Tamil text Enaku avan yarune theriadhu translates to I don't even know who he is, highlighting the comedic irony of someone being confused about the very person they are ostensibly celebrating a milestone friendship with.",Negative,Sarcastic,Non-Vulgar,Non-Abusive,Person
image_tamil_0733.jpg,"This meme uses a two-panel comparison to mock the perceived lack of support for politician Deepa Jayakumar during the 2019 Indian general election season. The top panel features a news broadcast from March 15, 2019, showing Deepa Jayakumar alongside a Tamil text overlay that invites interested candidates to submit their nomination applications for the parliamentary and by-elections on behalf of her party, the MGR Amma Deepa Peravai, on the 16th and 17th of that month. The bottom panel presents a contrasting visual of a completely empty, sprawling green field viewed through a window, implying that nobody showed up to apply for the candidacy. The juxtaposition serves as a satirical commentary, using the stark silence of the empty landscape to suggest that her political appeal was virtually nonexistent at the time.",Neutral,Non-Sarcastic,Non-Vulgar,Non-Abusive,Person
image_tamil_0617.jpg,"This meme features a photo of a hair salon named Vantha Vettuvom, which translates from Tamil to We Will Cut Once We Arrive, a name that implies a slightly aggressive or threatening tone rather than a professional one, leading to the humorous caption in Tamil which translates to How can we trust them and go in when the name of the shop itself sounds like this. The text is accompanied by surprised and amused emojis, highlighting the irony of a grooming business choosing a name that sounds like a threat, contrasting the friendly nature of a beauty salon with the intimidating literal meaning of its branding.",Neutral,Sarcastic,Non-Vulgar,Non-Abusive,Group
image_tamil_0998.jpg,"This meme consists of two panels featuring a young woman interacting with a calf in an outdoor setting, accompanied by a cartoon caricature of a bearded man smoking a pipe at the bottom. In the top panel, the woman has a shocked and pained expression as the calf firmly bites onto her hand. In the second panel, her expression shifts to one of playful affection as she leans in to kiss the animal's forehead while it continues to gnaw on her hand. The text caption beneath the images reads Girls Will Be Girls, which serves to mockingly generalize the woman's reaction to the animal's rough behavior as inherently feminine, while the cartoon figure acts as a cynical observer of the situation.",Negative,Sarcastic,Non-Vulgar,Non-Abusive,Group
image_tamil_0773.jpg,"This meme features a close-up photograph of a goat eating fresh banana leaves, presented with a cynical observation about life. The Tamil text translates to: ""They give leaves to the goat... then they slaughter the goat and serve meat on the leaves... this is life!"" The top text introduces the irony by stating that leaves are given to the goat, while the bottom text explains the darker progression where the goat is eventually killed and its meat is served back on the very leaves it was once fed. The goat’s expression, marked by wide, somewhat intense eyes while it chews, underscores the dark humor of the situation by highlighting the animal's oblivious state in the face of its inevitable fate. The overall message serves as a cynical metaphor for how life often follows a cycle of ironic and tragic consumption.",Neutral,Sarcastic,Non-Vulgar,Non-Abusive,Person
image_tamil_0685.jpg,"This meme consists of three panels that use a contrast between an audience and a famous actor to mock the people shown. The top two panels depict a studio audience clapping and smiling during a televised event. Below them, the third panel features Tamil actor Vijay pointing his finger while looking stern and unimpressed. The Tamil text overlay at the bottom translates to, ""These are all people who should be in a mental asylum,"" serving as a disparaging comment on the audience members' enthusiasm, using the actor’s serious expression to frame the audience as irrational or foolish.",Neutral,Sarcastic,Non-Vulgar,Non-Abusive,Person
image_tamil_0250.jpg,"This meme features a close-up shot of the popular Tamil comedian Vadivelu lying down with a look of extreme shock, wide eyes, and an open mouth. His bewildered facial expression captures a moment of intense confusion or disbelief, typically used in social media contexts to represent someone being caught off guard or learning a surprising piece of information. The Tamil text overlay, Sollaveyillai, translates to I wasn't even told or I didn't even tell you, emphasizing the feeling of being kept in the dark or reacting to a revelation that was completely unexpected.",Negative,Sarcastic,Non-Vulgar,Non-Abusive,Person
image_tamil_0580.jpg,"This meme juxtaposes a classroom update with a popular Tamil film still to poke fun at an overzealous student. The top section displays a school announcement list detailing that addition, multiplication, and subtraction were taught on consecutive days in January 2019, revealing a nonsensical and unconventional order of operations. Below this, a scene from a Tamil movie features the comedian Goundamani looking at his co-star Senthil with a confused and exasperated expression while gesturing as if asking what the noise is about. The Tamil text overlay translates to ""I know you are a topper, but only now I realize you are a math lunatic,"" humorously reacting to the illogical study schedule presented above by implying that such intense or disordered academic planning is sheer madness.",Neutral,Non-Sarcastic,Non-Vulgar,Non-Abusive,Person
image_tamil_0019.jpg,"This meme features a popular comedic scene from a Tamil film starring actors Vadivelu and another performer. The top text overlay reads Tag That Innocent Friend, setting the stage for a humorous commentary on naive behavior. On the left, the man wears a pink headscarf and stares blankly ahead with a wide-eyed, vacant expression that suggests complete cluelessness or a lack of understanding regarding a situation. Beside him, the actor on the right displays a look of deep skepticism or mild annoyance, with his eyes partially squinted as if he is judging the obliviousness of his companion. The contrast between the bewildered, blank gaze of one character and the cynical, weary reaction of the other perfectly captures the dynamic of a person who is confused by something that everyone else finds obvious.",Positive,Non-Sarcastic,Non-Vulgar,Non-Abusive,Person
image_tamil_0675.jpg,"This meme features a still from an Indian television drama depicting three women in a kitchen setting, characterized by dramatic lighting and serious, somber facial expressions typical of the genre. Overlaid on the image is the text ""Common Logics of Indian Serials,"" followed by a Tamil caption that translates to, ""How four people come together to ruin a perfectly happy family... that is the same thing."" The meme serves as a satirical commentary on the repetitive and often hyperbolic plot devices found in Indian soap operas, which frequently center around domestic conspiracies and the destruction of familial harmony.",Negative,Sarcastic,Non-Vulgar,Non-Abusive,Group
image_tamil_0109.jpg,"The image features a scene from a Tamil movie set in a village gathering, where a man wearing a red shirt and yellow shorts stands prominently in the foreground while pointing expressively toward someone off-camera, his face showing a mix of shock and disbelief. He is surrounded by a crowd of onlookers in a traditional temple or village square setting, all of whom appear to be observing the unfolding situation with varying degrees of curiosity and concern. The white Tamil text overlaid at the top, ""எங்க தலக்கு எவ்வளோ தில்லு பாத்தியா..?,"" translates to ""See how much courage our leader (Thala) has, right?"". The overall composition conveys a dramatic and humorous moment commonly found in Tamil cinema, emphasizing the character's awe at an act of bravado or audacity performed by a central, implied leader within the story.",Positive,Sarcastic,Non-Vulgar,Abusive,Person
image_tamil_0830.jpg,"This meme features a close-up image of a young, fair-skinned child looking directly at the camera with a puzzled and slightly annoyed expression while scratching their head, conveying a sense of confusion or relatable frustration. The text overlay is written in Tamil and presents a humorous contrast between traditional reading and social media usage. The top text translates to ""No matter which book I look at, I feel so sleepy,"" while the bottom text translates to ""But when I look at Facebook, I don't feel sleepy at all, damn it."" The image effectively captures the common modern experience of being bored by productive activities like reading but becoming instantly alert and engrossed when scrolling through social media.",Neutral,Sarcastic,Non-Vulgar,Non-Abusive,Other
image_tamil_0676.jpg,"This meme contrasts the innocent expectations of one character with the cynical reality held by another, using stills from classic Tamil cinema. In the top left panel, a police officer named Malik is seen with a man named Singaaram, with a caption in Tamil that translates to it looks like he is going to outdo even us in brotherly affection. In the top right panel, a stern-looking police officer named Petta Velan replies with a warning in Tamil, stating Malik, be a good person, but do not be too good. The bottom panel shows a wide, empty field labeled with a bomb blast caption, serving as a dark comedic punchline that implies the situation escalated into an explosive or disastrous outcome rather than the sentimental moment previously suggested.",Neutral,Sarcastic,Non-Vulgar,Non-Abusive,Person
image_tamil_0929.jpg,"This meme features a split-screen format using stills from a popular Tamil film scene to comment on India's performance in the 2019 Cricket World Cup. In the top panel, the actor Vijay, labeled as MSD (Mahendra Singh Dhoni), is walking away while the actor Vadivelu, labeled as Koli (Virat Kohli), looks at him in confusion. The bottom panel shows Vadivelu walking away alone carrying a bag, representing the feeling of abandonment or disappointment during the 2019 tournament. The inclusion of a Joker mask image on the right adds a layer of dark humor, suggesting a cynical or mocking perspective on the team's loss. There is no specific Tamil text to translate, as the labels utilize English nicknames for the prominent cricketers.",Negative,Sarcastic,Non-Vulgar,Non-Abusive,Person
image_tamil_0884.jpg,"This meme features a still from a Tamil film showing two men in a living room, with a text overlay at the top reading, When birthday boy put wishes screenshots on status, and a bottom caption in Tamil that translates to, We are just showing that we have friends. On the left, a man labeled as the birthday boy sits calmly on a sofa reading a newspaper, appearing indifferent or self-absorbed. Standing on the right, a man wearing a towel and a patterned shawl gestures toward him with a look of mock exasperation or judgment, representing the perspective of friends who find the act of publicly sharing birthday messages on social media statuses to be a performative attempt to prove one's popularity.",Neutral,Sarcastic,Non-Vulgar,Non-Abusive,None
image_tamil_0347.jpg,"This meme features a close-up shot of the popular Tamil comedian Vadivelu, who wears a skeptical and mocking facial expression as he looks off to the side with a smirk. The text overlay written in Tamil highlights a humorous contrast between two groups of people: the top line translates to ""Some people are conducting research on whether humans can live on the moon,"" while the bottom line says, ""But these people are busy worshipping the moon because they claim they see Sai Baba's face in it."" The meme uses Vadivelu’s iconic expressive face to sarcastically mock those who prioritize superstitious beliefs over scientific exploration.",Negative,Non-Sarcastic,Non-Vulgar,Non-Abusive,Person
image_tamil_0451.jpg,"This meme features a close-up, dramatic shot of the popular Tamil comedian Vadivelu, who wears a skeptical and suspicious facial expression with furrowed brows and a tightened jaw. The image is overlaid with the Tamil text, ithula etho thillalangadi velai irukkum pola thonuthe, which translates to, it feels like there is some kind of trickery or fishy business going on here. The caption perfectly captures the essence of the comedian's classic reaction to finding something suspicious, making it a staple template used across social media to express doubt, skepticism, or the feeling that something is not quite right in a given situation.",Negative,Non-Sarcastic,Non-Vulgar,Non-Abusive,Person
image_tamil_0597.jpg,"This meme features a two-panel comparison depicting a humorous interaction between a man labeled Balaji Mohan and another representing the character Mari. In the top frame, the two men are shaking hands, accompanied by the Tamil text Seri vidu maari 3 la pathuklam, which translates to ""Okay, let it be, we shall see in Maari 3."" In the bottom frame, the same two men are standing with their hands pressed together in a respectful namaste or prayer gesture, labeled with the caption Rest is history. The visual humor relies on the contrast between the friendly, professional dismissal in the first panel and the ironic, exaggerated gesture of reverence in the second, suggesting that their promise to collaborate on a future sequel resulted in a disastrous outcome rather than a productive one.",Neutral,Sarcastic,Non-Vulgar,Non-Abusive,Person
image_tamil_0045.jpg,"This meme features a still from a Tamil film showing two men standing face-to-face in what appears to be a salon or dressing area, with the man on the right wearing dark sunglasses and the man on the left looking at him with a serious, slightly confrontational expression. The Tamil text overlaid on the image translates to, ""Just because you are wearing cooling glasses, do you think you are a big Ajith Kumar in your mind? Take them off!"" The caption humorously mocks someone for trying to emulate the iconic look of the famous Tamil actor Ajith Kumar by simply wearing sunglasses, suggesting that the style does not make the person and urging them to stop pretending.",Negative,Sarcastic,Non-Vulgar,Non-Abusive,Person
image_tamil_0013.jpg,"This meme features a still from a Tamil film starring comedian Vadivelu and an actress, capturing a comedic moment of misunderstanding. At the top, the Tamil text translates to ""Giving a kiss to the apple uncle,"" while the bottom text reads, ""What did you say? It didn't fall properly into my ears,"" which suggests a playful or suggestive comment that the character is pretending not to hear clearly to provoke a reaction. Vadivelu wears a confused and slightly expectant expression, while the actress appears to be explaining something with a serious gesture, creating a humorous contrast often used in this popular template to depict awkward or flirtatious social situations.",Neutral,Sarcastic,Vulgar,Non-Abusive,Person
image_tamil_0763.jpg,"This image captures a tense and serious scene featuring Indian actor Kamal Haasan sitting at a makeshift outdoor workstation high above a cityscape. Wearing glasses and a button-down shirt, he maintains a focused and slightly stern expression while monitoring multiple electronic devices, including a laptop and a specialized antenna-equipped screen, suggesting a role as a high-stakes operative or hacker. The overall atmosphere conveys a sense of urgency, surveillance, or technical investigation, often used in internet culture to humorously depict someone intensely focused on a difficult task, waiting for information, or meticulously planning a complex situation. There is no Tamil text overlay present in this image.",Neutral,Non-Sarcastic,Non-Vulgar,Non-Abusive,Person
image_tamil_0210.jpg,"This two-panel meme features the iconic Tamil comedian Vadivelu in a scene from a movie, where he stands with several other men dressed in traditional veshtis and shirts, some wearing dark sunglasses. In the top frame, a man in a white shirt is raising his hand as if to strike or reprimand Vadivelu, who appears distressed and caught in an intense confrontation. In the bottom frame, the men remain gathered around a table with a long, narrow item on it, as Vadivelu holds a walkie-talkie while looking downward, appearing flustered or defeated by the unfolding situation. The scene conveys a sense of comedic chaos and high-stakes misunderstanding, with the humor stemming from the absurdity of the group's dramatic posturing. There is no Tamil text overlay on the image, only a watermark for a website.",Negative,Sarcastic,Non-Vulgar,Non-Abusive,Person
image_tamil_0079.jpg,"This meme features a close-up shot of the popular Tamil comedian Vadivelu wearing a white cowboy hat and looking intensely into the camera while holding a finger to his lips as if deep in thought or caught in a moment of hesitation. The Tamil text overlay reads ""கமெண்ட் போடலாமா.. வேண்டாமா.."" which translates to ""Should I post a comment.. or not?"". The overall visual context captures a relatable moment of social media indecision, portraying a person pondering whether to engage with a post, often used as a playful way to spark interaction or express confusion.",Neutral,Non-Sarcastic,Non-Vulgar,Non-Abusive,None
image_tamil_0429.jpg,"The image captures a humorous scene from a Tamil film featuring the popular comedian Vadivelu, who is shown wearing a vibrant, patterned red and yellow shirt while holding a glass. With a dismissive and calm hand gesture, he looks away from the other man in the scene, who is intently questioning him with a serious expression. The Tamil text overlay, which translates to okay, okay, cool down, highlights the comedic dynamic of the interaction, depicting Vadivelu attempting to diffuse a tense situation with nonchalant nonchalance while the other person remains visibly agitated.",Neutral,Sarcastic,Non-Vulgar,Non-Abusive,Person
image_tamil_0824.jpg,"This meme humorously captures a quintessential childhood experience for many 90s kids, using a two-panel format featuring popular Tamil cinema actors. The top panel shows a stern-looking father figure asking a question in Tamil, which translates to, Where are the batteries from the TV remote? In the bottom panel, a 90s kid is depicted with a wide-eyed, guilty expression, perfectly paired with an image of a vintage red brick game handheld console, implying that the child has stolen the batteries from the remote to power their toy. The contrast between the father's intense interrogation and the child's silent, deer-in-the-headlights admission highlights the relatable struggle of prioritizing gaming over household utility during that era.",Neutral,Sarcastic,Non-Vulgar,Non-Abusive,Group
image_tamil_0612.jpg,"This meme uses a comparison format to playfully mock the changing trends of Diwali celebrations between generations. In the top panel, an actor dressed as a police officer represents 2K kids, questioning why today's youth choose to stay indoors eating sweets instead of bursting firecrackers, sarcastically asking if they are afraid of them. The Tamil text translates to, ""Instead of bursting crackers, you are sitting at home eating sweets... are you that afraid of crackers?"" In the bottom panel, actor Rajinikanth is shown with a calm, nostalgic expression representing 90s kids, followed by a sequence of images from one of his films where he nonchalantly lights a firecracker and tosses it, reflecting the bolder, more hands-on approach to celebrating Diwali in the past.",Neutral,Sarcastic,Non-Vulgar,Non-Abusive,Person
image_tamil_0271.jpg,"This meme features a still from a Tamil film showing the actor Vijay standing in the center with a serious expression, while the comedian Vadivelu stands to his right, gesturing with his hand as if lecturing him, and another man stands in the background. The Tamil text overlay translates to, Why are you acting like you are the only one who has betel nut; if you bet on betel nut, people will talk, so go find a real job. The image captures a classic comedic confrontation, using the actors' intense and dramatic expressions to mock someone who is being overly dramatic or prideful about a trivial matter, essentially telling them to stop posturing and focus on meaningful work.",Negative,Sarcastic,Non-Vulgar,Non-Abusive,Person
image_tamil_0592.jpg,"This meme features a satirical commentary on Tamil Nadu politics, juxtaposing a news snippet with a popular film still. At the top, a headline from Puthiya Thalaimurai features politician Tamilisai Soundararajan criticizing Rahul Gandhi for allegedly spreading negative views about Prime Minister Narendra Modi among college students, urging him not to turn campuses against the government. Below this, a scene from a movie shows actor Vijay Sethupathi with a concerned expression, labeled as the BJP, facing a person labeled as the public. The text at the bottom challenges the criticism by arguing that if supporters of the ruling party are allowed to visit colleges to promote their ideology and prime minister, it should be equally acceptable for others to discuss the realities and criticisms of the government with students. The caption asserts that while it is questionable to polish the image of a leader who is widely disliked in the state, it is not wrong for anyone to campaign by sharing known truths about the prime minister with the public.",Negative,Sarcastic,Non-Vulgar,Non-Abusive,Organization
image_tamil_0521.jpg,"This image shows a roadside food stall menu board in Tamil Nadu, India, where a humorous mistranslation has occurred. The Tamil word for tamarind rice is puli sadam, but it has been incorrectly translated into English as tiger rice, likely because the word puli can mean either tamarind or tiger depending on the context. The menu lists various traditional South Indian rice dishes such as lemon rice, tomato rice, and curd rice, with the circled entry highlighting the linguistic error. A man stands in the background next to the sign, appearing indifferent to the comical mistake displayed on the board.",Neutral,Sarcastic,Non-Vulgar,Non-Abusive,Other
image_tamil_0310.jpg,"This meme features a still from a classic Tamil film comedy scene, showing one man aggressively holding another man by his head while preparing to strike him. The man being held has a look of exaggerated, comedic terror on his face with his mouth wide open, while the aggressor, whose face is mostly obscured, looms over him in a threatening posture. The Tamil text overlaid on the top of the image translates to Always dragging something or other into a panchayat, which is a colloquial way of saying someone is constantly making a big, unnecessary issue out of minor things or involving others in petty disputes. The combination of the dramatic, slapstick violence and the relatable frustration expressed in the caption creates a humorous commentary on dealing with overly dramatic or conflict-prone individuals.",Negative,Non-Sarcastic,Non-Vulgar,Non-Abusive,Person
image_tamil_0898.jpg,"This meme presents a humorous contrast between a popular television character and a skeptical reaction. The top portion features an image of the character Senba with the caption 90% of the boys like Senba, followed by a second panel showing a woman with a perplexed expression and a thought bubble containing the Tamil text apdina, which translates to then what or is that so. The bottom portion uses a famous comedic scene from Tamil cinema where an actor points his finger while delivering the dialogue seruppu pinchirum, which translates to your slipper will get torn, a common colloquial threat used to dismiss a ridiculous or outrageous claim. The overall structure creates a comedic effect by using a stern warning to shut down the premise that such a high percentage of boys would actually like the character.",Negative,Sarcastic,Non-Vulgar,Abusive,Person
image_tamil_0838.png,"This meme captures the universal struggle of fighting midday fatigue, featuring a still of an actor leaning his head against his hand with a glazed, weary, and dazed expression that perfectly encapsulates the lethargy felt after eating. The image includes the English text Everyday My Reaction after lunch time at the top, while the bottom contains the Tamil phrase Thoongatha Thoongatha, which translates to don't sleep, don't sleep, emphasizing the internal battle to stay awake and alert during the post-lunch slump.",Negative,Sarcastic,Non-Vulgar,Abusive,Person
image_tamil_0666.jpg,"This meme features a widely recognized still of the popular Tamil comedian Senthil looking deep in thought with a skeptical, puzzled facial expression. The text at the top asks why every bus has a sign that reads thieves beware, while the bottom text argues that it would be more logical for the signs to read passengers beware, implying that the warning should be directed at the thieves regarding the passengers rather than the other way around. Through this observational humor, the meme highlights a common irony in public transit signage by using the character's signature confused look to emphasize the absurdity of the phrasing.",Negative,Sarcastic,Non-Vulgar,Non-Abusive,Person
image_tamil_0867.jpg,"This meme features a four-panel layout contrasting the humble study habits of historical figures with a modern-day satirical take. The top row shows portraits of Alexander Graham Bell and William Shakespeare with captions claiming they studied under candles and streetlights respectively. Below them, the bottom panels feature a man sitting casually in an outdoor setting, identified as the creator of the meme, who displays a skeptical, unimpressed facial expression while covered by an emoji. The Tamil text at the bottom, ""Ithuku kalaila padichi irukalam idea illatha pasanga,"" translates to ""They could have just studied in the morning, these guys have no brains,"" suggesting that these famous figures' unconventional study choices were actually poor planning rather than impressive feats of dedication.",Negative,Sarcastic,Non-Vulgar,Non-Abusive,Group
image_tamil_0365.jpg,"This meme features two iconic Tamil comedians, Goundamani and Senthil, from an old film still, captured in a two-panel sequence reflecting a humorous social media commentary. In the top panel, the text asks if one posts updates or interacts with others' content, to which the character replies in the negative. The middle panel continues this theme by humorously questioning if the person approaches women's inboxes, with the reply stating they avoid that entirely. The bottom panel delivers the punchline with an aggressive, informal Tamil profanity, essentially asking, ""Then what the hell are you even doing on Facebook?"" The comedic contrast lies in the serious, frustrated facial expressions of the actors, which underscore the absurdity of someone maintaining a social media presence while intentionally avoiding all forms of social interaction and engagement.",Negative,Non-Sarcastic,Non-Vulgar,Non-Abusive,Person
image_tamil_0254.jpg,"This meme features the popular Tamil comedian Vadivelu with his eyes closed and his face contorted in a pained, dramatic expression, perfectly capturing a sense of frustration or disbelief. The text overlay at the top, written in Tamil as ""என்ன கொடுமைடா இது,"" translates to ""what kind of cruelty is this"" or ""what a tragedy this is,"" a phrase commonly used to sarcastically express being overwhelmed by an unfortunate or annoying situation. The background consists of vertical, muted red and white stripes, and the image includes a small watermark in the bottom-left corner indicating it is a piece of Tamil comedy internet content.",Negative,Sarcastic,Non-Vulgar,Non-Abusive,Person
image_tamil_0957.jpg,"This meme features a two-panel split screen using stills from South Indian cinema to create a humorous exchange. In the top panel, the actress Jyothika appears in a radio station setting, smiling while wearing headphones, with a caption in Tamil that translates to: Many families travel relying on you, so stay happy thinking of them. The bottom panel shows the comedian Vadivelu smiling broadly, with a reply in Tamil that translates to: What will you do if that driver is a goods train driver? The humor relies on the juxtaposition of the actress’s earnest, inspirational advice meant for a passenger train driver against the comedian’s deadpan, logical rebuttal highlighting the absurdity of applying such sentimental advice to someone driving a cargo-only train.",Neutral,Sarcastic,Non-Vulgar,Non-Abusive,Person
image_tamil_0245.jpg,"This meme features a still image of an elderly woman with a wide, toothy grin and a noticeable bindi on her forehead, capturing a humorous and slightly eccentric expression often used in Tamil internet culture. The Tamil text overlay translates to, ""This is the grandma who keeps Hansika's photo as her display picture,"" implying a comedic contrast between the elderly subject and the popular, glamorous actress mentioned in the caption. The image is framed with a small logo in the corner from a website dedicated to Tamil comedy memes, reinforcing its purpose as a piece of lighthearted, satirical social media content intended to poke fun at unconventional celebrity fandoms.",Positive,Non-Sarcastic,Non-Vulgar,Non-Abusive,Other
image_tamil_0261.jpg,"The image features a popular meme of the Tamil comedian Vadivelu, dressed in a traditional royal costume complete with a golden crown and jewelry, conveying a look of deep suspicion, concern, and skepticism through his furrowed brow and pursed lips. The text overlay written in Tamil reads, ""Innum enna seyya kaathirukkaangalo,"" which translates to ""I wonder what else they are waiting to do to me."" This combination of a bewildered regal expression and the translated text is frequently used to express feelings of anxiety, frustration, or the anticipation of further unfortunate events or unexpected twists in a situation.",Negative,Sarcastic,Non-Vulgar,Non-Abusive,Person
image_tamil_0377.jpg,"This meme features a still of the popular Tamil comedian Vadivelu dressed in a woman's traditional saree and jewelry, portraying a character with a somber and deadpan facial expression. The text overlay written in Tamil reads unga ariva nenacha enakku anandha kannera varudhu, which translates to I am brought to tears of joy when I think of your intelligence. The image is frequently used in social media threads as a sarcastic or ironic response to someone who has shared a foolish, illogical, or overly simplistic idea, implying that the person's lack of intelligence is so profound that it is ironically overwhelming.",Negative,Non-Sarcastic,Non-Vulgar,Non-Abusive,Person
image_tamil_0680.jpg,"This meme features a two-panel comparison using scenes from a Tamil movie to depict the contrast between an urgent plea and an underwhelming reality. In the top panel, a man appears frantic and distressed as he whispers to his friends, with the Tamil text translating to, Bro, I have met with an accident, come quickly. The bottom panel shows the friends looking skeptical and unimpressed, with the Tamil text translating to, Are you trying to pull a surprise on us, you rascal? The visual humor relies on the disparity between the friends' genuine panic in the first frame and their dismissive, knowing reaction in the second, implying that the person has pulled similar birthday pranks in the past.",Positive,Sarcastic,Non-Vulgar,Non-Abusive,Group
image_tamil_0652.jpg,"This meme features a still of the popular South Indian comedic actor Senthil, who is captured in a pensive pose with his finger resting against his chin and a confused, deeply thoughtful expression on his face. The top text reads, ""If camera lenses are round,"" while the bottom text concludes, ""Why are the pictures square?"" The text is in English, so no translation is required. The image serves as a humorous critique of a common logical observation about photography, using the actor's iconic expression of bewilderment to emphasize the irony of the situation.",Neutral,Sarcastic,Non-Vulgar,Non-Abusive,Other
image_tamil_0369.jpg,"This meme features a screenshot of the popular Tamil comedian Vadivelu in a colorful patterned shirt, standing in what appears to be a temple corridor with his hands outstretched and a look of bewildered distress on his face. The Tamil text overlay translates to ""Where is the 2017 that was here? I cannot find it,"" a comedic play on his famous character's penchant for expressing hyperbolic confusion. The expression of shock and disbelief combined with the text is used to humorously reflect on how quickly a year seems to pass, capturing the feeling of losing track of time as the year draws to a close.",Negative,Sarcastic,Non-Vulgar,Non-Abusive,Person
image_tamil_0593.jpg,"This meme contrasts the perceived double standards of the judiciary regarding two different legal cases involving Chinmayi Sripaada. At the top, a screenshot of a tweet from March 15, 2019, shows Chinmayi announcing that she received an interim stay order from the court concerning her ban from the Tamil Nadu Dubbing Union. Below this, a popular Tamil film scene features actors Vadivelu and Vijay looking skeptical and unimpressed, a facial expression chosen to convey disbelief or sarcasm. The yellow text at the top translates to, The court is open to file a case against DMK's Radha Ravi, while the yellow text at the bottom reads, But the court is on leave only when it comes to filing a case against DMK's Vairamuthu. The meme suggests that the legal system is biased or selectively active depending on the political influence of the individuals being accused.",Negative,Sarcastic,Non-Vulgar,Non-Abusive,Organization
image_tamil_0987.jpg,"This meme humorously captures the recurring frustration of students trying to access their academic results online. The top panel shows a group of elderly people surrounding a man lying on a bed with a concerned and somber expression, set against the text While opening Anna Univ. results page. The middle section features a standard browser error message stating that the site cannot be reached, symbolizing the server crashes that frequently occur when thousands of students attempt to log in simultaneously. The bottom panel repeats the image of the concerned group, accompanied by the Tamil text Enna ezhavu da ithu and Karumam vanthu tholaya maatendhu, which translate to What is this disaster and This misery just won't go away, respectively. Together, the imagery and text convey the collective despair and annoyance experienced by students when their university's website fails during high-traffic moments.",Neutral,Sarcastic,Non-Vulgar,Non-Abusive,Other
image_tamil_0751.jpg,"This meme features a close-up, high-intensity expression of a popular Tamil comedian, Goundamani, whose face is contorted in a look of extreme frustration, disbelief, and agitation. The image is framed by Tamil text overlays: the top portion translates to asking why a duck that moves slowly was named a duck, while the bottom portion poses an angry rhetorical question asking who on earth decided to give it that name. The humor stems from the juxtaposition of the comedian's famously aggressive and eccentric persona with an absurd, childlike realization about the etymology of the word duck, creating a comedic effect of someone overreacting to a trivial or silly observation.",Negative,Sarcastic,Non-Vulgar,Non-Abusive,Person
image_tamil_0557.jpg,"This meme features a still from a Tamil film showcasing two men, one in a blue shirt gesturing with his hands and the other wearing sunglasses and a yellow shirt, who appear to be engaged in a friendly, animated conversation. The text at the top reads, When my frnd asks, while the text at the bottom is written in Tanglish (Tamil written in Latin script), translating to, Bro, is there any good-looking girl in your department? The overall context reflects a humorous and relatable social situation where one friend is playfully inquiring about the romantic prospects within the other's academic or professional department, with the characters' expressive poses capturing the casual and conspiratorial tone of the question.",Positive,Sarcastic,Non-Vulgar,Non-Abusive,Group
image_tamil_0009.jpg,"This meme features a close-up shot of the famous Tamil comedian Goundamani, who displays a look of intense distress and exasperation while pulling at his own ears. The text overlay, written in Tamil, reads reel andhu poachida saami, which translates to the reel has snapped, oh lord. This phrase is a metaphorical expression of being completely fed up, overwhelmed, or having one's patience exhausted by a situation, with the comedian's frantic expression perfectly capturing the feeling of losing one's cool.",Negative,Sarcastic,Non-Vulgar,Non-Abusive,Person
image_tamil_0167.jpg,"This image features a popular scene from a Tamil movie showcasing the comedian Vadivelu in a blue shirt talking to another man on a bridge. The man on the left looks down at his hands, while Vadivelu maintains an awkward, slightly strained facial expression as he gestures toward him. The Tamil text overlaid on the image translates to, You seem to be feeling very hot, let us go buy a jigarthanda and have it, with jigarthanda being a popular cold, milk-based dessert often used as a humorous way to suggest cooling down. The context relies on Vadivelu's well-known comedic persona, turning a simple conversational exchange into a lighthearted meme about offering a refreshing drink to someone who appears frustrated or overheated.",Negative,Sarcastic,Non-Vulgar,Non-Abusive,Person
image_tamil_0218.jpg,"This meme features a still from a popular Tamil film scene showcasing the comedian Goundamani standing beside an elderly man under a tree. Goundamani is captured in an animated state, gesturing with his hand and wearing a frustrated, skeptical expression as he directs his attention toward the older man. The text at the top is in Tamil, which translates to I am the one who is suspicious of you. The image is commonly used in social media contexts to represent a situation where someone is questioning another person's motives, integrity, or honesty.",Positive,Non-Sarcastic,Non-Vulgar,Non-Abusive,Other
image_tamil_0849.jpg,"This cartoon depicts a man standing on a sidewalk holding a hammer, surrounded by scattered, shattered smartphones on the ground, while a silhouetted figure in the background walks by staring intently at their own device. The man wears an expression of calm, detached authority, suggesting he is offering a service as a solution to digital dependency. The text overlay is written in Tamil and translates to: Your old life will be restored, cost: only 5 rupees. The image serves as a satirical commentary on modern technology addiction, portraying the destruction of smartphones as a cheap, radical way to regain one's disconnected, simpler way of living.",Neutral,Sarcastic,Non-Vulgar,Non-Abusive,Other
image_tamil_0633.jpg,"The image features a photograph of a cardboard carton filled with white eggs, accompanied by a handwritten sign that humorously labels them as boneless chicken priced at 8 rupees each. Below this, a still from a Tamil film shows a comedic scene where an actor holds a piece of food to another person's mouth while they look on with a blank, confused expression. The Tamil text overlay translates to ""If one is a total dimwit, this is how they will end up thinking,"" implying that the person who created the sign and those who might take it seriously are lacking in common sense.",Neutral,Sarcastic,Non-Vulgar,Non-Abusive,Group
image_tamil_0836.jpg,"This meme is composed of five distinct panels that attempt to frame the sport of cricket as an intellectual pursuit rather than a leisure activity, using a collage of imagery to argue against the common parental belief that sports are a waste of time. The top-left panel displays a cricket scoreboard indicating that a team needs 22 runs off a single ball, captioned as maths, while the top-right shows players celebrating, labeled as chemistry to highlight team bonding. The middle-left panel uses a diagram of a batsman hitting a ball at a specific speed and angle to represent physics, and the middle-right panel features a photo of a cricket commentator speaking into a microphone, labeled as English to represent the linguistic element of sports broadcasting. The bottom panel features a crying Stewie Griffin from Family Guy, captioned with the complaint that despite these complex underlying principles, parents still perceive cricket as a waste of time. While there is a small logo in the corner referencing Sri Lanka, there is no Tamil text present in the image, as all labels and captions are in English.",Neutral,Sarcastic,Non-Vulgar,Non-Abusive,Other
image_tamil_0394.jpg,"The image captures a humorous still from a Tamil film featuring actor Santhanam sitting on a straw mat while shirtless, gesturing outward with an exasperated expression that conveys frustration or disbelief. The text overlay written in Tamil, which translates to ""What exactly is your problem,"" perfectly complements his annoyed body language and questioning gaze. The scene is often used as a popular reaction image in internet culture to confront someone who is behaving irrationally or causing unnecessary issues.",Positive,Non-Sarcastic,Non-Vulgar,Non-Abusive,Other
image_tamil_0772.jpg,"This meme presents a humorous take on the social media 10-year challenge by contrasting two images of popular Tamil comedian Vadivelu. The top panel, labeled 2009, features a gritty, low-quality close-up of the actor wearing thick-rimmed spectacles and a yellow tank top, conveying a rugged and unkempt appearance. In contrast, the bottom panel, labeled 2019, shows the actor in a sharp blue suit, tie, and sunglasses, projecting a polished and professional look while walking with a woman in a saree. The juxtaposition highlights an exaggerated glow-up or transformation, using the actor's iconic film stills to comedically exaggerate the passage of time.",Negative,Sarcastic,Non-Vulgar,Non-Abusive,Person
image_tamil_0537.jpg,"This meme utilizes a scene from a popular Tamil film to express humorous resignation regarding the news of a Maggi noodle ban in India. The top panel features four individuals labeled as various noodle brands or the parent company Nestle, with a central character gesturing as if deciding the fate of the product. The bottom panel shows the same central character looking down toward the ground in a defeated or pleading posture. The Tamil text overlaid at the bottom translates to, Wait, let me go eat some Maggi one last time and come back, capturing the common sentiment of consumers wanting a final indulgence before a beloved product is taken off the market.",Neutral,Sarcastic,Non-Vulgar,Non-Abusive,Other
image_tamil_0337.jpg,"This image features a popular meme showcasing the iconic Tamil comedian Vadivelu dressed as a police officer, wearing a blue cap and sporting a distinctive thick, curled mustache. He is captured with a wide, exaggerated, and somewhat mischievous grin that reflects his characteristic comedic style. The Tamil text overlaid at the top of the image translates to It has been many days since we last saw each other, how are you doing, my friend? The overall composition uses this familiar cinematic expression to convey a sense of casual, humorous, and slightly cheeky inquiry, often used in social media contexts to reconnect or playfully address friends after a period of absence.",Negative,Non-Sarcastic,Non-Vulgar,Non-Abusive,Person
image_tamil_0569.jpg,"This image captures an elderly woman with silver hair, her body bent from age, sitting on the ground as she meticulously strings together jasmine and orange flowers for sale. Her focused, stoic expression reveals a sense of quiet resilience and tireless dedication to her humble labor. The Tamil text overlaid on the image reads, ""முதுகு கூனினாலும்! மனம் கூனா பாட்டியை போற்றிடுவோம்,"" which translates to ""Even if her back is bent, let us praise the grandmother whose spirit remains unbent."" The scene serves as a poignant tribute to the strength and dignity of hard-working elderly individuals who persevere despite physical hardship.",Positive,Non-Sarcastic,Non-Vulgar,Non-Abusive,Group
image_tamil_0966.jpg,"This meme features a close-up, contemplative image of the Indian actor Kamal Haasan, who is shown with a serious and weary expression, his hand slightly raised as if offering profound advice. The image is overlaid with Tamil text that uses a metaphorical analogy to life. The top portion of the text translates to, ""Whether you pour sugar into coffee or coffee into sugar, it is the sugar that dissolves,"" implying that the outcome remains the same regardless of the order. The bottom portion translates to, ""Whether you worry about life or live while worrying, it is your life that is dissolving,"" serving as a philosophical reminder that dwelling on stress and sorrow only wastes the limited time one has in life.",Neutral,Non-Sarcastic,Non-Vulgar,Non-Abusive,Group
image_tamil_0073.jpg,"This meme features a close-up shot of the popular Tamil comedian Vadivelu, who displays a pained, weary, and deeply unimpressed facial expression while looking slightly off-camera. The yellow Tamil text overlay reads, idhayellam pakkakoodadhundru thaan online varama irundhen, which translates to, I stayed away from being online only because I did not want to see all of this. The image is frequently used in social media discourse to express a sense of regret or exhaustion upon witnessing annoying, controversial, or nonsensical content after taking a hiatus from the internet.",Negative,Non-Sarcastic,Non-Vulgar,Non-Abusive,None
image_tamil_0926.png,"This three-panel meme captures the anxious and feigned innocence of a student being observed by a teacher during an exam, using facial expressions from actor Silambarasan to convey the internal struggle. The leftmost panel shows the student intensely focused on the exam paper, the middle panel depicts a moment of stress or deep thought as the teacher approaches, and the final panel shows the student acting nonchalant while casting a nervous side-glance. The Tamil text translates to the student thinking that they are acting naturally to avoid suspicion, followed by a resigned expression of defeat with the word Poita, which implies that their game is up or that they are doomed.",Neutral,Sarcastic,Non-Vulgar,Non-Abusive,Group
image_tamil_0061.jpg,"The image features a two-panel meme from a Tamil film starring the comedian Vadivelu. In the top frame, Vadivelu is captured mid-motion while striking a man standing next to him, creating a chaotic visual of a physical altercation. The middle of the image contains a Tamil text overlay that translates to ""If it is life, then some blows are bound to happen,"" serving as a philosophical yet humorous caption for the situation. In the bottom frame, the scene shifts slightly, showing Vadivelu standing in a more composed posture while the other man appears to be reacting to the hit, all while a third person sits calmly nearby in the background. The visual contrast between the sudden action and the calm bystander, paired with the dark humor of the caption, highlights the absurdity of the moment.",Negative,Sarcastic,Non-Vulgar,Non-Abusive,Person
image_tamil_0371.jpg,"The image features a popular meme showcasing the famous Tamil comedian Vadivelu lying in bed, pulled deep under a patterned blanket with a tense, dismissive facial expression that conveys a mix of annoyance and stubborn denial. The Tamil text overlaid on the image translates to: They are saying some Gaja cyclone is coming... hmm... when has a cyclone ever come to our town... let us sleep. This humorous caption reflects a common, often misguided attitude of indifference or skepticism that people sometimes display when facing warnings about natural disasters, using the actor's iconic comedic persona to highlight the irony of ignoring serious environmental threats.",Positive,Non-Sarcastic,Non-Vulgar,Non-Abusive,Person
image_tamil_0289.jpg,"This meme features a famous still from a Tamil film starring the actor Goundamani, whose face is contorted into an expression of intense frustration, yelling, and disbelief. He is gesturing aggressively while looking at an unseen person, capturing a moment of comedic agitation often used to represent annoyance or a reaction to someone else's foolishness. The text at the top reads Karrrrr... Karrrrr..., which is a colloquial Tamil onomatopoeic expression used to signify the act of growling, shouting, or expressing extreme irritation or frustration toward someone. A small watermark for Tamil Comedy Memes is visible in the lower-left corner of the image.",Positive,Non-Sarcastic,Non-Vulgar,Non-Abusive,Person
image_tamil_0760.png,"This meme uses a split-screen format to poke fun at the television presenter known as DD. The top panel shows the presenter looking poised and elegant while holding an award on stage at a Vijay TV event. The bottom panel features a classic comedic still from a Tamil film showing the actor Goundamani looking mockingly emotional and overwhelmed, representing the internal thoughts of the presenter. The Tamil text translates to, They consider me a person and gave me an award; Vijay TV are such good people, which adds a layer of sarcasm suggesting that the presenter is being ironically humble or mocking the network's award-giving culture.",Negative,Sarcastic,Non-Vulgar,Non-Abusive,Person
image_tamil_0705.jpg,"This meme presents a side-by-side comparison under the heading 10 Years Challenge, featuring the South Indian actress Nayanthara. The left panel, labeled 2009, displays a still from the film Vallavan where she is captured in an intimate, dramatic pose with actor Silambarasan, both dressed in traditional Indian attire. The right panel, labeled 2019, shows a candid photograph of Nayanthara smiling warmly while embracing her partner, director Vignesh Shivan, in a casual, modern setting with decorative fairy lights in the background. The contrast highlights the shift from a cinematic, professional collaboration to a personal real-life relationship over the decade, emphasizing the evolution of her public image and personal life.",Negative,Sarcastic,Non-Vulgar,Non-Abusive,Person
image_tamil_0334.jpg,"This four-panel image features the popular Tamil comedian Vadivelu displaying a sequence of reactive facial expressions that capture a transition from mild confusion to sudden realization or surprise, followed by a suspicious side-glance. Dressed in a simple white garment with a chain around his neck, the actor utilizes his distinctively exaggerated features to convey a comedic sense of disbelief or paranoia. While the watermark for ROFLPHOTOS.COM is visible across the middle, there is no meaningful Tamil text overlay in the image, as the humor relies entirely on the actor's iconic physical performance, which is widely used in South Indian internet culture to represent moments of skepticism, shock, or being caught off guard.",Positive,Non-Sarcastic,Non-Vulgar,Non-Abusive,Person
image_tamil_0057.jpg,"This meme features a still from a Tamil film starring the popular comedian Goundamani, who is shown sitting outdoors with a distressed, pleading expression on his face while holding his hands together in a gesture of supplication. The Tamil text overlaid at the top, kovappadatheenganne, translates to don't get angry, dear, a phrase often used in the film to de-escalate tense situations. The combination of his exaggerated, pitiful facial expression and the soothing text creates a humorous tone, frequently used online to sarcastically calm down someone who is reacting intensely or aggressively to a situation.",Negative,Sarcastic,Non-Vulgar,Non-Abusive,Person
image_tamil_0399.jpg,"This meme features a still from a popular Tamil film set in a historical or royal context, showing the iconic comedian Vadivelu dressed as a king, looking toward a companion with a look of intense disbelief or bewilderment. The Tamil text overlaid at the top translates to, I did not know that you would crumble in the face of my anger, which suggests a humorous irony where the character is boastfully questioning someone's lack of resistance or cowardice in the face of his supposedly terrifying rage. The visual juxtaposition of his regal costume with his characteristically expressive, over-the-top facial reaction creates a comedic effect often used in Tamil social media culture to poke fun at someone who is easily intimidated or someone who makes hollow, dramatic threats.",Positive,Non-Sarcastic,Non-Vulgar,Non-Abusive,Person
image_tamil_0282.jpg,"This meme features a still from a Tamil film showing the well-known comedian Vadivelu in a patterned shirt gesturing dismissively with his hand toward a man with a mustache. Vadivelu wears an annoyed and superior expression, as if he is letting the other person off the hook, while the man opposite him maintains a stoic and unimpressed look. The yellow Tamil text overlaid at the top translates to, I am in a good mood today, so you were lucky to escape. Get lost, just go away. The scene captures a classic comedic trope of a character posturing with feigned intimidation to maintain their dignity despite being in a powerless situation.",Negative,Sarcastic,Non-Vulgar,Non-Abusive,Person
image_tamil_0683.jpg,"This image features a poster for International Yoga Day, showing an Indian man dressed in traditional white clothing sitting in a meditative lotus position with his eyes closed and hands in a mudra. He appears calm and focused, reflecting the theme of tranquility and wellness. The background is a gradient of yellow and dark maroon, featuring a graphic of a stylized lotus and human silhouettes in various yoga poses. The Tamil text translates as International Yoga Day, followed by a message encouraging the unity of body and mind for health and peace, and stating that faith is not necessary, only the mind is needed. Details about the event date of June 21, 2015, the time of 6:00 AM, and the location at the headquarters in Koyambedu, Chennai are provided. The bottom of the poster includes a welcoming invitation from the Desiya Mutpokku Dravida Kazhagam party headquarters.",Negative,Sarcastic,Non-Vulgar,Non-Abusive,Person
image_tamil_0568.jpg,"This meme features a recurring three-panel sequence contrasting a man’s stoic, observational facial expression on the left with action shots of cricketer MS Dhoni on the right, using the positioning of his helmet to humorously interpret his intentions on the field. In the first panel, the man observes Dhoni standing outside the crease with his helmet off, and the Tamil text translates to the idea that if he puts his helmet outside the crease, it means he is going to keep wickets. The second panel shows Dhoni wearing his helmet while waiting, with text explaining that if he puts the helmet inside the crease, it means he is going to bat. In the final panel, Dhoni is shown having set his helmet down on the grass, and the text humorously interprets this as a sign that he is about to hit the ball for a six or perform an explosive shot. The juxtaposition highlights a playful, speculative fan analysis of the player's pre-game rituals.",Positive,Non-Sarcastic,Non-Vulgar,Non-Abusive,Person
image_tamil_0476.jpg,"This meme features a close-up profile shot of a young woman with short hair who appears to be wearing a military uniform, looking composed and thoughtful. Overlaid on the image is a yellow triangle outlining the shape of her nose, humorously highlighting a geometric feature on her face. The Tamil text above her reads, Mukkonangal padithen un mukkin mele, which translates to I studied triangles on your nose. The combination of the literal geometric tracing and the poetic, slightly playful nature of the caption creates a lighthearted juxtaposition between academic study and physical observation.",Negative,Sarcastic,Non-Vulgar,Non-Abusive,Person
image_tamil_0330.jpg,"This image features the popular Tamil comedian Vadivelu in a scene from a movie, standing in a room decorated with colorful party balloons. He is wearing a patterned blue and white collared shirt and has a wide, mischievous, and delighted grin on his face. The Tamil text overlay translates to This is good, hee hee, which captures his lighthearted and amused reaction to the scene. The overall composition suggests a humorous, celebratory, or sarcastic situation where the character is amused by something he has just encountered.",Positive,Non-Sarcastic,Non-Vulgar,Non-Abusive,Other
image_tamil_0845.jpg,"This meme features a four-panel sequence showing the iconic Tamil comedians Goundamani and Senthil engaged in a humorous exchange, with text overlays labeling them as Dhanush and Shruti Haasan respectively. The dialogue parodies the romantic song Vennilave from the movie 3, which features the two stars. In the first panel, the character labeled Dhanush expresses that he is suffering alone, while in the second panel, the character labeled Shruti offers to come over if he likes. The third panel shows the Dhanush character rejecting the offer by singing lines from the song, specifically telling her that he does not need a companion and asking his love to leave. In the final panel, the Senthil character loses his patience, with the Tamil caption translating to an annoyed, Why are you singing so foolishly, you idiot, bringing the romantic fantasy to a blunt and comedic end.",Neutral,Sarcastic,Non-Vulgar,Non-Abusive,Other
image_tamil_0285.jpg,"This four-panel meme features the popular Tamil comedian Vadivelu dressed in traditional ornate royal attire and a golden crown, portraying a king in a historical film setting. The first three panels show him with a stoic, unimpressed, or slightly annoyed expression while observing a crowd of soldiers, capturing a sense of regal indifference or disdain. The final panel shows him with a sudden, wide, and mischievous grin, illustrating a sharp comedic shift from boredom to sudden realization or glee. There is no Tamil text overlay in this image, only a watermark for a website, so no translation is required. The meme is typically used to represent a sudden change in demeanor, usually depicting someone who moves from being stern or unimpressed to feeling a sense of wicked delight or cynical amusement upon discovering a funny or satisfying situation.",Negative,Non-Sarcastic,Non-Vulgar,Non-Abusive,Person
image_tamil_0190.jpg,"This meme features a still from a Tamil film starring actors Sarathkumar and Vadivelu, using their characters to illustrate a cynical perspective on the New Year. At the top, the Tamil text translates to Do not get too happy just because the New Year has arrived. The character labeled Me, played by Sarathkumar, looks on with a calm or skeptical expression, while the character labeled My Life, played by comedian Vadivelu, gestures with a look of intense disbelief or mock warning. At the bottom, another line of Tamil text translates to I will be very ferocious there, implying that the person's life is ready to unleash more challenges and difficulties despite the optimistic start of a new year.",Negative,Sarcastic,Non-Vulgar,Non-Abusive,Person
image_tamil_0368.jpg,"This meme features a still from a Tamil film starring actor Vijayakanth, who wears a serious and somber expression while dressed in an orange shirt, standing next to the comedian Vadivelu, who is shown with an exaggerated, pained smile and clapping hands. The Tamil text overlay translates to We have been cheated, we have been cheated, conveying a sense of irony or shared misfortune. The juxtaposition of the somber, disappointed figure beside the mockingly distressed comedian is frequently used in Tamil internet culture to humorously express regret or the feeling of being conned in a situation that has gone wrong.",Negative,Non-Sarcastic,Non-Vulgar,Non-Abusive,Person
image_tamil_0270.jpg,"This meme features a scene from a Tamil film starring actors Suriya, Vijay, and Vivek. The group is standing together in a casual setting, with Vivek appearing to lecture the others while gesturing with a pen. The expressions on the faces of Suriya and Vijay are somber and downcast, suggesting they are being scolded or reprimanded. The Tamil text overlay translates to, You are the first person to keep a hand on the mic, implying that the speaker is sarcastically pointing out someone's mistake or inappropriate action, consistent with the comedic tone often found in such South Indian film-based memes.",Negative,Non-Sarcastic,Non-Vulgar,Non-Abusive,Person
image_tamil_0411.jpg,"This meme features a still image of the popular Tamil comedian Vadivelu, who appears to be in an outdoor setting with a slightly bewildered and defensive expression while gesturing with his hand. The Tamil text overlaid at the top translates to, Not us! They are talking about someone else, which captures a sense of humorous denial or feigned innocence. The image is widely used in social media contexts to represent a situation where someone is trying to distance themselves from an accusation or a conversation that is clearly aimed at them.",Negative,Non-Sarcastic,Non-Vulgar,Non-Abusive,Person
image_tamil_0515.jpg,"This meme features a two-panel comparison meant to mock television presenter Bhavana Balakrishnan. The top image shows her dressed in a strapless yellow outfit while hosting a sports broadcast that strangely displays a picture of footballer Cristiano Ronaldo in the background. The bottom panel features a still from a Tamil film showing actor Vijay Sethupathi gesturing frantically, accompanied by a caption written in Tamil that translates to, ""I was taking a shower, and realizing I was getting late for the match, I rushed to the studio in my petticoat."" The joke implies that her strapless top resembles the upper portion of a petticoat or skirt, suggesting she arrived at work in a state of undress due to time constraints.",Negative,Sarcastic,Non-Vulgar,Non-Abusive,Person
image_tamil_0367.jpg,"This meme features a still image of the popular Tamil comedian Goundamani, who is captured in a moment of intense frustration and confusion as he clutches the back of his head with a strained, grimacing facial expression. The scene is set in what appears to be a small local shop, indicated by a crate of glass soda bottles in the background. The Tamil text overlaid on the image translates to, what is this cursed app? The overall composition serves as a humorous reaction image used to express disbelief, annoyance, or disdain toward a poorly designed, malfunctioning, or frustrating mobile application.",Negative,Sarcastic,Non-Vulgar,Non-Abusive,Person
image_tamil_0052.jpg,"This meme features a widely recognized still from a Tamil cinema comedy scene starring the popular actor Vadivelu, who is shown with a puzzled and contemplative facial expression as he points his finger toward his own chin. The text overlay written in Tamil reads, ""Indha payala engayo paatha madhiri irukke,"" which translates to ""This guy looks like someone I have seen somewhere before."" The image is frequently used on social media to express a feeling of familiarity or déjà vu regarding a person, situation, or recurring joke.",Negative,Sarcastic,Non-Vulgar,Non-Abusive,Person
image_tamil_0092.jpg,"This meme features a still from a Tamil film showing the actor Goundamani dressed as a woman, standing next to a man who appears to be questioning or reprimanding him. The man on the left has a look of exasperation and disbelief while gesturing with his hands, while Goundamani, dressed in a blue sari and jewelry, displays a look of feigned innocence or annoyance. The Tamil text overlay, Ennama Ippadi Panringalemma, translates to Why are you doing this like this, mother/ma'am, a phrase that has become a widely used cultural idiom in Tamil pop culture to express shock, disappointment, or irony regarding someone's bizarre or illogical actions.",Neutral,Non-Sarcastic,Non-Vulgar,Non-Abusive,None
image_tamil_0120.jpg,"This meme features a still from a Tamil film showing actors Dhanush and Karunas standing side-by-side with expressions of shock and bewilderment. The two characters are looking directly toward the camera with wide, concerned eyes, suggesting a reaction to an unsettling or absurd situation. The Tamil text overlaid on the image translates to, ""No matter what they say, you should never bring them to the parents-teachers meeting,"" reflecting a humorous sentiment about the embarrassment or trouble one might face if they were to bring certain people to an academic setting with their parents.",Neutral,Sarcastic,Non-Vulgar,Non-Abusive,Other
image_tamil_0566.jpg,"The image features a side-by-side comparison used as a critical movie review meme. On the left, a woman sits in a chair with a hand to her head, wearing an expression of deep disappointment, frustration, or concern. On the right, a promotional still from the movie 90ml shows a group of young women laughing and appearing carefree in sunglasses. The text at the top reads 90ml Movie Review, while the red banner at the bottom contains the Tamil text padama idhu, which translates to is this even a movie? This juxtaposition implies that the reviewer finds the film's content or quality to be lacking, using the contrast between the fun-filled promotional image and the reviewer's weary reaction to convey a harsh critique of the production.",Negative,Sarcastic,Non-Vulgar,Abusive,Group
image_tamil_0533.jpg,"This meme contrasts a movie poster with a scene from a Tamil film to mock the acting style of actor Sivakarthikeyan. The top half shows the poster for the film Namma Veettu Pillai, featuring the actor walking heroically with a weapon in a rural setting. The bottom half features a classic comedic scene from the movie Annamalai, where two characters are looking on with shocked and perplexed facial expressions, marked with an asterisk to label the man on the right as SK. The Tamil text overlay, which translates to ""I told him to act in movies, but he is acting as if he is in a TV serial,"" uses the characters' confused reactions to criticize the actor for supposedly delivering an overly dramatic or artificial performance that feels more suited for a soap opera than a big-screen production.",Neutral,Sarcastic,Non-Vulgar,Non-Abusive,Other
image_tamil_0225.jpg,"This meme features a four-panel sequence of the popular Tamil comedian Vadivelu, wearing a yellow shirt and seated at a table. The images capture a progression of subtle yet distinct facial expressions of dawning realization and controlled frustration, commonly used to represent a moment where someone suddenly understands a disappointing truth or is struggling to contain their annoyance after being told something absurd. There is no Tamil text overlay on the image; the only text present is a watermarked logo for the website roflphotos.com positioned across the center.",Negative,Non-Sarcastic,Non-Vulgar,Non-Abusive,Person
image_tamil_0629.jpg,"This meme features two panels derived from a scene in a popular South Indian film, portraying a group of men standing together in a room and reacting to a man in a red shirt who is speaking. In the top panel, the caption reads, ""Insta bio's be like: 'Wish me on June 5th',"" mocking the trend of users highlighting their birthdays in their social media profiles. The bottom panel includes a Tamil caption, ""Ennada cable connection maari ketu vaanguraan,"" which translates to ""Why is he asking for wishes as if he is requesting a cable TV connection?"" The comedic effect is created by the characters' bewildered and questioning facial expressions, which suggest that the man's request for birthday wishes is perceived as overly formal, needy, or awkwardly transactional rather than a genuine social interaction.",Neutral,Sarcastic,Non-Vulgar,Non-Abusive,Group
image_tamil_0702.jpg,"This meme features a still from a scene in the Tamil film Andaava Kaanom, depicting two men in a rural outdoor setting. The man on the right, wearing a patterned shirt, gestures toward the elderly man on the left who is dressed in a white traditional dhoti and shawl. The man on the right bears a skeptical and questioning expression as he confronts the elder. The large title text at the top reads Andaava Kaanom, which translates to The Pot is Missing, while the Tamil text overlay at the bottom translates to I only have suspicions about you.",Negative,Sarcastic,Non-Vulgar,Non-Abusive,Other
image_tamil_0815.jpg,"This meme features two panels showing the South Indian actor Sarathkumar addressing a crowd in a film scene. In the first panel, he stands under a stone pavilion with a serious, oratorical expression while the Tamil text below translates to, ""A person who sings a song is a singer."" In the second panel, he extends his hand toward the audience with a determined, emphatic gesture, and the Tamil text below reads, ""A person who accumulates arrears [in exams] is a scholar!"" The humor relies on the juxtaposition of the actor’s dramatic, authoritative posture with a satirical, relatable student joke that frames academic failure as a mark of intellectual superiority.",Neutral,Sarcastic,Non-Vulgar,Non-Abusive,Other
image_tamil_0239.jpg,"This meme features the popular Tamil comedian Vadivelu standing in a rural, outdoor setting with his arms outstretched and a look of bewildered frustration on his face. His expression captures a sense of exasperated disbelief, commonly used in internet culture to mock or question people who appear suddenly, act out of place, or perform absurd actions. The Tamil text overlay translates to Where do you guys even come from, which serves as a sarcastic or humorous way of expressing shock or disdain toward someone's behavior or unexpected arrival.",Negative,Sarcastic,Non-Vulgar,Non-Abusive,Person
image_tamil_0226.jpg,"This meme features the popular Tamil comedian Vadivelu sitting in an outdoor setting amidst lush green plants, wearing a blue and brown polka-dotted shirt with a red wristband. His facial expression is one of intense suspicion, skepticism, and playful judgment, characterized by his iconic furrowed brows and a side-eye glance that conveys disbelief or disapproval of someone's actions. The text overlay written in Tamil at the top, Enna Oru Villathanam, translates to What a villainous act or What kind of wickedness is this, which serves to mock someone's cunning or mischievous behavior in a humorous and sarcastic manner.",Negative,Sarcastic,Non-Vulgar,Non-Abusive,Person
image_tamil_0348.jpg,"This meme features the popular Tamil comedian Vadivelu captured in a scene where he appears to be addressing a crowd or speaking into a microphone. His expression is one of perplexed contemplation, with widened eyes and a slight furrow in his brow, suggesting he is trying to process a situation that feels unexpectedly unusual. The Tamil text overlay translates to ""Why is the whole world so quiet,"" which highlights a sense of ironic observation or bewilderment, perfectly matching his confused facial expression to create a humorous commentary on a lack of activity or conversation in an environment where one might expect the opposite.",Negative,Sarcastic,Non-Vulgar,Non-Abusive,Person
image_tamil_0421.jpg,"This four-panel meme features the popular Tamil comedian Vadivelu displaying a range of humorous facial expressions during a crowded gathering. In the top-left panel, he looks surprised with wide eyes and an open mouth, while the top-right panel shows him pointing a finger in an accusatory or assertive manner. The bottom-left panel captures him looking downward and sideways with a dismissive or shy demeanor, and the final panel shows him staring blankly ahead with a deadpan, unimpressed expression. A watermark for roflphotos.com is overlaid across the center of the image, but there is no specific Tamil text within the frames to translate, as the humor relies entirely on the actor's iconic physical comedy and expressive reactions to a perceived situation.",Negative,Non-Sarcastic,Non-Vulgar,Non-Abusive,Person
image_tamil_0819.jpg,"This meme features a still from a classic Tamil comedy film where a police officer is shown mid-gesture, appearing to dismiss or silence another person while wearing a stern expression, while the person in front of him looks on with a confused or skeptical glance. The accompanying Tamil text translates to criticizing the movie Mr. Local and its director for poor storytelling, sarcastically remarking that the protagonist, referred to as thambi, focuses more on celebrity mimicry than actual plot quality. The inclusion of the ghost emoji and the hashtag Sk serves to mock actor Sivakarthikeyan and the perceived lack of substance in his film choices.",Negative,Sarcastic,Non-Vulgar,Non-Abusive,Other
image_tamil_0327.jpg,"This meme features a widely recognizable close-up of the famous Tamil comedian Vadivelu, who is shown with an expression of extreme shock, disbelief, and exaggerated surprise, characterized by his wide eyes and open mouth. The text overlay at the top of the image is written in Tamil as Aah Biranthi, which translates to Oh madwoman or Oh crazy lady. The expression and caption are typically used in social media contexts to react with comedic alarm or mock bewilderment when someone says or does something perceived as irrational, erratic, or completely absurd.",Negative,Non-Sarcastic,Non-Vulgar,Non-Abusive,Person
image_tamil_0734.jpg,"This meme features a still from a Tamil film starring actor Rajinikanth, whose intense, slightly distressed facial expression is used to convey a humorous social media obsession. The text at the top translates to, ""Once the like comes, you might forget those who liked,"" while the text at the bottom adds, ""But those who liked won't forget you until you like them back."" The image utilizes the actor's dramatic persona to mock the common internet behavior where users feel ignored or frustrated if their own social media interactions are not reciprocated, framing the act of liking posts as a transactional or memorable requirement for mutual recognition.",Negative,Sarcastic,Non-Vulgar,Non-Abusive,Organization
image_tamil_0135.jpg,"This meme features a close-up shot of a man from a Tamil film who is looking directly at the camera with an intense, warning expression while pointing his index finger upward. His wide-eyed look and serious demeanor suggest he is giving urgent advice or cautioning someone about a specific situation. The Tamil text overlay, which translates to ""Hey, don't trust her,"" serves to humorously emphasize this sense of alarm, positioning the character as a friend giving a dire, albeit comical, warning about a woman.",Negative,Non-Sarcastic,Non-Vulgar,Non-Abusive,Group
image_tamil_0645.jpg,"This meme features a still of the legendary Tamil actor Kamal Haasan with a sad, wistful expression on his face, used to represent the feelings of people who do not have old photographs to participate in the viral 10 Years Challenge. The text at the top identifies the subject as people without pictures, while the bottom text is written in Tanglish and translates to: 10 years ago, even though we spent our time throwing stones at mangoes and playing cricket, we did not take a single picture to keep as a memory. The overall tone is nostalgic and self-deprecating, capturing the collective regret of a generation that grew up before the widespread availability of smartphones and social media.",Neutral,Sarcastic,Non-Vulgar,Non-Abusive,Group
image_tamil_0933.jpg,"This meme features a still from a Tamil film showing a man gently holding a woman's chin in an intimate, romantic moment. The top text in Tamil translates to a man who buys everything his wife asks for and manages the situation is intelligent, while the bottom text provides a humorous twist, stating that the truly capable person is the one who manages the situation by simply promising that he will buy everything. The juxtaposition of the tender, affectionate pose with the pragmatic and slightly cynical text highlights a common trope in comedic social media content, portraying the man's empty promises as a clever survival tactic in marriage.",Neutral,Sarcastic,Non-Vulgar,Non-Abusive,Group
image_tamil_0805.jpg,"This meme features the popular Tamil comedian Vadivelu in a scene from the movie Winner, standing between two people and holding their shoulders while delivering a humorous punchline. In the top panel, the two people are labeled with the logos for Vijay TV and Zee Tamil, with the Tamil text ""Neenga rendu perum irukura varaikum,"" which translates to ""As long as both of you are here."" In the bottom panel, the middle person representing the user is now flanked by a logo for the Tamil Nadu government and Zee Tamil, and the caption reads ""Enga amma enaku soaru potta mari than,"" translating to ""It is like my mother serving me a meal."" The actor's facial expression shifts from a slightly stern, authoritative look in the first panel to a content, smiling expression in the second, effectively conveying the humorous sentiment that having these two specific television channels available feels as comforting and essential as a mother providing food.",Neutral,Sarcastic,Non-Vulgar,Non-Abusive,Group
image_tamil_0711.jpg,"The image features a photograph of a modern, well-lit beauty parlor interior equipped with rows of styling chairs, mirrors, and a leather sofa in a waiting area. Above the image, the Tamil text translates to a caption that reads, a message at the entrance of a beauty parlor. Below the image, the text translates to, do not wink at the beautiful woman coming out of our shop, because she might even be your grandmother, followed by several laughing emojis. The meme is a humorous joke poking fun at the transformative nature of makeup and beauty treatments, implying that the services provided at the parlor can make an elderly woman look significantly younger.",Negative,Sarcastic,Non-Vulgar,Non-Abusive,Person
image_tamil_0155.jpg,"This meme features a still from a Tamil film showing a female doctor labeled as me looking stoic and composed, while a man next to her labeled as friend appears visibly shocked and disbelieving. The text at the top sets the premise, claiming the situation occurs when the protagonist has passed all of their exams. The Tamil text overlay at the bottom, enada idhellam, translates to what is all this, capturing the friend's incredulous reaction to such an unexpected and unlikely academic success. The juxtaposition of the calm, successful student and the stunned friend creates a humorous commentary on the disbelief one might face when achieving an surprising accomplishment.",Negative,Non-Sarcastic,Non-Vulgar,Non-Abusive,Other
image_tamil_0578.png,"This meme features two panels showing the popular Tamil comedian Vadivelu in his signature style, carrying a bucket while walking in a unique, bent-over posture with a piece of cloth tied around his head. The top panel introduces him with the text ""Vadivel is the only person who took,"" while the bottom panel completes the punchline with ""Vaeneer bucket challenge."" The term vaeneer is a phonetic transliteration of the Tamil word vaaneer, which means hot water. The visual humor relies on Vadivelu’s exaggerated, comical gait and his makeshift head covering, suggesting he is playfully attempting a hot water bucket challenge, a humorous spin on the viral ice bucket challenges of the past.",Negative,Sarcastic,Non-Vulgar,Non-Abusive,Organization
image_tamil_0374.jpg,"This meme features a still from a classic Tamil historical film starring actor Vadivelu, who is dressed in royal attire and gesturing dramatically while standing between two other characters. The comedic actor's exaggerated, wide-eyed facial expression conveys a sense of feigned authority or mock surprise, which is a staple of his popular screen persona. The Tamil text overlaid at the top translates to ""Did you notice the prayer he sang?"" and serves as a humorous setup for social media users to comment on absurd or hilarious moments involving other people's actions or public displays, effectively poking fun at someone's awkward or over-the-top behavior.",Negative,Non-Sarcastic,Non-Vulgar,Non-Abusive,Person
image_tamil_0856.jpg,"This four-panel image features a humorous comparison centered on the popular Indian actor Fahadh Faasil, known for his signature mustache, and his resemblance to a local politician. The top two frames and the bottom-left frame show Fahadh Faasil from his various film roles, characterized by his intense, expressive, and slightly mischievous stares. The bottom-right frame shows a man with a similar facial structure and mustache, highlighting a visual resemblance that fans have playfully identified between the celebrity and this politician. There is no Tamil text overlay in the image, only the watermark of the creator, Karthick G, which indicates that the collage is a fan-made meme focused on the uncanny physical similarity between the two individuals.",Neutral,Non-Sarcastic,Non-Vulgar,Non-Abusive,Person
image_tamil_0494.jpg,"The image features a still from a Tamil film starring the famous comedian Vadivelu, who appears distressed with an exaggeratedly tearful expression, hands outstretched in a questioning gesture, and wearing a torn plaid shirt. The overlay text at the top reads in Tamil as Idhe velaiya thaan alayurana, which translates to English as Is he wandering around doing just this job, capturing a sense of frustration or annoyance. The visual context highlights his signature slapstick style, often used in internet culture to convey reactions of disbelief, exhaustion, or mockery toward someone’s repetitive and pointless actions.",Positive,Non-Sarcastic,Non-Vulgar,Non-Abusive,Person
image_tamil_0955.jpg,"This meme features two panels using scenes from a Tamil film where an actor, positioned on the left, speaks to another actor on the right who is distracted by his mobile phone. In the top panel, the text translates to, I have already watched everything on it, referring to the content on the phone. In the bottom panel, the speaker continues, If you want something new from now on, you have to act in it and upload it yourself, implying that the viewer has exhausted all available content and is now demanding new material. The first man displays a nonchalant, informative expression, while the man on the right remains focused on his device with a slightly disinterested or stoic look, highlighting the common humorous dynamic of someone being told to create their own content when they are unsatisfied with what is currently available online.",Neutral,Sarcastic,Non-Vulgar,Non-Abusive,Group
image_tamil_0879.jpg,"This meme features two panels contrasting a romantic sentiment with a humorous, cynical response. In the top frame, actor Prashanth from the film Jeans is shown with a serious and longing expression, accompanied by the Tamil text, Engu iruntha nan mannil piranthidum bothu, which translates to, Wherever I was when I was born on this earth. The label Sayyesha is placed over his face. The bottom frame cuts to a classic comedic shot of the actor Vadivelu looking bewildered and unimpressed, labeled as Arya, with the Tamil text, Vera enga irunthan andrea va love panitu irunthan, which translates to, Where else would he have been, he was busy loving Andrea. The meme humorously juxtaposes the romanticized, poetic question from the first panel with the mundane and mocking insinuation provided by the second, referencing the real-life personal history of the actor mentioned.",Neutral,Sarcastic,Non-Vulgar,Non-Abusive,Person
image_tamil_0140.jpg,"This meme features a close-up shot of the popular Tamil comedian Vadivelu, who displays a skeptical and slightly bewildered facial expression with a subtle smirk, conveying a sense of mock agreement or hidden doubt. The text overlay written in Tamil, translates to any task must be done with proper planning, okay, which is frequently used in social media to ironically highlight situations where someone is pretending to be organized while likely having no actual plan. The bright yellow background behind the actor enhances the humorous and candid nature of the expression, making it a classic reaction image for discussions regarding poor preparation or comical incompetence.",Positive,Non-Sarcastic,Non-Vulgar,Non-Abusive,Other
image_tamil_0796.jpg,"This meme employs a two-panel format using iconic scenes from Tamil cinema to poke fun at the pretentious bios often found on social media meme pages. The top panel features an intense close-up of an actor with a stern expression, accompanied by a Tamil caption that translates to, I will not speak here, only my memes will speak. The bottom panel showcases a recursive meta-joke where the actor from the lower scene, appearing confused and looking down at his phone, is depicted watching the top portion of the meme on his screen. The caption below him reads, Meme speak, speak, followed by the punchline, Dei she is not speaking da, which translates to a colloquial dismissal of the page owner's dramatic claim, effectively mocking the self-importance of admins who pretend their content is deep or sentient.",Neutral,Sarcastic,Non-Vulgar,Non-Abusive,Other
image_tamil_0177.jpg,"This meme features the popular Tamil comedian Vadivelu standing in the foreground with a disappointed and weary expression, surrounded by a group of men who are listening intently. The Tamil text overlay translates to, ""Sir only talks, but he does not show anything in action,"" which highlights a sense of frustration or skepticism regarding someone who makes promises or claims but fails to demonstrate them through their behavior. The expressions of the surrounding crowd reflect a mix of confusion and seriousness, complementing the skeptical tone of the caption, which is commonly used to criticize people who talk big but lack actual accomplishments or evidence.",Negative,Sarcastic,Non-Vulgar,Non-Abusive,Person
image_tamil_0485.jpg,"This meme features a still image of the popular Tamil comedian Vadivelu, captured with a distraught and pained facial expression as he clutches his chest while riding on a crowded bus. The text overlay written in Tamil, dhinam kathi mela nadakura mathiriye irukke en pozhappu, translates to My life feels like it is walking on a knife's edge every single day. The image effectively conveys a sense of extreme struggle, precariousness, and ironic humor, using the actor's well-known dramatic acting style to represent the feeling of living a stressful or unstable existence.",Positive,Non-Sarcastic,Non-Vulgar,Non-Abusive,Person
image_tamil_0938.jpg,"This meme features a series of six stills from the classic Tamil film Padayappa, illustrating a dramatic and ironic sequence of events. In the top panels, the protagonist Padayappa wipes his face with a cloth and tosses it toward the antagonist, Neelambari, who catches it and inhales its scent with a romantic, longing expression. The middle panels highlight her mesmerized reaction as she closes her eyes while smelling the cloth, appearing completely enamored. However, the final panels reveal a darkly comedic twist where she is suddenly shown lying lifeless on the ground, implying that the cloth was poisoned, with the caption above questioning how he managed to kill her before the actual final confrontation occurred. There is no Tamil text overlay on the images; the entire caption is written in English.",Negative,Sarcastic,Non-Vulgar,Non-Abusive,Person
image_tamil_0942.jpg,"The top panel of the image displays a scene from the horror movie The Ring, where the terrifying, long-haired entity Samara is shown crawling out from the glass of a television screen into a dark room. Below this, a stylized cartoon character with an exaggerated, dopey expression and a beard stares blankly, accompanied by a caption expressing a humorous wish that this supernatural event would occur instead when the viewer is watching movies featuring actresses like Emma Watson or Megan Fox. There is no Tamil text present in this image; the entirety of the text is in English, focusing on the comedic contrast between the horror of the film character's appearance and the viewer's lighthearted desire for their favorite celebrities to emerge from their screens.",Neutral,Sarcastic,Non-Vulgar,Non-Abusive,None
image_tamil_0885.jpg,"This political meme features a two-panel comparison using stills from a Tamil film, contrasting historical grievances with contemporary political alliances. The top panel shows a man holding a newspaper clipping with a headline claiming that 14,523 acres of land worth 1,220 crore were encroached upon during the previous DMK government's tenure. The middle text translates to, You are claiming that Raja Raja Cholan, who lived 1,200 years ago, snatched our land. The bottom panel features a close-up of a man looking skeptical, with the caption, Then why did your leader form an alliance with the DMK, who snatched land 10 years ago? The imagery uses a sarcastic tone to highlight perceived hypocrisy in political rhetoric, juxtaposing distant historical accusations with recent political actions.",Negative,Sarcastic,Non-Vulgar,Non-Abusive,Group
image_tamil_0089.jpg,"This meme features the popular Tamil comedian Vadivelu in a scene where he appears to be lying in a hospital bed or a similar setting, looking wide-eyed and startled with his hand raised in a gesture of discomfort or sudden realization. The Tamil text overlay, usssss, is an onomatopoeic expression often used in Tamil to signify a sharp, stinging pain or the sensation of being burned or pricked by something unexpected. His shocked facial expression combined with this text captures a moment of sudden, sharp physical distress or the feeling of being caught in a painful predicament.",Negative,Sarcastic,Non-Vulgar,Non-Abusive,Person
image_tamil_0420.jpg,"This meme features a humorous still from a Tamil film showing a man with an enthusiastic expression, mouth wide open in laughter, and hands outstretched as if gesturing in appreciation or disbelief. In the soft-focus background, another man looks on with a stern, observant gaze. The text overlay at the top, written in Tamil, translates to ""Wow... you nailed it!"" or ""You've really done it,"" followed by three clapping hand emojis. The image is commonly used in social media contexts to sarcastically or genuinely praise someone for an clever comment, a witty comeback, or an impressive action. A small watermark for a Tamil comedy meme page is visible in the lower left corner.",Negative,Sarcastic,Non-Vulgar,Non-Abusive,Person
image_tamil_0730.jpg,"This three-panel meme features legendary actor Rajinikanth in the top and bottom frames, with actor Dhanush in the middle. In the first panel, Rajinikanth asks, Maapla, ungaluku seethanam enna venum?, which translates to, Son-in-law, what dowry do you want? In the second panel, Dhanush looks down with a somber expression as he replies, Unga padam title ellam venum, meaning, I want all your movie titles. In the final panel, Rajinikanth returns with an intense, stern glare, holding a speech bubble that says, Title thaane Eduthukonga, which translates to, Oh, you just want the titles? Go ahead and take them, implying a sarcastic dismissal of the request.",Neutral,Sarcastic,Non-Vulgar,Non-Abusive,Group
image_tamil_0121.jpg,"This meme features a frame from a South Indian film showing an older woman with a suggestive expression, holding her hand near her mouth while looking slightly off-camera. The text at the top, written in Tamil as thambikku anubavam jasthi pola, translates to the younger brother seems to have a lot of experience, implying a double-entendre or humorous observation about someone's perceived sexual knowledge or maturity. The addition of three smiling, heart-eyed emojis reinforces the playful, flirtatious, and slightly cheeky tone of the image, which is commonly used in social media contexts to mock or tease someone.",Neutral,Non-Sarcastic,Non-Vulgar,Abusive,Person
image_tamil_0231.jpg,"This two-panel meme features the popular Tamil comedian Vadivelu alongside an actress, capturing a humorous interaction. In the top frame, the woman gestures toward him with the Tamil text above reading Happy Birthday Vadivelu. Vadivelu responds in the bottom frame with a wide, shy, and somewhat goofy grin, accompanied by the Tamil text below which translates to Thank you maami, hee hee hee, representing his character's typical timid yet funny reaction to being wished a happy birthday.",Positive,Non-Sarcastic,Non-Vulgar,Non-Abusive,Other
image_tamil_0870.png,"This meme features a man looking with a smug and satisfied expression at a small coin held between his thumb and index finger, positioned prominently in the foreground. The image is framed by text that reads, That awesome moment when u find money from ur old dress at month end, capturing the relatable joy of discovering forgotten cash during a time of financial scarcity. There is no Tamil text present in the image to translate, as the entire message is provided in English, highlighting the humorous relief of stumbling upon unexpected funds when one's budget is running thin.",Positive,Non-Sarcastic,Non-Vulgar,Non-Abusive,Group
image_tamil_0473.jpg,"This meme features a scene from a Tamil film showing the actor Goundamani standing in the center with a shocked and questioning facial expression, while an embarrassed man stands to his right scratching his head and two women stand to the side looking downcast and shy. The scene is a classic example of comedic timing used in Tamil cinema to depict a moment of awkward realization or irony. The Tamil text overlaid at the top reads Neenga evvalavu nallavaru, which translates to How good you are, and is typically used in memes to sarcastically mock someone's supposedly kind or noble behavior when it is actually viewed with suspicion or irony.",Negative,Non-Sarcastic,Non-Vulgar,Non-Abusive,Person
image_tamil_0417.jpg,"This meme depicts a relatable scenario during a long bus journey, using a still from a Tamil film featuring actors who portray the contrast between two types of passengers. On the left, a man is calmly using his phone while it is connected to a power bank, representing the prepared traveler. On the right, the character played by the comedian Vadivelu looks wide-eyed and anxious, representing the stressed traveler whose phone battery has dropped to a critical 20 percent. The Tamil text overlay, which is associated with a page called Tamil Comedy Memes, serves to brand the content, while the overall visual juxtaposition humorously captures the panic of running out of power compared to someone who is fully equipped.",Negative,Sarcastic,Non-Vulgar,Non-Abusive,Person
image_tamil_0328.jpg,"This meme features a frame of South Indian actor Silambarasan TR looking upward with a relaxed, slightly appreciative expression and a hand gesture indicating amazement or high praise. The background appears to be a brightly decorated indoor setting with traditional wall art. The Tamil text overlay, idhellam vera level, translates to this is on another level, a common colloquial phrase used in Tamil culture to express admiration for something exceptional, cool, or highly impressive. Overall, the image is used as a reaction meme to signify that a situation or piece of content is superior or beyond the standard expectation.",Neutral,Non-Sarcastic,Non-Vulgar,Non-Abusive,Person
image_tamil_0238.jpg,"This meme features a widely recognized still of the popular Tamil comedian Vadivelu, who appears to be mid-sentence with a serious and slightly skeptical facial expression, emphasizing his point by holding up his index finger. The Tamil text overlaid at the top, ""இது கிரிமினல் பய புள்ளையாச்சே..."", translates to ""He turns out to be a criminal fellow,"" a phrase often used in a humorous or sarcastic manner to react to someone who reveals a surprisingly devious or mischievous side. The overall composition, including the branding in the bottom corner, captures a classic moment of comedic disbelief frequently shared in internet culture to mock or highlight suspicious behavior.",Negative,Non-Sarcastic,Non-Vulgar,Non-Abusive,Person
image_tamil_0268.jpg,"This meme features a close-up shot of the popular Tamil actor Prakash Raj, who is seen in a classic gesture of exhaustion or disbelief with his hand pressed firmly against his forehead. His eyes are closed, and his expression conveys deep frustration, annoyance, or an inability to process a difficult situation. The green text overlay in Tamil, sssappa... thanga mudiyala, translates literally to Oh my god... I cannot take this anymore or I cannot bear this, and is widely used in social media to express a feeling of being overwhelmed by someone's behavior, a repetitive task, or a ridiculous scenario.",Positive,Non-Sarcastic,Non-Vulgar,Non-Abusive,Person
image_tamil_0969.jpg,"This meme features a humorous dialogue presented in bold red and black Tamil text against a solid light green background, punctuated by a row of laughing emojis at the bottom. The conversation depicts a frustrated mother questioning her son about his long hair and his habit of wearing rubber bands, to which the son nonchalantly replies that it is currently the latest fashion. The punchline arrives when the mother furiously retorts that the people who came to see her daughter for a marriage proposal have instead expressed interest in the son, leaving him in a state of confusion. The humor relies on the irony of the son's modern appearance being mistaken for the feminine qualities sought after by the traditional family members who arrived for the arranged marriage visit.",Positive,Sarcastic,Non-Vulgar,Non-Abusive,Group
image_tamil_0156.jpg,"This meme features a close-up shot of the popular Tamil comedian Goundamani, captured with a characteristically skeptical and unimpressed facial expression. He is shown looking slightly off-camera with a smirk and narrowed eyes, conveying a sense of biting sarcasm or disbelief. The Tamil text overlaid at the top of the image translates to English as, So, what are you trying to say now? This text is commonly used in social media discourse to dismiss someone’s argument or point out that their current explanation contradicts their previous actions or statements.",Negative,Non-Sarcastic,Non-Vulgar,Non-Abusive,Person
image_tamil_0448.jpg,"This meme features the popular Tamil comedian Vadivelu with his face smeared with soot, wearing a distressed and exasperated expression as he holds his hands out in frustration. The text overlay, written in Tamil, translates to English as, The drama created so far was not enough, and now this too? The image is commonly used in social media contexts to humorously express annoyance or disbelief when faced with an additional problem or an unexpected, unwelcome situation following a series of other troubles.",Negative,Non-Sarcastic,Non-Vulgar,Non-Abusive,Person
image_tamil_0383.jpg,"This meme features a still from a classic Tamil comedy film starring Goundamani, where he sits in a domestic setting with two other characters. The central figure is shown eating from a small metal bowl with a look of extreme frustration or despair on his face, perfectly capturing the relatable feeling of being overwhelmed by life's daily struggles. The Tamil text overlaid on the image, Indha pozhappukku naanndukittu saagalam, translates to English as, I might as well hang myself instead of living this life, a hyperbolic and darkly humorous expression often used in Tamil pop culture to describe severe workplace frustration or life dissatisfaction. The composition uses the actor's exaggeratedly pained expression to serve as a comedic template for anyone feeling exhausted by their current circumstances.",Negative,Non-Sarcastic,Non-Vulgar,Non-Abusive,Person
image_tamil_0869.jpg,"This meme humorously pairs a nature photograph of a lion standing peacefully next to a zebra at a watering hole with a still from the Tamil film Virumaandi. The top panel refers to the ""Purattasi effect,"" a traditional practice in South India where many people abstain from eating non-vegetarian food during the Tamil month of Purattasi, implying that the lion is not hunting the zebra because it is following this dietary restriction. The bottom panel shows the actor Pasupathy gesturing excitedly amidst a group of onlookers in a village setting, accompanied by the Tamil text ""Enga thala zebra ku evlo Dhillu paathiyaa..?!,"" which translates to ""Look at how much courage our leader zebra has..?!,"" mocking the absurdity of the zebra standing calmly beside a natural predator.",Neutral,Sarcastic,Non-Vulgar,Non-Abusive,Group
image_tamil_0198.jpg,"This meme features a humorous confrontation between the popular Tamil actor Vadivelu, dressed in a pink shirt with his hair tied in a small bun, and actor Vijay. Vadivelu appears visibly agitated, shouting and gesturing with a clenched fist while looking directly at Vijay, who stands calmly in a plaid shirt listening with a slightly skeptical or neutral expression. The overlaid Tamil text translates to, ""Hey, what kind of talk is this? What are you saying?"" The scene captures a classic comedic exchange from a Tamil film, highlighting the contrast between Vadivelu's dramatic, high-energy outburst and Vijay's stoic reaction, a dynamic often used in internet culture to express disbelief or confusion toward someone else's statements.",Negative,Non-Sarcastic,Non-Vulgar,Non-Abusive,Person
image_tamil_0175.jpg,"This meme features a frame from a Tamil film where a man in a red shirt is hunched over and looking down, while a man in a blue shirt stands opposite him with a skeptical, questioning expression, his hand outstretched as if demanding an explanation. The yellow text overlay at the top, which reads Konjananja pecha pesuna, translates to saying something along the lines of having spoken just a little bit or having uttered a few words, and is used in a humorous context to imply a situation where someone is being sarcastically asked to account for their behavior or speech after an awkward or minor confrontation.",Negative,Sarcastic,Non-Vulgar,Non-Abusive,Person
image_tamil_0154.jpg,"This meme features a widely recognized comedic scene from a Tamil film starring the actor Goundamani and the comedian Vadivelu. Vadivelu is captured in the center of the frame, mid-action with a look of exaggerated excitement and triumph, holding his fist up while dancing or skipping on a dirt ground scattered with small objects. Beside him, Goundamani walks with a stoic and disinterested facial expression, creating a humorous contrast between their reactions. The Tamil text overlay at the top reads, en singam vanthuruchi da, which translates to ""my lion has arrived,"" a phrase typically used sarcastically or melodramatically to announce the arrival of someone who is considered bold or heroic.",Positive,Non-Sarcastic,Non-Vulgar,Non-Abusive,Person
image_tamil_0151.jpg,"This meme features the popular Tamil comedian Vadivelu sitting in the passenger seat of a car, captured with his eyes closed and his right arm raised in a relaxed, lethargic position. His expression conveys a state of feigned ignorance or deliberate detachment. The Tamil text overlaid at the top reads ""namakkethukku vambu thoongura maathiriye nadippom,"" which translates to ""why do we need trouble, let's just pretend to be asleep."" Together, the image and caption humorously depict a common strategy of feigning unawareness or sleep to avoid getting involved in unnecessary conflicts or awkward situations.",Neutral,Non-Sarcastic,Non-Vulgar,Non-Abusive,Other
image_tamil_0600.png,"This three-panel meme features two men sitting at a table engaged in a cynical conversation about social media usage. In the first panel, the man on the left says in Tamil, Daily Facebook use panninaa romba nalladhaam, which translates to, It is said that using Facebook daily is very good. In the second panel, the man on the right asks, Yaaruku?, or For whom? Finally, the first man responds with a smirk while the second man looks on with a knowing, slightly frustrated expression as the text reads, Mark Zuckerberg ku, meaning, For Mark Zuckerberg. The humor derives from the contrast between the initial suggestion that social media is beneficial and the punchline, which suggests that the only real beneficiary of constant platform engagement is its creator.",Neutral,Sarcastic,Non-Vulgar,Non-Abusive,Person
image_tamil_0529.jpg,"This meme features a split-screen comparison between actress Priya Prakash Varrier and veteran Tamil actor Sivaji Ganesan, paired with the Tamil text overlay which translates to, I was the headmaster of the school you studied in. The top left panel shows Varrier looking directly at the camera, while the top right panel shows Ganesan in traditional attire performing a classical dance. The bottom left and right panels mirror their expressions, capturing a moment where both figures perform a cheeky, singular wink. The meme humorously juxtaposes a modern viral moment of youthful flirtation with a classic, iconic performance by a legendary actor, using the text to playfully suggest a seniority or authority over the situation.",Negative,Sarcastic,Non-Vulgar,Non-Abusive,Person
image_tamil_0295.jpg,"This meme features a close-up shot of the popular Tamil comedian Vadivelu, who displays a skeptical, slightly disgusted, and unimpressed facial expression with his mouth partially open and eyes shifted to the side. The Tamil text overlaid at the top reads ""Unga judgement romba thappu,"" which translates to ""Your judgment is very wrong."" The image is frequently used in internet culture to mock or criticize an opinion, decision, or statement that the user finds absurd or completely incorrect.",Negative,Non-Sarcastic,Non-Vulgar,Non-Abusive,Person
image_tamil_0534.jpg,"This meme features a close-up image of a baby wearing a yellow shirt being examined with a stethoscope, looking down at the instrument with a comically confused and skeptical facial expression. The baby's wide-eyed, perplexed look suggests a sense of disbelief or suspicion toward the medical examination. The Tamil text in the speech bubble reads, Yov! Inga ena soluthu Jessy Jessy soluthaa?, which translates to something like, Hey! What is it saying here, is it saying Jessy Jessy? The humor relies on the juxtaposition of the infant's serious, questioning expression with the whimsical idea that the stethoscope might be whispering a name, highlighting the absurdity of the situation.",Negative,Sarcastic,Non-Vulgar,Non-Abusive,Other
image_tamil_0338.jpg,"This meme features a widely recognized comedic facial expression from the popular Tamil actor Vadivelu, who appears to be crying or wailing with a distraught and exaggerated look of despair. In the background, a woman is slightly visible, contributing to the humorous framing of the situation. The Tamil text overlay translates to, I don't even have a single girl to tie a Raksha Bandhan thread for me, which serves as a self-deprecating commentary on being single during the festival that celebrates the bond between brothers and sisters. The overall tone is lighthearted and self-mocking, typical of the popular social media trend of using classic Tamil film scenes to express relatable, everyday frustrations.",Negative,Sarcastic,Non-Vulgar,Non-Abusive,Person
image_tamil_0185.jpg,"This meme features a still from a Tamil film showing the actor Vadivelu pointing his finger toward a woman while looking at her with an intense and admonishing expression, conveying a sense of disapproval. The Tamil text overlaid at the top of the image translates to, All of this is not good, I am telling you, which acts as a common humorous template used in social media to express strong disagreement, warning, or frustration regarding a particular situation or behavior.",Negative,Non-Sarcastic,Non-Vulgar,Non-Abusive,Person
image_tamil_0432.jpg,"This meme features a still from a Tamil film showing a conversation between two men, one of whom is the well-known comedian Vadivelu, who appears to be gesturing expressively with his hand near his chest while looking at the other man. The Tamil text overlaid on the image translates to, If we let those things roam around outside, we would have put them to sleep in a corner because the earth could not bear them. The scene captures a humorous moment where the character is using hyperbolic, exaggerated language to describe someone or something as being so unbearable or problematic that their presence is a burden to the entire world.",Neutral,Non-Sarcastic,Non-Vulgar,Non-Abusive,Person
image_tamil_0912.jpg,"This meme features the popular Tamil comedian Vadivelu in a multi-panel sequence, highlighting the relatable habit of relying on Google for answers. The top panels play on the cultural adage Matha Pitha Guru Deivam, which translates to Mother, Father, Teacher, God, by replacing these figures with Google to suggest it is the ultimate source of knowledge. In the middle panels, the character reacts with surprise and slight comedic indignation, asking why Google appears in the guru category, with the text questioning why it is considered a teacher. In the final bottom panels, a character identified as me explains the logic behind the sentiment, stating that because we ask Google whatever we do not know and it provides all the answers, it is indeed our true guru. The comedian's signature expressive, wide-eyed, and inquisitive facial expressions perfectly capture the transition from confusion to realization, illustrating how the internet has become an essential guide in modern life.",Positive,Non-Sarcastic,Non-Vulgar,Non-Abusive,None
image_tamil_0051.jpg,"This meme features a comical scene from a Tamil movie where a woman is humorously rocking a grown man like a baby in a cloth cradle, highlighting his passive and resigned facial expression. The text overlay is written in Tamil and translates to, Why are you still awake and what are you doing? The juxtaposition of the man's adult stature with the infant-like sleeping arrangement creates a lighthearted, sarcastic tone often used to tease friends or social media users who are active late at night instead of getting some rest.",Neutral,Sarcastic,Non-Vulgar,Non-Abusive,Person
image_tamil_0474.jpg,"This four-panel collage features the popular Indian comedian Vadivelu dressed in traditional historical film attire, including a long handlebar mustache and elaborate jewelry. In each frame, he assumes dramatic, theatrical poses with expressive facial gestures that suggest he is either recounting a tall tale, delivering a comedic monologue, or reacting with exaggerated disbelief to his costars. The surrounding characters, also dressed as ancient palace guards or courtiers, remain relatively stoic, further highlighting Vadivelu’s performative and often frantic energy. The image includes a website watermark in the center, but contains no actual Tamil text overlays to translate. The overall visual tone captures a classic scene of cinematic buffoonery, frequently utilized in internet culture to represent moments of confusion, ironic storytelling, or humorous exasperation.",Negative,Sarcastic,Non-Vulgar,Non-Abusive,Person
image_tamil_0072.jpg,"The image features a still from a popular Tamil comedy film showing the actor Vadivelu looking frustrated and exasperated while surrounded by two other characters. Vadivelu is holding his fist up with a pained, weary expression, while the woman beside him looks on with concern, capturing the classic comedic trope of a person overwhelmed by a mundane yet repetitive situation. The Tamil text overlaid at the top translates to, How much longer do I have to keep sending good morning and good night messages? This text humorously conveys the exhaustion one feels when maintaining routine or performative social interactions, perfectly matching the actor's annoyed and weary body language in the scene.",Positive,Non-Sarcastic,Non-Vulgar,Non-Abusive,None
image_tamil_0558.jpg,"This meme presents a humorous juxtaposition between traditional Hindu rituals and modern gaming culture, specifically focusing on the popular battle royale game PUBG. The upper panel depicts an Ayutha Pooja setup, a ceremony where tools and instruments are worshipped, but instead of traditional equipment, the display features digital items from PUBG, including various firearms, grenades, health kits, a frying pan, and a soldier's helmet and vest arranged as offerings. Below this, a popular Tamil comedic actor is shown with his hands folded in prayer, wearing a digital PUBG helmet and vest edited onto his body, appearing to seek divine favor for his gaming performance. The Tamil text translates to a prayer asking God to help him achieve ten kills and a chicken dinner in a single round, with the caption emphasizing that he will remain devoted if these gaming goals are met. The overall tone is lighthearted and ironic, highlighting the intense dedication of gamers through the lens of local cultural traditions.",Positive,Sarcastic,Non-Vulgar,Non-Abusive,Group
image_tamil_0125.jpg,"This meme features a close-up, comedic screen capture of the well-known Tamil comedian Goundamani, who wears a prominent mustache and has a wide, gleeful, and somewhat mischievous expression on his face. The superimposed Tamil text at the top reads, ""Avanavan edukura mudivu namakku saadhagama thanya irukku,"" which translates to ""The decisions that others make are actually proving to be in our favor."" The image is frequently used in social media contexts to humorously signify a moment where an unexpected or ironic event ends up benefiting the speaker, often highlighting a sense of triumphant, albeit sarcastic, satisfaction.",Positive,Non-Sarcastic,Non-Vulgar,Non-Abusive,Other
image_tamil_0459.jpg,"This meme features the popular Tamil comedian Vadivelu wearing a green shirt with yellow powder smeared on his face, captured in a moment of enthusiastic, wide-mouthed laughter that implies he is caught in a moment of cynical amusement or mocking realization. The Tamil text overlaid at the top reads Aahaa.. oru mudivoda thanya irukkanga, which translates to Wow, they seem to have come with a firm decision today, often used to sarcastically describe someone who appears to be acting with a pre-planned, stubborn, or bold agenda. The overall tone of the image is comedic and is frequently used on social media to highlight situations where someone is visibly committed to a particular, often questionable, course of action.",Neutral,Sarcastic,Non-Vulgar,Non-Abusive,Person
image_tamil_0918.jpg,"The meme features an image of several individuals gathered around a globe, ceremoniously pouring water over it from a traditional metal vessel, an act that implies a ritualistic attempt to cool the planet. The individuals involved appear serious and focused on the ritual, while the overlay text introduces a humorous contrast by framing this action as the solution backbenchers—the students stereotypically known for being mischievous or unconventional—would propose when a teacher claims global warming is uncontrollable. The text in the upper right corner reads pagudu popeye, which is a stylized watermark likely associated with the creator or page, rather than a phrase requiring direct translation. The humor is derived from the absurdity of addressing a complex scientific issue with a symbolic religious or traditional gesture, mocking the perceived over-simplistic or erratic logic attributed to the backbenchers.",Neutral,Sarcastic,Non-Vulgar,Non-Abusive,Group
image_tamil_0688.jpg,"This meme humorously highlights the inconsistent behavior of a reality show contestant named Vanitha by contrasting her contradictory actions within a short timeframe. The top section captures a scene where Vanitha presents a heart to Cheran while claiming he reminds her of her brother, which is immediately followed by a middle frame showing her later decision to nominate him for elimination. The bottom panel features a famous scene from a Tamil movie where a bus conductor, labeled as the confused audience, appears distressed and frustrated, with the overlaid Tamil text translating to why are you talking so inconsistently, effectively capturing the viewers' disbelief and bewilderment at her unpredictable and shifting stance toward her fellow housemate.",Negative,Sarcastic,Non-Vulgar,Non-Abusive,Person
image_tamil_0056.jpg,"This meme features a frame from a Tamil film showing a central character standing with his back to the camera while surrounded by a group of men who appear serious and slightly wary. The expressions on the faces of the men in the crowd are neutral to somewhat concerned, suggesting a tense or awkward social situation. Overlaid in Tamil text at the top is the phrase naam appadiye kelambiruvom, adhan namakku nalladhu, which translates to let us just leave right now; that is what is good for us. The combination of the visually heavy atmosphere and the text implies a comedic desire to exit a situation immediately to avoid trouble or further discomfort.",Negative,Sarcastic,Non-Vulgar,Non-Abusive,Person
image_tamil_0948.jpg,"This meme presents a side-by-side comparison featuring an intense scene from the Tamil film Maanaadu to humorously depict the contrast between public perception and private reality. The top panel shows the actor Silambarasan (STR) surrounded by a chaotic, aggressive crowd of fans and cameras, portraying a high-pressure environment where he looks visibly stressed and overwhelmed as people push toward him. In the bottom panel, the scene shifts to a dramatic, wide-eyed reaction from actress Kalyani Priyadarshan, emphasizing a sense of shock, panic, or being caught off guard. While the image contains watermarks reading Bingo Box and R.S.King, there is no direct Tamil text overlay to translate; instead, the meme relies on the juxtaposition of the chaotic public encounter above and the visceral emotional reaction below to illustrate the feeling of being trapped or suffocated by unwanted attention.",Negative,Non-Sarcastic,Non-Vulgar,Non-Abusive,Person
image_tamil_0503.jpg,"This image combines a political news headline with a popular Tamil film comedy scene to offer a satirical commentary on an electoral alliance. The top section shows a news report from March 2, 2019, announcing that Dr. Krishnasamy, leader of the Puthiya Tamilagam party, had joined the AIADMK alliance and was allotted one constituency. Below this, a meme features the comedian Vadivelu and his co-star with sardonic, wide-eyed expressions of exaggerated satisfaction. The Tamil text overlaid on the meme translates to, ""Phew... all the parties we were expecting have finally come together. Now we just have to take care of them properly,"" which serves as a sarcastic jab implying that the voter is now ready to deal with these political actors in the upcoming elections.",Negative,Sarcastic,Non-Vulgar,Non-Abusive,Organization
image_tamil_0654.png,"This meme features a screenshot from a popular Tamil comedy film scene depicting an interaction between a comedian and another character, where the character on the left is pointing a finger towards the other in a scolding or instructional manner. The text above explains the humor by imagining a conversation between film composer Anirudh Ravichander and director Shankar regarding the movie Indian 2, with Anirudh suggesting, Sir, shall we reverse the Annamalai background music theme and use it here? to which Shankar retorts, You fool, this is a Kamal Haasan movie. The humor relies on the industry reputation of Anirudh often reusing or remixing popular motifs in his scores and the tension between his style and the legacy of a Kamal Haasan project.",Neutral,Sarcastic,Non-Vulgar,Non-Abusive,Other
image_tamil_0694.jpg,"This meme features a dramatic, action-oriented screen capture of a man leaping over a stadium railing into a crowd, a scene taken from a South Indian film featuring the actor Suriya. The image is used to create a humorous sports-related commentary regarding the 2016 Indian Premier League season. A yellow text overlay at the bottom reads, ""Only person who can stop Virat Kohli in IPL 2016,"" suggesting that given the extraordinary and dominant batting performance Virat Kohli displayed during that specific tournament, only a fictional or physically impossible intervention by a high-flying film hero could have halted his momentum. The man in the image shows a determined, intense expression as he vaults mid-air, surrounded by spectators and flags, emphasizing the hyperbolic and playful nature of the comparison.",Negative,Sarcastic,Non-Vulgar,Non-Abusive,Person
image_tamil_0380.jpg,"This meme features a still from a Tamil film showing the popular comedian Vadivelu draped in a black blanket, looking directly at the camera with wide, fearful eyes and a tense facial expression to convey intense fright. The Tamil text overlaid at the top reads, Aiyo bayanthu varuthunga bro, which translates to Oh my god, I am getting scared, bro. The image is frequently used in Tamil internet culture to humorously express feelings of terror or anxiety when encountering an unsettling or intimidating situation. A small watermark for Tamil Comedy Memes is visible in the bottom left corner, identifying the source of the image.",Negative,Non-Sarcastic,Non-Vulgar,Non-Abusive,Person
image_tamil_0581.jpg,"This meme uses a scene featuring the popular Tamil comedian Vadivelu to poke fun at the limited screen time of actresses Simran and Trisha in the film Petta. The top frame shows an empty room with a blurry figure, implying a lack of substance, while the text in English asks about the roles of Simran and Trisha in the movie. In the middle frame, the character played by Vadivelu asks his friend in Tamil, ""Hey buddy, did you see them?"" while looking confused. In the final frame, his companion replies in Tamil, ""Not at all, buddy,"" with a deadpan expression, reinforcing the joke that the actresses' presence in the film was so minimal that they were barely noticeable.",Positive,Non-Sarcastic,Non-Vulgar,Non-Abusive,Person
image_tamil_0187.jpg,"The image shows a scene from a Tamil film set inside a bus, where a man in a blue shirt is aggressively grabbing the collar of a man in a neon yellow shirt. The facial expressions capture a moment of intense confrontation, with the man being grabbed appearing shocked and distressed while the other looks hostile. The Tamil text overlay, which reads koyyaala, is a colloquial and vulgar expletive often used in a heated or aggressive context to express extreme frustration or anger, similar to a crude four-letter word in English. This meme is frequently used in social media to depict situations involving intense conflict, arguments, or the frustration of being caught in an unpleasant or unavoidable confrontation.",Negative,Non-Sarcastic,Non-Vulgar,Abusive,Person
image_tamil_0964.jpg,"The top half of the image features the Indian actor Sivakarthikeyan giving a salute while wearing sunglasses and a yellow shirt. The bottom half shows a character from a movie, labeled as *SK_fans*, gesturing with open arms in an expression of welcoming or celebration, while a small inset photo of the comedian Goundamani looks on with a skeptical or unimpressed expression. The text at the bottom reads one year of seemaraja, referring to the first anniversary of the 2018 Tamil film Seemaraja, and is accompanied by peace and fire emojis. The meme humorously contrasts the enthusiastic celebration of the movie's anniversary by the actor's fanbase with the likely indifferent or critical reaction from the general audience represented by the comedian's expression.",Positive,Sarcastic,Non-Vulgar,Non-Abusive,Person
image_tamil_0373.jpg,"This meme features a split-screen composition comparing a primate on the left with a man on the right, both looking directly at the camera. The ape maintains a neutral, flat-lipped expression, while the man, a well-known South Indian comedic actor named Vadivelu, displays a wide, somewhat exaggeratedly forced grin while propping his chin with his hands. The text at the top, ""TAG A FRIEND WITH GREAT SMILE,"" sets up the comparison as a humorous, lighthearted jab at a friend's appearance. The overall intent of the image is to poke fun at someone by implying a resemblance between them and the primate, using the actor’s iconic comedic persona to drive home the joke.",Negative,Sarcastic,Non-Vulgar,Non-Abusive,Person
image_tamil_0069.jpg,"This meme features a close-up shot of the popular Tamil comedian Vadivelu, who displays a skeptical and cynical expression with a raised eyebrow and a subtle smirk, capturing his signature comedic persona. Superimposed over his image is a Tamil text that humorously observes the state of society, which translates to: An uneducated person puts his thumbprint on paper, while an educated person puts his thumbprint on a phone; that is the only difference. The caption highlights the irony of modern technological dependence, suggesting that despite differences in formal education, both groups are equally reliant on digital interfaces, a common theme in social commentary-style comedy memes.",Neutral,Non-Sarcastic,Non-Vulgar,Non-Abusive,None
image_tamil_0305.jpg,"In this two-panel image, the popular Tamil comedian Vadivelu, wearing a bright green shirt and carrying a towel over his shoulder, is shown in an outdoor setting surrounded by a group of men who appear to be training for a local boxing match. In the top panel, he is captured gesturing and speaking animatedly toward the man standing across from him, while in the bottom panel, he continues his conversation while standing next to a man wearing boxing gloves and a head sweatband. The scene is characterized by the contrast between the comedic, expressive nature of Vadivelu and the serious, stoic demeanor of the others, a setup commonly used in South Indian cinema memes to represent a chaotic or exaggerated explanation being given to people who are unimpressed or confused. There is no specific Tamil text overlay in this image, only the watermark of the website roflphotos.com positioned across the center and bottom, and the scene depicts a lighthearted, observational moment typical of Vadivelu’s filmography.",Positive,Non-Sarcastic,Non-Vulgar,Non-Abusive,Other
image_tamil_0472.jpg,"This meme features the popular Tamil comedian Vadivelu standing at a public event and speaking into an old-fashioned microphone. His facial expression is one of extreme frustration and annoyance, as if he is fed up with an ongoing situation or a relentless speaker. The Tamil text overlaid at the top, Podhum idhoda niruthikka, translates to Enough, stop it with this, or That is enough, stop right here. The image is frequently used on social media to express a desire for someone to cease their annoying behavior or to shut down a repetitive and tiresome conversation.",Negative,Sarcastic,Non-Vulgar,Non-Abusive,Person
image_tamil_0375.jpg,"This meme features a still from a popular Tamil film starring comedians Vivek and Vadivelu, capturing a moment of theatrical confrontation. Vivek, on the left, wears a blue shirt and a white cloth over his shoulder with an exaggerated, pouting facial expression, while Vadivelu, on the right, wears a straw hat and gestures with his hands in an inquisitive, frustrated manner. The Tamil text overlaid at the top translates to, Why are you people making me angry by posting ""Haha"" reactions to whatever display picture I set? The image conveys a sense of lighthearted annoyance regarding the unsolicited or mocking reactions one might receive on social media platforms when updating their profile photo.",Negative,Sarcastic,Non-Vulgar,Non-Abusive,Person
image_tamil_0161.jpg,"This meme features a close-up photograph of the popular Tamil comedian Vadivelu dressed in a police uniform, wearing a prominent fake mustache and sporting a wide, exaggerated, and somewhat mischievous grin. The text overlaid at the top of the image is written in Tamil, which translates to ""Hey friend... are you doing well, friend...?"" The combination of the actor's iconic comedic facial expression and the informal, slightly satirical tone of the greeting makes it a widely used template in South Indian internet culture for expressing feigned politeness, sarcasm, or a friendly yet humorous inquiry when initiating a conversation.",Positive,Sarcastic,Non-Vulgar,Non-Abusive,Person
image_tamil_0531.jpg,"This meme features a two-part composition contrasting the aspirations of actress Kasthuri Shankar with the reaction of a politician. The top image shows Kasthuri posing with the text in Tamil stating that she will soon join a political party and contest in an upcoming by-election. Below this, a photo of a smiling, jovial politician appears with a caption in Tamil that translates to ""First stand in the main road, here I come,"" which serves as a sarcastic or mocking retort to her political ambitions. The contrast between her confident stance and his relaxed, somewhat condescending expression highlights the satirical nature of the meme, mocking the sudden entry of celebrities into the political landscape.",Negative,Sarcastic,Non-Vulgar,Non-Abusive,Organization
image_tamil_0304.jpg,"This image is a collage of several frames featuring the popular Indian comedian Vadivelu, captured during a scene from a movie where he plays a participant in a kabaddi match while wearing a yellow sports jersey and a sweatband. The frames depict him in a state of high-spirited, hyperbolic excitement, characterized by exaggerated wide-mouthed laughter, pointing gestures, and expressions of extreme amusement or playful triumph. The text overlay visible in the center of the image, roflphotos.com, is a watermark from a website hosting meme templates, while the word kabadi printed on his jersey identifies the sports-themed context of the sequence. His expressive face and theatrical body language convey a sense of mock shock, boisterous cheering, and comedic disbelief, making it a widely used template for reactions to humorous or unbelievable situations.",Negative,Sarcastic,Non-Vulgar,Non-Abusive,Person
image_tamil_0283.jpg,"The image features a still from a Tamil film showing a man standing in a body of water, covered in mud, with his hands outstretched and a desperate, pained expression on his face, conveying a sense of helplessness or existential frustration. Above the image, the Tamil text reads Ippa puriyudhada, which translates to Do you understand now? The caption is often used in a humorous or sarcastic context to signal a realization or to mock someone who finally understands a situation after prolonged confusion. In the lower-left corner, a small logo featuring the likeness of two popular Tamil comedians acts as a watermark for the content creator.",Negative,Non-Sarcastic,Non-Vulgar,Non-Abusive,Person
image_tamil_0444.jpg,"This meme features a two-panel sequence from a classic Tamil comedy scene starring actor Vivek, who is depicted in a mock television studio setting. In the top panel, Vivek appears surprised and agitated, with a text overlay in Tamil that translates to ""What! Is it over for the BJP!!!"" The bottom panel shows him with an exaggerated, dramatic expression of realization, with the text overlay translating to ""Then! Is it over for the Congress too!!!"" The humor relies on the juxtaposition of his theatrical and panicked body language against the backdrop of political commentary, using a satirical tone to imply that both major political parties are facing a sudden, collective downfall.",Neutral,Sarcastic,Non-Vulgar,Non-Abusive,Other
image_tamil_0631.jpg,"This meme features a top panel showcasing a scene from a Tamil television soap opera where a male character, possessed by a supernatural spirit and dressed in a saree and heavy makeup, appears to be confronting a female character. Below this, a popular film still featuring the comedian Vadivelu is used to represent the viewer's reaction. In the film scene, the character represented by the text SunTV is on the phone, while the person labeled as Me gestures in confusion. The Tamil text across the bottom translates to, How can a ghost enter a woman's body and manage to have a wedding night with another woman, while the smaller text in the top panel reads, First night with a ghost. The contrast between the absurd dramatic premise of the television show and the perplexed reaction of the meme creator highlights the ridiculous nature of the plot twist.",Negative,Sarcastic,Non-Vulgar,Non-Abusive,Other
image_tamil_0513.jpg,"This image presents a humorous meme edited to look like an Olympic weightlifting broadcast, featuring the late Tamil folk singer and actress Paravai Muniyamma alongside a man in a weightlifting singlet on a professional competition platform. The text overlay reads, ""Indha karumatha thooka dhan ivalo periya stage-ah,"" which translates to ""Is this such a big stage just to lift this wretched thing?"" The visual humor stems from the incongruity of placing a traditional elderly woman in a saree into a high-stakes Olympic sports setting, while her facial expression and the caption convey a sense of unimpressed skepticism regarding the importance of the event.",Positive,Sarcastic,Non-Vulgar,Non-Abusive,Person
image_tamil_0267.jpg,"This meme features a still from a classic Tamil comedy film starring the actor Vadivelu, who is shown holding a microphone while gesturing toward another man in an orange shirt who appears frustrated and is holding his head. The group of men gathered in a rural outdoor setting conveys a sense of chaotic, humorous drama typical of the scene. The Tamil text overlaid at the top reads Idhellam oru jokka..?? Appadiye odi poyiru.., which translates to Is this even a joke..?? Just run away from here. The caption serves to mock a situation or a bad joke, suggesting that the content is so poor that it warrants immediate departure.",Positive,Non-Sarcastic,Non-Vulgar,Non-Abusive,Person
image_tamil_0370.jpg,"This meme features two iconic actors from Tamil cinema, Vadivelu and another performer, engaged in an animated conversation that represents a relatable struggle with smartphone photography. The Tamil text overlay translates to How many selfies do you take and delete in a single day, humorously framing the actors as representing the user and their frustrated phone. Vadivelu, appearing as the personified phone, gestures with an exasperated expression as if questioning the excessive vanity and repetitive habits of his owner. Meanwhile, the other actor stands beside him looking slightly sheepish or defensive, capturing the comedic irony of someone who spends hours capturing photos only to discard most of them.",Positive,Non-Sarcastic,Non-Vulgar,Non-Abusive,Person
image_tamil_0471.jpg,"The image is a humorous meme featuring a still from a popular Tamil movie, portraying a scene where a man comforted by another tries to soothe a distressed third person. The man in the middle, labeled as Jio customers, is holding the shoulders of the man on the right, labeled as Aircel customers, who is looking upward with an expression of deep sorrow or grief. To the left stands a woman labeled as Airtel customers, observing the interaction with a stoic or neutral expression. The Tamil text overlay at the top reads ""Azhathinga boss.. nanga irukom,"" which translates to ""Don't cry boss, we are here,"" serving as a satirical commentary on the shifting landscape of Indian telecommunications, where newer market players seem to be offering solace to customers of failing networks.",Positive,Non-Sarcastic,Non-Vulgar,Non-Abusive,Person
image_tamil_0714.jpg,"This meme features a series of six panels showcasing various actors from Tamil cinema, using a wordplay-based dialogue exchange to highlight confusion over character identities. The sequence begins with one character calling out to another named Ezhumala, to which the respondent clarifies that they are not Ezhumala but Marudhamala. This pattern repeats with another character identifying the person as Marudhamala, who corrects them by stating they are actually Ezhumala, creating a humorous back-and-forth about mistaken identities. The final panel shows a character holding a Shiva Lingam, who dismisses the previous confusion by stating, I am neither, I am Thiruvannamalai, which is a play on words using the names of places and the names in the movie to create a punchline. The facial expressions throughout the meme range from intense and confrontational to questioning and stoic, capturing the classic dramatic style of South Indian action cinema while playing on the phonetic similarities between the names used in the dialogue.",Negative,Sarcastic,Non-Vulgar,Non-Abusive,Person
image_tamil_0699.jpg,"This image combines a screenshot of a 2015 social media announcement from actress Trisha Krishnan, where she informs her followers of her upcoming private engagement to Varun, with a reaction meme featuring the popular Tamil comedian Goundamani. In the bottom panel, the actor wears a frustrated and skeptical facial expression while the overlaid Tamil text, Poda poda.. Trisha illana Divya!!!!, translates to Get lost... if not Trisha, then Divya!!!!. The meme uses this humorous contrast to portray a fan who is dismissively unbothered by the actress's personal life news, humorously suggesting that they can simply shift their fandom to another actress instead.",Negative,Sarcastic,Non-Vulgar,Non-Abusive,Person
image_tamil_0886.jpg,"This meme uses a comparative four-panel layout to provide a humorous take on the 10-Year Challenge by contrasting the aging experiences of women and men. The top row, labeled For Girls, shows a childhood photo of an actress on the left alongside her as a glamorous adult on the right, both featuring bright, youthful smiles. In contrast, the bottom row, labeled For Boys, shows a man in his younger years on the left and an older, bald version of the same man on the right, suggesting a more drastic physical decline. The text overlay in Tamil, which appears repeatedly as pidithathai pagirvom, translates to let us share what we like. Overall, the meme relies on stereotypes about beauty and aging to create a lighthearted, self-deprecating joke about how different genders supposedly evolve over a decade.",Neutral,Sarcastic,Non-Vulgar,Non-Abusive,Group
image_tamil_0914.jpg,"This three-panel meme uses a humorous tone to comment on the significant age gaps found in celebrity marriages within the South Indian film industry. The top panel features actors Fahad and Nazriya, noting a 12-year age difference, followed by the middle panel highlighting Arya and Sayesha with a 17-year age gap. The final panel features actor Suriya looking pensive with a caption written in Tamil, which translates to ""Let's wait,"" representing the humorous perspective of 90s kids who are observing these trends and jokingly implying they are waiting for their own opportunities despite the unconventional age dynamics.",Neutral,Sarcastic,Non-Vulgar,Non-Abusive,Group
image_tamil_0709.jpg,"This meme utilizes a three-panel sequence from a Tamil film featuring actor Vishal, where the top image introduces a topic and the bottom panels convey a dramatic, dismissive reaction. The top caption refers to the heroine of the movie Dhilluku Dhuddu 2, while the bottom caption translates to ""The film is good, but only she..."" The character in the bottom frames displays a look of intense disgust and rejection while pointing his finger, visually representing someone who finds a movie enjoyable overall but holds a strong, negative opinion about a specific actress's performance or presence in the film.",Negative,Sarcastic,Non-Vulgar,Non-Abusive,Person
image_tamil_0697.jpg,"This meme uses a classic two-panel scene featuring the Tamil comedians Goundamani and Senthil to poke fun at director Atlee and his tendency to cast multiple major stars in his films. In the first panel, the character representing Atlee stands beside a drinking Goundamani, who represents an Endgame director. The Tamil text overlay translates to, I am thinking of making Swayamvaram Part 2 with all the heroes. In the second panel, the character representing Atlee excitedly gestures toward the other man, who is shown violently spitting out his drink in shock at the sheer scale of the suggestion. The joke highlights the contrast between the standard massive crossover event of an Avengers movie and the potential chaos of a hypothetical Indian film featuring every major hero simultaneously.",Neutral,Sarcastic,Non-Vulgar,Non-Abusive,Person
image_tamil_0853.jpg,"This meme features a humorous three-part sequence where a young man is seen sitting in front of a computer screen playing a video of Indian cricketer Virat Kohli. In the top panels, the fan holds a stack of Indian currency notes toward the screen, appearing to feed money to the digital image of Kohli, who has his tongue sticking out. The bottom panel displays a close-up, high-definition shot of Virat Kohli wearing a stunned, wide-eyed, and bewildered expression, serving as a reaction to the absurd behavior displayed in the top panels. There is no visible Tamil text in the provided image, as the central logo contains only the letters SM, so no translation is required.",Negative,Non-Sarcastic,Non-Vulgar,Non-Abusive,Person
image_tamil_0436.jpg,"This meme features a classic scene from a Tamil movie showcasing two iconic actors, Goundamani and Senthil, engaged in a humorous confrontation. Goundamani, dressed in a red checkered shirt, is seen pointing his finger and scolding a visibly nervous and frightened Senthil, who is wearing a traditional white veshti and shawl. The text at the top of the image is written in Tamil, ""காலம் போன காலத்துல இந்த விளம்பரம் உனக்கு தேவையா?"", which translates to English as, ""At this late stage in your life, do you really need this advertisement?"" The combination of Goundamani's aggressive, authoritative posture and Senthil's submissive, comical expression creates a relatable and funny template often used to mock someone for doing something unnecessary or inappropriate for their age or situation.",Negative,Sarcastic,Non-Vulgar,Non-Abusive,Person
image_tamil_0864.jpg,"This meme contrasts a scene from the movie Boys with a satirical reaction using characters from a different film. In the top panel, a young woman is seen lifting her dress, with the Tamil text translating to the idea that she is lifting her clothes so they do not get wet. The bottom panel features actor Vivek inside a car looking back at her with a comedic, skeptical expression, alongside a woman whose image is edited onto the scene, with the Tamil caption asking, so if you had not lifted it, would your clothes have stayed dry, right. The humor relies on the juxtaposition of a suggestive or practical moment from a movie being playfully challenged by a sarcastic retort about the logic of the action.",Negative,Sarcastic,Non-Vulgar,Non-Abusive,Group
image_tamil_0497.jpg,"This meme features a humorous scene from a Tamil movie where a police officer, played by the actor Goundamani, aggressively grabs the hair of a man with an eccentric mohawk hairstyle who is seated on a motorcycle. The officer has an intense, disgusted expression while looking at the man's hair, while the man appears startled and subdued by the sudden physical interaction. The Tamil text overlay reads ennangada mudi idhu..?? naai nakkuna madhiri, which translates to What kind of hair is this..?? It looks like a dog licked it, serving as a comedic commentary on the absurdity of the character's hairstyle.",Positive,Non-Sarcastic,Non-Vulgar,Non-Abusive,Person
image_tamil_0506.jpg,"The image features a meme based on a literal interpretation of a street name. At the top, there is Tamil text that translates to, ""Where are you? I am standing on Nadu Street, come and pick me up,"" accompanied by two laughing emojis. The bottom half of the image displays a photograph of a blue metal street sign pointing to the left with the words ""நடுத் தெரு"" (Nadu Street) inscribed in both Tamil and English. The humor lies in the play on words, as ""Nadu Theru"" literally translates to ""Middle Street"" or ""the middle of the road"" in Tamil, leading to a comedic situation where someone claims to be waiting in the middle of the street while actually standing at a designated street sign.",Neutral,Sarcastic,Non-Vulgar,Non-Abusive,Other
image_tamil_0620.jpg,"This four-panel meme juxtaposes a romantic proposal scene with comedic stills from Tamil cinema to make a joke about the real-life marriage of actors Arya and Sayyeshaa. The top panels feature a romantic scene where a man kneels to propose to a woman, labeled as Arya and Sayyeshaa respectively. The bottom left panel shows a disheveled man standing in his underwear labeled as Arya, while the bottom right panel shows a woman with her mouth taped shut labeled as Sayyeshaa, accompanied by a Tamil text overlay that translates to, ""Hey, we are already married."" The humor relies on the contrast between the staged, serious romantic tone of the top images and the absurd, reality-check nature of the bottom images, which humorously remind the audience that the two actors are already wedded in real life.",Negative,Sarcastic,Non-Vulgar,Non-Abusive,Person
image_tamil_0299.jpg,"This meme features the popular Tamil comedian Vadivelu in a scene where he appears to be bracing himself or waiting for an impact while standing with his arms outstretched. His facial expression captures a mix of dramatic anticipation, feigned bravery, and slight apprehension. The Tamil text overlay, Iruppa oru position-la ninnukuren, translates to Hold on, I am standing in a position, suggesting a humorous context where the character is preparing for an inevitable or awkward confrontation. The blurry figure of a woman in the background further emphasizes the comedic tension of the scene, which is frequently used in internet culture to depict moments where one is bracing for a difficult task, an argument, or a social encounter.",Negative,Sarcastic,Non-Vulgar,Non-Abusive,Person
image_tamil_0146.jpg,"This meme features two famous Tamil comedians, Vadivelu and T.P. Gajendran, standing outdoors with expressions of bewildered disbelief. Vadivelu, on the left, looks upward with a shocked, open-mouthed expression, while Gajendran, wearing sunglasses on the right, appears equally confused and startled. The Tamil text overlaid at the top translates to, Oh my! Why is the status of people who are not even in our list showing up on ours? The meme humorously captures the annoyance and confusion of seeing social media updates from strangers or unintended contacts, utilizing the actors' iconic comedic reactions to represent the feeling of privacy intrusion or unexpected notifications.",Neutral,Non-Sarcastic,Non-Vulgar,Non-Abusive,Other
image_tamil_0825.jpg,"This image presents a satirical meme criticizing societal double standards regarding public services in Tamil Nadu. The meme features a collage of three photographs: a government school, a government hospital, and a government bus, each accompanied by a text overlay stating that it is shameful or low-class to use these facilities. The final line of text, which translates to asking why people consider it shameful to use these public services while simultaneously demanding that their future son-in-law must be a government employee, serves as a sharp critique of the hypocrisy found in cultural marriage expectations. The visual style is simple and direct, relying entirely on the juxtaposition of the images and the punchline to convey a humorous yet biting social commentary on how government jobs are highly valued for security and status despite a general public disdain for the infrastructure those same government employees sustain.",Negative,Sarcastic,Non-Vulgar,Non-Abusive,Group
image_tamil_0479.jpg,"This meme features a still image of the popular Tamil comedian Vadivelu, who is captured with a strained, subtly pained, and submissive facial expression, often associated with characters who are trying to avoid confrontation. The text overlay is written in Tamil and translates to, We do not go looking for trouble with anyone, nor do we get involved in anyone else's business; we simply mind our own affairs and go our own way. The combination of the actor's resigned look and the text conveys a humorous sentiment about choosing to remain neutral and detached from drama to lead a peaceful life.",Positive,Non-Sarcastic,Non-Vulgar,Non-Abusive,Person
image_tamil_0136.jpg,"This meme features the popular Tamil comedian Vadivelu wearing a patterned shawl wrapped around his head and shoulders, looking upwards with a skeptical, deadpan, and unimpressed facial expression that is frequently used to convey sarcasm or disbelief. The text overlay written in Tamil reads, ""Idhu thaan antha poraliyum sonnan,"" which translates to ""This is exactly what that activist/revolutionary also said,"" highlighting a mocking tone directed at individuals who make grand claims or preachy statements. The image serves as a common template in Tamil social media culture to dismiss pretentious arguments or to express weary irony when someone repeats a cliché or an unconvincing point of view.",Negative,Sarcastic,Non-Vulgar,Non-Abusive,Person
image_tamil_0055.jpg,"This meme features a still from a popular Tamil film comedy scene, showing the actor Vadivelu dressed in a martial arts uniform holding a guitar while looking upward with a comical, melodramatic expression. A young boy stands next to him with an unimpressed or blank facial expression. The top text is a phonetic transliteration of the English phrase ""Tamilisai and Raja both played basketball in my life,"" written in Tamil script. A second overlay of text on the actor reads ""Tamil Nadu BJP,"" implying a satirical commentary on the political party's involvement with figures like Tamilisai Soundararajan and Raja. The image serves as a humorous critique of political dynamics, using Vadivelu's well-known ""acting"" persona to mock the perceived theatrics or incongruity of the political situation described in the caption.",Negative,Sarcastic,Non-Vulgar,Non-Abusive,Person
image_tamil_0306.jpg,"This meme features a widely recognized comedic screenshot of the popular Tamil actor Vadivelu, who appears with a distressed, almost cynical expression, gazing upward with his hands slightly raised as if expressing disbelief or resignation. The superimposed Tamil text translates to, ""It is because he didn't want to see all these things that Sivaji left us so early,"" using a dark, sarcastic tone to imply that the world has become so chaotic or disappointing that the legendary actor Sivaji Ganesan is fortunate to have passed away before witnessing current events. The image serves as a common template in Tamil internet culture for reacting to absurd, frustrating, or unfortunate societal developments with a sense of ironic pessimism.",Negative,Non-Sarcastic,Non-Vulgar,Non-Abusive,Person
image_tamil_0585.jpg,"The image features a meme template using a still from a South Indian film, showing a man with a blank and somewhat blankly contemplative expression sitting next to another person, effectively capturing the feeling of being influenced by cinematic characters. The text overlay at the top and bottom reads ""Whats your ambition it depends on the last movie that I watched,"" capturing the relatable sentiment of how movies temporarily shape one's personality or career aspirations. While the meme originates from a page labeled Fun Pop Tamizha, the main message is in English and requires no translation, highlighting the universal experience of ""90's kids"" who grew up emulating the heroic, tragic, or successful archetypes portrayed by actors like the one pictured.",Negative,Non-Sarcastic,Non-Vulgar,Abusive,Person
image_tamil_0939.png,"The meme features a still image of a woman hosting a cooking show on Jaya TV, captured with an expression of focused concentration while stirring a pan on a stovetop. The text at the top expresses the viewer's frustration, using the Tamil term kadupu to describe the annoyance felt when switching to the channel expecting to see the star-studded audio launch for the film AI, only to find a cooking segment instead. The bottom text translates to now let us see how to make payasam, capturing the anticlimactic humor of expecting high-profile entertainment and being greeted by a mundane instructional cooking demonstration.",Negative,Sarcastic,Non-Vulgar,Non-Abusive,Person
image_tamil_0811.jpg,"This meme features a close-up, slightly grainy image of a man wearing large, rectangular-framed glasses, a style often stereotyped as academic or innocent. His expression is neutral with a subtle, knowing smirk, reinforcing the meme’s theme of a deceptive, harmless-looking exterior. The top text introduces the archetype of a person who appears to be a good boy, while the bottom text concludes that such individuals often engage in mischievous or shady behavior. The phrase kasa musa is a colloquial Tamil term that essentially translates to shady, illicit, or illicitly romantic activities. Together, the imagery and text play on the irony of someone whose mild-mannered appearance masks a much more scandalous or troublemaking personality.",Negative,Sarcastic,Non-Vulgar,Non-Abusive,Other
image_tamil_0710.jpg,"This meme depicts a humorous cultural mashup featuring Daenerys Targaryen from Game of Thrones inserted into a scene from a Tamil movie featuring actor Senthil. The top panels show the actor calling out to Khaleesi in a casual, slightly lewd manner, to which she responds with a questioning expression. The bottom panels show the actor standing in a field of hay next to a photoshopped Daenerys, urging her to prove her title as the Mother of Dragons. The Tamil text translates to Hey Khaleesi, come here, what is it, you are supposedly the Mother of Dragons, so say Dracarys and set this hay on fire. The humor lies in the absurdity of a powerful fantasy queen being asked to perform a menial agricultural task like burning hay in a rustic Indian village setting.",Negative,Sarcastic,Non-Vulgar,Non-Abusive,Person
image_tamil_0078.jpg,"This meme features a famous still of the Tamil comedian Vadivelu dressed in a traditional warrior costume and holding a bow and arrow, a look inspired by his role in the film Marudhamalai. He is making a comical, winking face with a smirk, creating a tone of mock aggression or playful threatening. The Tamil text overlaid at the top translates to, If you post something like this one more time, which serves as a humorous ultimatum or a sarcastic threat used to react to annoying or repetitive social media content.",Negative,Non-Sarcastic,Non-Vulgar,Non-Abusive,Person
image_tamil_0169.jpg,"This meme features a still from a Tamil comedy film showing the actor Vadivelu being held by the collar by another man, who is looking at him with an intense and aggressive expression while Vadivelu appears distressed and anxious. The text overlay translates to Are you going to leave on your own, or should I leave a mark on your face, which serves to emphasize the humorous and aggressive nature of the interaction. The contrast between the menacing physical gesture and the exaggerated dramatic tone of the text is a common trope in Tamil cinema memes used to express playful frustration or a mock threat in social situations.",Positive,Non-Sarcastic,Non-Vulgar,Non-Abusive,Person
image_tamil_0350.jpg,"This meme features a close-up still of the popular Tamil comedian Vadivelu, who appears to be in a state of nervous apprehension or deep hesitation, indicated by his furrowed brow, intent gaze, and his hand held to his mouth as he nervously bites his thumbnail. The text overlay at the top, written in Tamil, reads ""Naama vaaya thorandha vambu varume,"" which translates to ""If I open my mouth, trouble will follow."" The image is frequently used in internet culture to humorously represent situations where a person chooses to stay silent to avoid inviting unnecessary drama, criticism, or unwanted complications.",Negative,Non-Sarcastic,Non-Vulgar,Non-Abusive,Person
image_tamil_0130.jpg,"This meme features a humorous moment from a Tamil film involving the popular comedian Vadivelu, who is shown about to slap a bald man on the head. Vadivelu wears a stern and intense expression while delivering the blow, while the man on the left looks stoic and resigned, highlighting the comedic contrast between the two. The Tamil text overlay at the top reads Mandaiya Polanthuruven, which translates to I will split your head open, a common hyperbolic threat used in a lighthearted or mocking context to emphasize frustration or comedic aggression.",Negative,Non-Sarcastic,Non-Vulgar,Non-Abusive,Other
image_tamil_0376.jpg,"This meme features a close-up shot of the popular Tamil comedian Vadivelu, who wears a skeptical and slightly dismissive facial expression characterized by raised eyebrows and a tightened mouth. The Tamil text overlaid at the top reads, Adhukku enna ippa, which translates to English as So what now or What of it. This classic expression is widely used in social media culture to convey an attitude of indifference, arrogance, or a nonchalant response to someone else's complaint or observation.",Positive,Non-Sarcastic,Non-Vulgar,Non-Abusive,Person
image_tamil_0256.jpg,"The meme features a still from a Tamil film starring the actor Senthil, who is wearing a white skullcap and sporting a downtrodden, crestfallen facial expression as he looks downward with a slightly pouty lip. The text overlay written in Tamil, Ramzanukku Biriyani Keppangale, translates to asking for biryani for the festival of Ramadan. The image captures a sense of humorous disappointment or mock sadness, implying a relatable social situation where one might feel hesitant or rejected when asking for a festive meal from others. A small watermark logo for a Tamil comedy meme website is visible in the lower left corner.",Negative,Sarcastic,Non-Vulgar,Non-Abusive,Person
image_tamil_0905.jpg,"This meme features a split-screen composition that juxtaposes a political statement with a reaction image from Tamil cinema. The top panel shows O. Panneerselvam, the former Deputy Chief Minister of Tamil Nadu, alongside a news graphic containing Tamil text that translates to ""No harm from neutrinos,"" followed by the quote, ""The neutrino project planned in Theni will not cause any harm to the public or wild animals."" The bottom panel displays a popular screen capture of the comedic actor Goundamani, who wears an incredulous and mocking expression while delivering a dialogue that translates to, ""Is this necessary for the five or ten rupees you earn as alms?"" Together, the meme uses the actor's aggressive dismissal to mock and reject the politician's claim regarding the safety of the neutrino project.",Neutral,Sarcastic,Non-Vulgar,Non-Abusive,None
image_tamil_0437.jpg,"This meme features the iconic Tamil comedian Goundamani in a close-up shot, capturing his signature bewildered and exasperated expression as he stares directly into the camera. He is flanked by two other men in the background, creating a comedic scene typical of his classic cinema roles. The Tamil text overlaid at the top, ""செய்யுறதையுஞ் செஞ்சிட்டு முழிக்கிறத்த பாரு,"" translates to ""Look at the way he stares after doing what he did,"" a phrase that perfectly captures the sense of ironic disbelief often found in his punchlines. The image conveys a feeling of mock shock, highlighting the absurdity of someone acting surprised or innocent after committing a blameworthy or foolish act.",Neutral,Sarcastic,Non-Vulgar,Non-Abusive,Person
image_tamil_0449.jpg,"This meme features a close-up, humorous shot of the popular Tamil comedian Vadivelu, known for his distinctive bowl-cut hairstyle and expressive facial acting. His face is contorted in a look of exaggerated indignation, disbelief, and comical shock, emphasizing his character's typical over-the-top personality. The text written in Tamil at the top reads, Vettiya irukkiradhula naan thaan Ph.D vaangiyirukken... enakke pottiya...???, which translates to, I am the one who has received a Ph.D. in being idle/useless... and you are competing with me...??? The meme uses this juxtaposition of the character's pretentious claim to being a master of laziness and his shocked reaction to a perceived challenger to humorously mock someone who tries to compete in an area where the speaker considers themselves an unbeatable expert.",Neutral,Sarcastic,Non-Vulgar,Non-Abusive,Person
image_tamil_0745.jpg,"This image is a two-part comparative meme that juxtaposes a photograph of Indian cricketers Ravichandran Ashwin and KL Rahul with a still of the character Anniyan from the Tamil film of the same name. In the top panels, Ashwin and Rahul are shown smiling warmly toward the camera in a friendly, casual setting. Below them, the bottom panel features a close-up of the character Anniyan, whose face is darkened with heavy theatrical makeup, wearing large metallic earrings, and displaying a wide, menacing, and sharp-toothed grin. The meme uses this contrast to humorously suggest a stark transformation in Ashwin's expression from his usual composed self to a more aggressive, intimidating persona, playing on the dramatic aesthetic of the film character. There is no Tamil text overlay in this image, as the only visible text is the name Jassim and the Five Star logo.",Neutral,Sarcastic,Non-Vulgar,Non-Abusive,Person
image_tamil_0188.jpg,"This image features a black-and-white close-up of a woman looking deeply contemplative and troubled, with her hand resting against her chin in a classic pose of worry. At the top of the frame, a bright red-outlined yellow text overlay in Tamil, which translates to ""Only one worry... what to do??"", perfectly captures the feeling of someone grappling with an unsolvable problem. The somber, dramatic expression of the woman combined with the caption is frequently used in social media memes to humorously depict the frustration of facing minor yet persistent daily dilemmas or moments of intense indecision. A small logo in the bottom-left corner features characters from popular Tamil cinema, identifying this as content from a comedy meme platform.",Negative,Non-Sarcastic,Non-Vulgar,Non-Abusive,Person
image_tamil_0070.jpg,"This meme features two iconic actors, Suriya and Vadivelu, from a classic Tamil film, capturing a comedic moment of impatience. In the top panel, Vadivelu, labeled as Me, gestures toward Suriya and says in Tamil, ""Hey, take it slowly. Look, there is still a year and a half left for Deepavali,"" urging him to pace himself. In the bottom panel, as Suriya, labeled as Patasu (Firecracker), struggles to light a firecracker against the wall, Vadivelu scolds him with, ""Just burst it quickly, you fool. Such a nuisance."" The contrast between Vadivelu's sarcastic exasperation and Suriya's clumsy effort to ignite the firecracker highlights the frustration of a premature or overly eager celebration.",Negative,Non-Sarcastic,Non-Vulgar,Non-Abusive,Person
image_tamil_0538.png,"This meme features two panels comparing the outward appearance of a college to its reality, utilizing a classic scene from the Tamil film Friends featuring actors Vadivelu and Vijay. In the top panel, the two characters are dressed as police officers sitting outside a building, looking somewhat bored or unenthusiastic, representing the underwhelming or deceptive exterior of the educational institution. The bottom panel shows an expansive, empty, and barren field viewed through a window, implying that the college lacks proper infrastructure, facilities, or student life, contrasting the mundane outer facade with a vast, unproductive interior space. The text overlays in English translate to the ironic observation that while the college may look like a standard building from the outside, the experience inside feels vast, empty, and lacking substance.",Neutral,Sarcastic,Non-Vulgar,Non-Abusive,Other
image_tamil_0852.png,"This meme features a still from a scene in the Tamil movie Pudhupettai, where characters are standing in the pouring rain near a gated fence. The man on the far left wears a yellow jacket, the center figure appears frustrated while gesturing with his hands, and the man on the right stands shirtless with a contemplative or defensive expression. The text overlay reads Vignesh shivan in his new pic, which is a satirical jab at the Indian film director, implying that his appearance in a recent photograph bears a resemblance to the disheveled and rain-soaked look of the character on the right in this dramatic cinematic moment.",Neutral,Sarcastic,Non-Vulgar,Non-Abusive,Person
image_tamil_0595.png,"This image combines a promotional poster for the Indian film Darbar with a classic still from a Vadivelu comedy scene to create a humorous comparison. The top panels feature actress Nayanthara from the film poster, displaying an ecstatic, open-mouthed expression of laughter. Below this, the meme juxtaposes her reaction with a familiar scene involving Tamil comedians Vadivelu and the late actor Vivek, both captured mid-laugh. The visual contrast highlights the similarity in the exaggerated, joyful expressions of the actors, playfully suggesting that the actors in the bottom frame are laughing along with or mirroring the expression shown in the film poster. There is no actual Tamil text overlay to translate, as the English text simply identifies the film title Darbar, the lead actor Rajinikanth, and the film's director, A.R. Murugadoss.",Positive,Non-Sarcastic,Non-Vulgar,Non-Abusive,Person
image_tamil_0047.jpg,"This meme features a close-up still of the famous Tamil comedian Goundamani, capturing his character with a skeptical, mildly annoyed, and slightly puzzled facial expression, marked by narrowed eyes and a subtle, questioning tilt of the head. The text overlaid in Tamil reads, Selbi edukkumbodhu aangalin reaction, which translates to Men's reaction when taking a selfie. The combination of the actor's iconic comedic glare and the caption creates a humorous commentary on the perceived reluctance or awkwardness many men feel when participating in selfie sessions.",Neutral,Sarcastic,Non-Vulgar,Non-Abusive,Person
image_tamil_0737.jpg,"This meme humorously illustrates the confident attitude associated with leaving an exam hall early, featuring three sequential panels of the actor Vijay Sethupathi from the movie Vikram Vedha as he adjusts his sunglasses and exits a bank-like building. In the middle frame, a small text box overlays a separate image of a man carrying a water pot with Tamil text that translates to, ""For the person who carries the water pot, this is the cooling glass,"" a local colloquial expression used to describe a sense of swag or bravado. The sequence portrays the character’s steady, focused gaze and calm demeanor, effectively capturing the cool, nonchalant vibe of someone who has finished their test before everyone else and is walking out with an air of superiority.",Negative,Sarcastic,Non-Vulgar,Non-Abusive,Person
image_tamil_0020.jpg,"This meme features a still from a Tamil film showing a man with long, dark hair, a prominent mustache, and traditional religious markings on his forehead, his eyes closed in an expression of pained resignation or deep exasperation. The Tamil text overlay at the top reads idhu thirundhadha jenmam, which translates to this is a hopeless soul or a person who will never change. The combination of his weary facial expression and the caption is commonly used in social media to mock or express frustration toward someone who persists in foolish, repetitive, or annoying behavior despite previous attempts to correct them.",Positive,Non-Sarcastic,Non-Vulgar,Non-Abusive,Person
image_tamil_0536.jpg,"The meme mocks sensationalist clickbait tactics on YouTube by juxtaposing a misleading thumbnail with a classic comedic reaction from a Tamil film. The top portion features an image comparison of director Karthik Subbaraj alongside a woman with similar facial features, accompanied by Tamil text that translates to, Why this disguise? Fans in confusion! and another line asking, What is the reason behind director Karthik Subbaraj's disguise? The bottom panel shows a screenshot of the actor Goundamani looking bewildered and confused, with the caption, Karthi, my disguise?, effectively highlighting the absurdity of fake news channels that spread false rumors about celebrities for views.",Positive,Sarcastic,Non-Vulgar,Non-Abusive,Other
image_tamil_0209.jpg,"This meme features a still of actor Thalapathy Vijay from a Tamil film, capturing him in a pensive, slightly frustrated posture as he looks downward while resting his hand on the back of his head. The Tamil text overlaid at the top, ""அந்த பரதேசி மட்டும் என் கையில கெடைச்சான்..."", translates to English as, ""If only I could get my hands on that rascal/wretch..."", implying a humorous sense of building frustration or a desire for retribution against an unspecified person who has caused annoyance. The combination of the actor's somber, deep-in-thought expression and the colloquial, aggressive tone of the text is commonly used in social media contexts to express exasperation toward someone who has triggered or upset the poster.",Negative,Non-Sarcastic,Non-Vulgar,Non-Abusive,Person
image_tamil_0781.jpg,"This meme captures a humorous contrast between two groups of people, featuring a Tamil text overlay that translates to ""Only love is an orphan, sir."" In the foreground, a man with a thick beard and a woman with an enthusiastic, wide smile are shown in an intimate pose, appearing joyful and close. In the background, circled for emphasis, stands another woman wearing a red sari with a stern, unimpressed, and slightly jealous facial expression as she observes the couple. The image relies on the contrast between the affectionate behavior of the couple and the sour, observant expression of the third person to convey a comedic sense of social awkwardness or loneliness.",Negative,Sarcastic,Non-Vulgar,Non-Abusive,Person
image_tamil_0115.jpg,"The image shows a close-up of a man covering his eyes and forehead with his hand while looking into a mirror, conveying a sense of deep frustration, exasperation, or disbelief. The Tamil text overlay, which translates to ""Where do I go and tell about this atrocity or cruelty,"" reflects a feeling of being overwhelmed by a situation so ridiculous or painful that the speaker feels there is no one left to complain to. The overall tone is one of dramatic resignation, frequently used in social media memes to depict relatable moments of minor life tragedies or unbearable annoyance.",Negative,Non-Sarcastic,Non-Vulgar,Non-Abusive,Other
image_tamil_0606.jpg,"The meme features an upper panel displaying the word FLAMES written in pen on a surface with various letters crossed out, referencing the popular childhood paper-and-pencil fortune-telling game used to predict relationship outcomes. The lower panel shows a popular Tamil cinema comedian, Goundamani, pointing his finger with an intense, annoyed expression, conveying a sense of disbelief or mockery toward those who took the game seriously. The Tamil text, Ithala Unmainu Ninacha Paaru Yenna Seruppala adikanum, translates to If you thought this was real, you should be beaten with a slipper, highlighting a nostalgic but humorous realization that such predictions were merely childish superstitions rather than accurate indicators of one's romantic future.",Neutral,Sarcastic,Non-Vulgar,Non-Abusive,None
image_tamil_0039.jpg,"This meme features a still from a classic Tamil comedy film starring actors Goundamani and Senthil. The image shows the two actors in a close-up shot, with Goundamani on the left looking slightly pained or annoyed, while Senthil on the right sports an expression of realization or mild distress. The Tamil text overlaid at the top translates to, We have already seen all this in Vasantha Maligai, which acts as a sarcastic or humorous way of dismissing a situation as unoriginal, boring, or something that has already been experienced or witnessed in the past, referencing the iconic 1972 Tamil film Vasantha Maligai as a symbol of things that are old or clichéd.",Negative,Sarcastic,Non-Vulgar,Non-Abusive,Person
image_tamil_0963.jpg,"This meme features a top panel with a solid magenta background displaying the text I hate my life in simple white letters. The bottom panel showcases a scene from a Tamil film featuring a man looking upward with a weary and cynical facial expression. The Tamil text overlay, which reads Apro Neeyalam Ena P*** da Uyiroda iruka, translates roughly to Then why the f*** are you still alive, implying a sarcastic and dismissive response to someone complaining about their life. A small inset image of actor Thalapathy Vijay appears in the corner as part of the page branding for Godson Memes, contrasting the dramatic complaint above with a harsh, comedic retort below.",Negative,Sarcastic,Non-Vulgar,Non-Abusive,Person
image_tamil_0008.jpg,"The image features a scene from a Tamil movie starring comedian Vadivelu, who is shown humorously covering another man's eyes with his hand while a third person looks on wearing sunglasses. The scene captures a moment of slapstick comedy characterized by exaggerated, confused facial expressions. The Tamil text overlaid at the top translates to, If you have a flat nose, you will get such thoughts, which is a common comedic trope in regional memes used to mock or poke fun at someone's intelligence or peculiar line of reasoning.",Neutral,Non-Sarcastic,Non-Vulgar,Non-Abusive,None
image_tamil_0808.jpg,"This meme features a split-screen composition that juxtaposes a political statement with a reaction shot from a film. The top portion displays a news graphic of Arjun Sampath, leader of the Hindu Makkal Katchi, criticizing the DMK party’s election manifesto, stating that it is hateful and that the people of Tamil Nadu will no longer be deceived by such promises. Below this, a still from a movie shows actors Santhanam and Arya with expressions of bemusement and ironic resignation. The accompanying Tamil text overlay translates to, It is okay, it is enough if you do not spread hatred yourself. The meme serves as a sarcastic retort, suggesting that the politician’s own rhetoric is more problematic than the manifesto he is criticizing.",Negative,Sarcastic,Non-Vulgar,Non-Abusive,Organization
image_tamil_0523.jpg,"This meme features a light green background with two cartoon characters and Tamil text. At the top left, a ""Be Like Bro"" style character is smoking, while a man wearing sunglasses and a dhoti stands at the bottom right with his arms crossed. The text at the top asks, ""Sagala!! If someone goes to the graveyard at 1 a.m. and takes water from a well there to take a bath, what does it mean?"" The response at the bottom says, ""Because he has Hamam soap!! Why fear when Hamam is there!!"" This is a play on the popular Tamil advertising slogan for Hamam soap, which historically promoted the idea that one has nothing to fear when using their product, subverting a spooky graveyard scenario into a humorous endorsement for the brand.",Neutral,Sarcastic,Non-Vulgar,Non-Abusive,Person
image_tamil_0204.jpg,"This two-panel image features the popular Tamil comedians Senthil and Goundamani in a classic scene from a film. In the top panel, the character played by Senthil appears to be explaining something with a serious or frustrated expression while gesturing with his hands, while Goundamani looks on with a stern, unimpressed glare. In the bottom panel, the roles seem to shift as Senthil is now laughing heartily, and Goundamani looks at him with a confused or skeptical side-glance, creating a contrast between their reactions. A small watermark in the bottom right corner contains the Tamil text for Tamil Comedy Memes along with the website name roflphotos.com.",Negative,Non-Sarcastic,Non-Vulgar,Non-Abusive,Person
image_tamil_0673.jpg,"This meme juxtaposes the persona projected by some individuals on social media against their perceived daily reality. The top portion features text in English and the Tamil word thamizlachi, which translates to a Tamil girl, along with clichés such as my life my rules and haters fuck off to suggest a bold or rebellious online identity. The lower half displays two side-by-side photographs of a young woman sitting on the ground and diligently washing metal cooking pots and dishes in a rustic, outdoor setting. Her facial expression is focused and industrious as she performs these domestic chores, creating a stark contrast with the self-important tone of the text above to imply that the online bravado is inconsistent with a traditional or hardworking lifestyle.",Negative,Sarcastic,Vulgar,Abusive,Group
